--
-- PostgreSQL database dump
--

-- Dumped from database version 12.22 (Ubuntu 12.22-2.pgdg20.04+1)
-- Dumped by pg_dump version 15.13 (Ubuntu 15.13-1.pgdg20.04+1)

SET statement_timeout = 0;
SET lock_timeout = 0;
SET idle_in_transaction_session_timeout = 0;
SET client_encoding = 'UTF8';
SET standard_conforming_strings = on;
SELECT pg_catalog.set_config('search_path', '', false);
SET check_function_bodies = false;
SET xmloption = content;
SET client_min_messages = warning;
SET row_security = off;

--
-- Name: public; Type: SCHEMA; Schema: -; Owner: postgres
--

-- *not* creating schema, since initdb creates it


ALTER SCHEMA public OWNER TO postgres;

SET default_tablespace = '';

SET default_table_access_method = heap;

--
-- Name: account_type; Type: TABLE; Schema: public; Owner: postgres
--

CREATE TABLE public.account_type (
    id bigint NOT NULL,
    name character varying(600),
    description character varying(600),
    deleted integer DEFAULT 0 NOT NULL,
    created_at timestamp(0) without time zone,
    updated_at timestamp(0) without time zone
);


ALTER TABLE public.account_type OWNER TO postgres;

--
-- Name: account_type_id_seq; Type: SEQUENCE; Schema: public; Owner: postgres
--

CREATE SEQUENCE public.account_type_id_seq
    START WITH 1
    INCREMENT BY 1
    NO MINVALUE
    NO MAXVALUE
    CACHE 1;


ALTER TABLE public.account_type_id_seq OWNER TO postgres;

--
-- Name: account_type_id_seq; Type: SEQUENCE OWNED BY; Schema: public; Owner: postgres
--

ALTER SEQUENCE public.account_type_id_seq OWNED BY public.account_type.id;


--
-- Name: activity_type; Type: TABLE; Schema: public; Owner: postgres
--

CREATE TABLE public.activity_type (
    id bigint NOT NULL,
    name character varying(600),
    description character varying(600),
    deleted integer DEFAULT 0 NOT NULL,
    created_at timestamp(0) without time zone,
    updated_at timestamp(0) without time zone,
    account_id integer
);


ALTER TABLE public.activity_type OWNER TO postgres;

--
-- Name: activity_type_id_seq; Type: SEQUENCE; Schema: public; Owner: postgres
--

CREATE SEQUENCE public.activity_type_id_seq
    START WITH 1
    INCREMENT BY 1
    NO MINVALUE
    NO MAXVALUE
    CACHE 1;


ALTER TABLE public.activity_type_id_seq OWNER TO postgres;

--
-- Name: activity_type_id_seq; Type: SEQUENCE OWNED BY; Schema: public; Owner: postgres
--

ALTER SEQUENCE public.activity_type_id_seq OWNED BY public.activity_type.id;


--
-- Name: admin_designation; Type: TABLE; Schema: public; Owner: postgres
--

CREATE TABLE public.admin_designation (
    id bigint NOT NULL,
    name character varying(600) NOT NULL,
    is_deletd integer DEFAULT 0 NOT NULL
);


ALTER TABLE public.admin_designation OWNER TO postgres;

--
-- Name: admin_designation_id_seq; Type: SEQUENCE; Schema: public; Owner: postgres
--

CREATE SEQUENCE public.admin_designation_id_seq
    START WITH 1
    INCREMENT BY 1
    NO MINVALUE
    NO MAXVALUE
    CACHE 1;


ALTER TABLE public.admin_designation_id_seq OWNER TO postgres;

--
-- Name: admin_designation_id_seq; Type: SEQUENCE OWNED BY; Schema: public; Owner: postgres
--

ALTER SEQUENCE public.admin_designation_id_seq OWNED BY public.admin_designation.id;


--
-- Name: amount_type; Type: TABLE; Schema: public; Owner: postgres
--

CREATE TABLE public.amount_type (
    id bigint NOT NULL,
    name character varying(600) NOT NULL
);


ALTER TABLE public.amount_type OWNER TO postgres;

--
-- Name: amount_type_id_seq; Type: SEQUENCE; Schema: public; Owner: postgres
--

CREATE SEQUENCE public.amount_type_id_seq
    START WITH 1
    INCREMENT BY 1
    NO MINVALUE
    NO MAXVALUE
    CACHE 1;


ALTER TABLE public.amount_type_id_seq OWNER TO postgres;

--
-- Name: amount_type_id_seq; Type: SEQUENCE OWNED BY; Schema: public; Owner: postgres
--

ALTER SEQUENCE public.amount_type_id_seq OWNED BY public.amount_type.id;


--
-- Name: app_banners; Type: TABLE; Schema: public; Owner: postgres
--

CREATE TABLE public.app_banners (
    id bigint NOT NULL,
    banner_title character varying(600),
    banner_image character varying(600),
    active integer DEFAULT 1,
    created_by integer DEFAULT 0,
    updated_by integer DEFAULT 0,
    created_at timestamp(0) without time zone,
    updated_at timestamp(0) without time zone,
    category_id integer DEFAULT 0,
    product_id integer DEFAULT 0
);


ALTER TABLE public.app_banners OWNER TO postgres;

--
-- Name: app_banners_id_seq; Type: SEQUENCE; Schema: public; Owner: postgres
--

CREATE SEQUENCE public.app_banners_id_seq
    START WITH 1
    INCREMENT BY 1
    NO MINVALUE
    NO MAXVALUE
    CACHE 1;


ALTER TABLE public.app_banners_id_seq OWNER TO postgres;

--
-- Name: app_banners_id_seq; Type: SEQUENCE OWNED BY; Schema: public; Owner: postgres
--

ALTER SEQUENCE public.app_banners_id_seq OWNED BY public.app_banners.id;


--
-- Name: appointment_times; Type: TABLE; Schema: public; Owner: postgres
--

CREATE TABLE public.appointment_times (
    id bigint NOT NULL,
    name character varying(900) NOT NULL,
    minutes_required integer NOT NULL,
    active character varying(255) DEFAULT '1'::character varying NOT NULL,
    deleted integer DEFAULT 0 NOT NULL,
    created_at timestamp(0) without time zone,
    updated_at timestamp(0) without time zone
);


ALTER TABLE public.appointment_times OWNER TO postgres;

--
-- Name: appointment_times_id_seq; Type: SEQUENCE; Schema: public; Owner: postgres
--

CREATE SEQUENCE public.appointment_times_id_seq
    START WITH 1
    INCREMENT BY 1
    NO MINVALUE
    NO MAXVALUE
    CACHE 1;


ALTER TABLE public.appointment_times_id_seq OWNER TO postgres;

--
-- Name: appointment_times_id_seq; Type: SEQUENCE OWNED BY; Schema: public; Owner: postgres
--

ALTER SEQUENCE public.appointment_times_id_seq OWNED BY public.appointment_times.id;


--
-- Name: appointment_types; Type: TABLE; Schema: public; Owner: postgres
--

CREATE TABLE public.appointment_types (
    id bigint NOT NULL,
    name character varying(900) NOT NULL,
    active character varying(255) DEFAULT '1'::character varying NOT NULL,
    deleted integer DEFAULT 0 NOT NULL,
    created_at timestamp(0) without time zone,
    updated_at timestamp(0) without time zone
);


ALTER TABLE public.appointment_types OWNER TO postgres;

--
-- Name: appointment_types_id_seq; Type: SEQUENCE; Schema: public; Owner: postgres
--

CREATE SEQUENCE public.appointment_types_id_seq
    START WITH 1
    INCREMENT BY 1
    NO MINVALUE
    NO MAXVALUE
    CACHE 1;


ALTER TABLE public.appointment_types_id_seq OWNER TO postgres;

--
-- Name: appointment_types_id_seq; Type: SEQUENCE OWNED BY; Schema: public; Owner: postgres
--

ALTER SEQUENCE public.appointment_types_id_seq OWNED BY public.appointment_types.id;


--
-- Name: articles; Type: TABLE; Schema: public; Owner: postgres
--

CREATE TABLE public.articles (
    id bigint NOT NULL,
    title_en character varying(255),
    title_ar character varying(255),
    status integer DEFAULT 1 NOT NULL,
    desc_en text,
    desc_ar text,
    meta_title text,
    meta_keyword text,
    meta_description text,
    created_at timestamp(0) without time zone,
    updated_at timestamp(0) without time zone
);


ALTER TABLE public.articles OWNER TO postgres;

--
-- Name: articles_id_seq; Type: SEQUENCE; Schema: public; Owner: postgres
--

CREATE SEQUENCE public.articles_id_seq
    START WITH 1
    INCREMENT BY 1
    NO MINVALUE
    NO MAXVALUE
    CACHE 1;


ALTER TABLE public.articles_id_seq OWNER TO postgres;

--
-- Name: articles_id_seq; Type: SEQUENCE OWNED BY; Schema: public; Owner: postgres
--

ALTER SEQUENCE public.articles_id_seq OWNED BY public.articles.id;


--
-- Name: attribute_type; Type: TABLE; Schema: public; Owner: postgres
--

CREATE TABLE public.attribute_type (
    id bigint NOT NULL,
    attribute_type_name character varying(255) NOT NULL,
    attribute_type_uid character varying(50) NOT NULL,
    attribute_type_status integer DEFAULT 1 NOT NULL
);


ALTER TABLE public.attribute_type OWNER TO postgres;

--
-- Name: attribute_type_id_seq; Type: SEQUENCE; Schema: public; Owner: postgres
--

CREATE SEQUENCE public.attribute_type_id_seq
    START WITH 1
    INCREMENT BY 1
    NO MINVALUE
    NO MAXVALUE
    CACHE 1;


ALTER TABLE public.attribute_type_id_seq OWNER TO postgres;

--
-- Name: attribute_type_id_seq; Type: SEQUENCE OWNED BY; Schema: public; Owner: postgres
--

ALTER SEQUENCE public.attribute_type_id_seq OWNED BY public.attribute_type.id;


--
-- Name: attribute_values; Type: TABLE; Schema: public; Owner: postgres
--

CREATE TABLE public.attribute_values (
    id bigint NOT NULL,
    attribute_id integer NOT NULL,
    attribute_values character varying(255) NOT NULL,
    attribute_value_in integer DEFAULT 1 NOT NULL,
    attribute_value_color character varying(30),
    deleted integer DEFAULT 0 NOT NULL,
    created_uid integer NOT NULL,
    updated_uid integer,
    created_at timestamp(0) without time zone,
    updated_at timestamp(0) without time zone
);


ALTER TABLE public.attribute_values OWNER TO postgres;

--
-- Name: attribute_values_id_seq; Type: SEQUENCE; Schema: public; Owner: postgres
--

CREATE SEQUENCE public.attribute_values_id_seq
    START WITH 1
    INCREMENT BY 1
    NO MINVALUE
    NO MAXVALUE
    CACHE 1;


ALTER TABLE public.attribute_values_id_seq OWNER TO postgres;

--
-- Name: attribute_values_id_seq; Type: SEQUENCE OWNED BY; Schema: public; Owner: postgres
--

ALTER SEQUENCE public.attribute_values_id_seq OWNED BY public.attribute_values.id;


--
-- Name: attributes; Type: TABLE; Schema: public; Owner: postgres
--

CREATE TABLE public.attributes (
    id bigint NOT NULL,
    attribute_name character varying(255) NOT NULL,
    active integer DEFAULT 1 NOT NULL,
    attribute_type integer NOT NULL,
    industry_type integer NOT NULL,
    company_id integer DEFAULT 0 NOT NULL,
    store_id integer DEFAULT 0 NOT NULL,
    is_common integer DEFAULT 1 NOT NULL,
    deleted integer DEFAULT 0 NOT NULL,
    created_uid integer NOT NULL,
    updated_uid integer,
    created_at timestamp(0) without time zone,
    updated_at timestamp(0) without time zone
);


ALTER TABLE public.attributes OWNER TO postgres;

--
-- Name: attributes_id_seq; Type: SEQUENCE; Schema: public; Owner: postgres
--

CREATE SEQUENCE public.attributes_id_seq
    START WITH 1
    INCREMENT BY 1
    NO MINVALUE
    NO MAXVALUE
    CACHE 1;


ALTER TABLE public.attributes_id_seq OWNER TO postgres;

--
-- Name: attributes_id_seq; Type: SEQUENCE OWNED BY; Schema: public; Owner: postgres
--

ALTER SEQUENCE public.attributes_id_seq OWNED BY public.attributes.id;


--
-- Name: bad_words; Type: TABLE; Schema: public; Owner: postgres
--

CREATE TABLE public.bad_words (
    id bigint NOT NULL,
    word text NOT NULL,
    created_at timestamp(0) without time zone,
    updated_at timestamp(0) without time zone
);


ALTER TABLE public.bad_words OWNER TO postgres;

--
-- Name: bad_words_id_seq; Type: SEQUENCE; Schema: public; Owner: postgres
--

CREATE SEQUENCE public.bad_words_id_seq
    START WITH 1
    INCREMENT BY 1
    NO MINVALUE
    NO MAXVALUE
    CACHE 1;


ALTER TABLE public.bad_words_id_seq OWNER TO postgres;

--
-- Name: bad_words_id_seq; Type: SEQUENCE OWNED BY; Schema: public; Owner: postgres
--

ALTER SEQUENCE public.bad_words_id_seq OWNED BY public.bad_words.id;


--
-- Name: bank; Type: TABLE; Schema: public; Owner: postgres
--

CREATE TABLE public.bank (
    id bigint NOT NULL,
    name character varying(600) NOT NULL,
    created_at timestamp(0) without time zone,
    updated_at timestamp(0) without time zone
);


ALTER TABLE public.bank OWNER TO postgres;

--
-- Name: bank_code_types; Type: TABLE; Schema: public; Owner: postgres
--

CREATE TABLE public.bank_code_types (
    id bigint NOT NULL,
    name character varying(500),
    country_id integer DEFAULT 0 NOT NULL,
    active integer DEFAULT 0 NOT NULL,
    deleted integer DEFAULT 0 NOT NULL,
    created_at timestamp(0) without time zone,
    updated_at timestamp(0) without time zone
);


ALTER TABLE public.bank_code_types OWNER TO postgres;

--
-- Name: bank_code_types_id_seq; Type: SEQUENCE; Schema: public; Owner: postgres
--

CREATE SEQUENCE public.bank_code_types_id_seq
    START WITH 1
    INCREMENT BY 1
    NO MINVALUE
    NO MAXVALUE
    CACHE 1;


ALTER TABLE public.bank_code_types_id_seq OWNER TO postgres;

--
-- Name: bank_code_types_id_seq; Type: SEQUENCE OWNED BY; Schema: public; Owner: postgres
--

ALTER SEQUENCE public.bank_code_types_id_seq OWNED BY public.bank_code_types.id;


--
-- Name: bank_details; Type: TABLE; Schema: public; Owner: postgres
--

CREATE TABLE public.bank_details (
    id bigint NOT NULL,
    bank_name character varying(600),
    company_account character varying(600),
    code_type integer DEFAULT 0 NOT NULL,
    account_no character varying(600),
    branch_code character varying(300),
    branch_name character varying(300),
    bank_statement_doc character varying(600),
    credit_card_sta_doc character varying(600),
    country integer DEFAULT 0 NOT NULL,
    user_id integer NOT NULL,
    created_at timestamp(0) without time zone,
    updated_at timestamp(0) without time zone,
    iban_code integer
);


ALTER TABLE public.bank_details OWNER TO postgres;

--
-- Name: bank_details_id_seq; Type: SEQUENCE; Schema: public; Owner: postgres
--

CREATE SEQUENCE public.bank_details_id_seq
    START WITH 1
    INCREMENT BY 1
    NO MINVALUE
    NO MAXVALUE
    CACHE 1;


ALTER TABLE public.bank_details_id_seq OWNER TO postgres;

--
-- Name: bank_details_id_seq; Type: SEQUENCE OWNED BY; Schema: public; Owner: postgres
--

ALTER SEQUENCE public.bank_details_id_seq OWNED BY public.bank_details.id;


--
-- Name: bank_id_seq; Type: SEQUENCE; Schema: public; Owner: postgres
--

CREATE SEQUENCE public.bank_id_seq
    START WITH 1
    INCREMENT BY 1
    NO MINVALUE
    NO MAXVALUE
    CACHE 1;


ALTER TABLE public.bank_id_seq OWNER TO postgres;

--
-- Name: bank_id_seq; Type: SEQUENCE OWNED BY; Schema: public; Owner: postgres
--

ALTER SEQUENCE public.bank_id_seq OWNED BY public.bank.id;


--
-- Name: block_users; Type: TABLE; Schema: public; Owner: postgres
--

CREATE TABLE public.block_users (
    id bigint NOT NULL,
    user_id integer NOT NULL,
    blocked_user_id integer NOT NULL,
    created_at timestamp(0) without time zone,
    updated_at timestamp(0) without time zone
);


ALTER TABLE public.block_users OWNER TO postgres;

--
-- Name: block_users_id_seq; Type: SEQUENCE; Schema: public; Owner: postgres
--

CREATE SEQUENCE public.block_users_id_seq
    START WITH 1
    INCREMENT BY 1
    NO MINVALUE
    NO MAXVALUE
    CACHE 1;


ALTER TABLE public.block_users_id_seq OWNER TO postgres;

--
-- Name: block_users_id_seq; Type: SEQUENCE OWNED BY; Schema: public; Owner: postgres
--

ALTER SEQUENCE public.block_users_id_seq OWNED BY public.block_users.id;


--
-- Name: brand; Type: TABLE; Schema: public; Owner: postgres
--

CREATE TABLE public.brand (
    id bigint NOT NULL,
    name character varying(600),
    industry_type integer DEFAULT 0 NOT NULL,
    image character varying(600),
    active integer DEFAULT 0 NOT NULL,
    created_at timestamp(0) without time zone,
    updated_at timestamp(0) without time zone,
    deleted integer DEFAULT 0 NOT NULL
);


ALTER TABLE public.brand OWNER TO postgres;

--
-- Name: brand_id_seq; Type: SEQUENCE; Schema: public; Owner: postgres
--

CREATE SEQUENCE public.brand_id_seq
    START WITH 1
    INCREMENT BY 1
    NO MINVALUE
    NO MAXVALUE
    CACHE 1;


ALTER TABLE public.brand_id_seq OWNER TO postgres;

--
-- Name: brand_id_seq; Type: SEQUENCE OWNED BY; Schema: public; Owner: postgres
--

ALTER SEQUENCE public.brand_id_seq OWNED BY public.brand.id;


--
-- Name: breeds; Type: TABLE; Schema: public; Owner: postgres
--

CREATE TABLE public.breeds (
    id bigint NOT NULL,
    name character varying(600) NOT NULL,
    active character varying(255) DEFAULT '1'::character varying NOT NULL,
    deleted integer DEFAULT 0 NOT NULL,
    created_at timestamp(0) without time zone,
    updated_at timestamp(0) without time zone,
    species integer DEFAULT 0 NOT NULL,
    room_type_id integer DEFAULT 0 NOT NULL,
    appoint_time_id integer DEFAULT 0 NOT NULL
);


ALTER TABLE public.breeds OWNER TO postgres;

--
-- Name: breeds_id_seq; Type: SEQUENCE; Schema: public; Owner: postgres
--

CREATE SEQUENCE public.breeds_id_seq
    START WITH 1
    INCREMENT BY 1
    NO MINVALUE
    NO MAXVALUE
    CACHE 1;


ALTER TABLE public.breeds_id_seq OWNER TO postgres;

--
-- Name: breeds_id_seq; Type: SEQUENCE OWNED BY; Schema: public; Owner: postgres
--

ALTER SEQUENCE public.breeds_id_seq OWNED BY public.breeds.id;


--
-- Name: cart; Type: TABLE; Schema: public; Owner: postgres
--

CREATE TABLE public.cart (
    id bigint NOT NULL,
    product_id integer NOT NULL,
    product_attribute_id integer NOT NULL,
    quantity integer NOT NULL,
    user_id integer DEFAULT 0 NOT NULL,
    store_id integer NOT NULL,
    device_cart_id character varying(500),
    created_at timestamp(0) without time zone,
    updated_at timestamp(0) without time zone
);


ALTER TABLE public.cart OWNER TO postgres;

--
-- Name: cart_food; Type: TABLE; Schema: public; Owner: postgres
--

CREATE TABLE public.cart_food (
    id bigint NOT NULL,
    product_id bigint NOT NULL,
    quantity integer NOT NULL,
    user_id bigint DEFAULT '0'::bigint NOT NULL,
    store_id bigint NOT NULL,
    device_cart_id character varying(500),
    created_at timestamp(0) without time zone,
    updated_at timestamp(0) without time zone
);


ALTER TABLE public.cart_food OWNER TO postgres;

--
-- Name: cart_food_id_seq; Type: SEQUENCE; Schema: public; Owner: postgres
--

CREATE SEQUENCE public.cart_food_id_seq
    START WITH 1
    INCREMENT BY 1
    NO MINVALUE
    NO MAXVALUE
    CACHE 1;


ALTER TABLE public.cart_food_id_seq OWNER TO postgres;

--
-- Name: cart_food_id_seq; Type: SEQUENCE OWNED BY; Schema: public; Owner: postgres
--

ALTER SEQUENCE public.cart_food_id_seq OWNED BY public.cart_food.id;


--
-- Name: cart_id_seq; Type: SEQUENCE; Schema: public; Owner: postgres
--

CREATE SEQUENCE public.cart_id_seq
    START WITH 1
    INCREMENT BY 1
    NO MINVALUE
    NO MAXVALUE
    CACHE 1;


ALTER TABLE public.cart_id_seq OWNER TO postgres;

--
-- Name: cart_id_seq; Type: SEQUENCE OWNED BY; Schema: public; Owner: postgres
--

ALTER SEQUENCE public.cart_id_seq OWNED BY public.cart.id;


--
-- Name: category; Type: TABLE; Schema: public; Owner: postgres
--

CREATE TABLE public.category (
    id bigint NOT NULL,
    name character varying(255) NOT NULL,
    image character varying(1500),
    banner_image character varying(1500),
    parent_id integer DEFAULT 0 NOT NULL,
    active integer DEFAULT 1 NOT NULL,
    deleted integer DEFAULT 0 NOT NULL,
    sort_order integer DEFAULT 0 NOT NULL,
    created_uid integer NOT NULL,
    updated_uid integer,
    created_at timestamp(0) without time zone,
    updated_at timestamp(0) without time zone,
    slug character varying(255) DEFAULT ''::character varying
);


ALTER TABLE public.category OWNER TO postgres;

--
-- Name: category_id_seq; Type: SEQUENCE; Schema: public; Owner: postgres
--

CREATE SEQUENCE public.category_id_seq
    START WITH 1
    INCREMENT BY 1
    NO MINVALUE
    NO MAXVALUE
    CACHE 1;


ALTER TABLE public.category_id_seq OWNER TO postgres;

--
-- Name: category_id_seq; Type: SEQUENCE OWNED BY; Schema: public; Owner: postgres
--

ALTER SEQUENCE public.category_id_seq OWNED BY public.category.id;


--
-- Name: cities; Type: TABLE; Schema: public; Owner: postgres
--

CREATE TABLE public.cities (
    id bigint NOT NULL,
    name character varying(100) NOT NULL,
    active smallint DEFAULT '1'::smallint NOT NULL,
    country_id integer NOT NULL,
    state_id integer NOT NULL,
    created_uid bigint,
    updated_uid bigint,
    deleted integer DEFAULT 0 NOT NULL,
    created_at timestamp(0) without time zone,
    updated_at timestamp(0) without time zone,
    delivery_charge double precision DEFAULT '0'::double precision NOT NULL
);


ALTER TABLE public.cities OWNER TO postgres;

--
-- Name: cities_id_seq; Type: SEQUENCE; Schema: public; Owner: postgres
--

CREATE SEQUENCE public.cities_id_seq
    START WITH 1
    INCREMENT BY 1
    NO MINVALUE
    NO MAXVALUE
    CACHE 1;


ALTER TABLE public.cities_id_seq OWNER TO postgres;

--
-- Name: cities_id_seq; Type: SEQUENCE OWNED BY; Schema: public; Owner: postgres
--

ALTER SEQUENCE public.cities_id_seq OWNED BY public.cities.id;


--
-- Name: comment_likes; Type: TABLE; Schema: public; Owner: postgres
--

CREATE TABLE public.comment_likes (
    id bigint NOT NULL,
    comment_id integer NOT NULL,
    user_id integer NOT NULL,
    created_at timestamp(0) without time zone,
    updated_at timestamp(0) without time zone
);


ALTER TABLE public.comment_likes OWNER TO postgres;

--
-- Name: comment_likes_id_seq; Type: SEQUENCE; Schema: public; Owner: postgres
--

CREATE SEQUENCE public.comment_likes_id_seq
    START WITH 1
    INCREMENT BY 1
    NO MINVALUE
    NO MAXVALUE
    CACHE 1;


ALTER TABLE public.comment_likes_id_seq OWNER TO postgres;

--
-- Name: comment_likes_id_seq; Type: SEQUENCE OWNED BY; Schema: public; Owner: postgres
--

ALTER SEQUENCE public.comment_likes_id_seq OWNED BY public.comment_likes.id;


--
-- Name: comment_taged_users; Type: TABLE; Schema: public; Owner: postgres
--

CREATE TABLE public.comment_taged_users (
    id bigint NOT NULL,
    comment_id integer NOT NULL,
    user_id integer NOT NULL
);


ALTER TABLE public.comment_taged_users OWNER TO postgres;

--
-- Name: comment_taged_users_id_seq; Type: SEQUENCE; Schema: public; Owner: postgres
--

CREATE SEQUENCE public.comment_taged_users_id_seq
    START WITH 1
    INCREMENT BY 1
    NO MINVALUE
    NO MAXVALUE
    CACHE 1;


ALTER TABLE public.comment_taged_users_id_seq OWNER TO postgres;

--
-- Name: comment_taged_users_id_seq; Type: SEQUENCE OWNED BY; Schema: public; Owner: postgres
--

ALTER SEQUENCE public.comment_taged_users_id_seq OWNED BY public.comment_taged_users.id;


--
-- Name: contact_us; Type: TABLE; Schema: public; Owner: postgres
--

CREATE TABLE public.contact_us (
    id bigint NOT NULL,
    name character varying(400),
    email character varying(200),
    dial_code character varying(255),
    mobile character varying(255),
    message text,
    created_at timestamp(0) without time zone,
    updated_at timestamp(0) without time zone
);


ALTER TABLE public.contact_us OWNER TO postgres;

--
-- Name: contact_us_id_seq; Type: SEQUENCE; Schema: public; Owner: postgres
--

CREATE SEQUENCE public.contact_us_id_seq
    START WITH 1
    INCREMENT BY 1
    NO MINVALUE
    NO MAXVALUE
    CACHE 1;


ALTER TABLE public.contact_us_id_seq OWNER TO postgres;

--
-- Name: contact_us_id_seq; Type: SEQUENCE OWNED BY; Schema: public; Owner: postgres
--

ALTER SEQUENCE public.contact_us_id_seq OWNED BY public.contact_us.id;


--
-- Name: contact_us_settings; Type: TABLE; Schema: public; Owner: postgres
--

CREATE TABLE public.contact_us_settings (
    id bigint NOT NULL,
    title_en character varying(300),
    title_ar character varying(300),
    email character varying(300),
    mobile character varying(50),
    desc_en text,
    desc_ar text,
    location text,
    latitude text,
    longitude text,
    twitter character varying(600),
    instagram character varying(600),
    facebook character varying(600),
    youtube character varying(600),
    linkedin character varying(600),
    created_at timestamp(0) without time zone,
    updated_at timestamp(0) without time zone,
    pet_size_info text DEFAULT ''::text
);


ALTER TABLE public.contact_us_settings OWNER TO postgres;

--
-- Name: contact_us_settings_id_seq; Type: SEQUENCE; Schema: public; Owner: postgres
--

CREATE SEQUENCE public.contact_us_settings_id_seq
    START WITH 1
    INCREMENT BY 1
    NO MINVALUE
    NO MAXVALUE
    CACHE 1;


ALTER TABLE public.contact_us_settings_id_seq OWNER TO postgres;

--
-- Name: contact_us_settings_id_seq; Type: SEQUENCE OWNED BY; Schema: public; Owner: postgres
--

ALTER SEQUENCE public.contact_us_settings_id_seq OWNED BY public.contact_us_settings.id;


--
-- Name: country; Type: TABLE; Schema: public; Owner: postgres
--

CREATE TABLE public.country (
    id bigint NOT NULL,
    name character varying(1500) NOT NULL,
    prefix character varying(20) NOT NULL,
    dial_code character varying(100) NOT NULL,
    active character varying(255) DEFAULT '1'::character varying NOT NULL,
    created_at timestamp(0) without time zone,
    updated_at timestamp(0) without time zone,
    deleted smallint DEFAULT '0'::smallint NOT NULL
);


ALTER TABLE public.country OWNER TO postgres;

--
-- Name: country_id_seq; Type: SEQUENCE; Schema: public; Owner: postgres
--

CREATE SEQUENCE public.country_id_seq
    START WITH 1
    INCREMENT BY 1
    NO MINVALUE
    NO MAXVALUE
    CACHE 1;


ALTER TABLE public.country_id_seq OWNER TO postgres;

--
-- Name: country_id_seq; Type: SEQUENCE OWNED BY; Schema: public; Owner: postgres
--

ALTER SEQUENCE public.country_id_seq OWNED BY public.country.id;


--
-- Name: coupon; Type: TABLE; Schema: public; Owner: postgres
--

CREATE TABLE public.coupon (
    coupon_id bigint NOT NULL,
    coupon_title character varying(600),
    coupon_description text,
    coupon_end_date timestamp(0) without time zone,
    coupon_amount double precision,
    coupon_minimum_spend double precision,
    coupon_maximum_spend double precision,
    coupon_usage_percoupon double precision,
    coupon_usage_perx double precision,
    coupon_usage_peruser double precision,
    coupon_created_date timestamp(0) without time zone,
    coupon_vender_id integer DEFAULT 0 NOT NULL,
    coupon_code character varying(100),
    coupon_status integer DEFAULT 0 NOT NULL,
    individual_use integer DEFAULT 0 NOT NULL,
    amount_type integer DEFAULT 0 NOT NULL,
    created_at timestamp(0) without time zone,
    updated_at timestamp(0) without time zone,
    applied_to integer DEFAULT 0 NOT NULL,
    start_date timestamp(0) without time zone,
    minimum_amount double precision
);


ALTER TABLE public.coupon OWNER TO postgres;

--
-- Name: coupon_category; Type: TABLE; Schema: public; Owner: postgres
--

CREATE TABLE public.coupon_category (
    id bigint NOT NULL,
    coupon_id integer DEFAULT 0 NOT NULL,
    category_id integer DEFAULT 0 NOT NULL
);


ALTER TABLE public.coupon_category OWNER TO postgres;

--
-- Name: coupon_category_id_seq; Type: SEQUENCE; Schema: public; Owner: postgres
--

CREATE SEQUENCE public.coupon_category_id_seq
    START WITH 1
    INCREMENT BY 1
    NO MINVALUE
    NO MAXVALUE
    CACHE 1;


ALTER TABLE public.coupon_category_id_seq OWNER TO postgres;

--
-- Name: coupon_category_id_seq; Type: SEQUENCE OWNED BY; Schema: public; Owner: postgres
--

ALTER SEQUENCE public.coupon_category_id_seq OWNED BY public.coupon_category.id;


--
-- Name: coupon_coupon_id_seq; Type: SEQUENCE; Schema: public; Owner: postgres
--

CREATE SEQUENCE public.coupon_coupon_id_seq
    START WITH 1
    INCREMENT BY 1
    NO MINVALUE
    NO MAXVALUE
    CACHE 1;


ALTER TABLE public.coupon_coupon_id_seq OWNER TO postgres;

--
-- Name: coupon_coupon_id_seq; Type: SEQUENCE OWNED BY; Schema: public; Owner: postgres
--

ALTER SEQUENCE public.coupon_coupon_id_seq OWNED BY public.coupon.coupon_id;


--
-- Name: coupon_histories; Type: TABLE; Schema: public; Owner: postgres
--

CREATE TABLE public.coupon_histories (
    id bigint NOT NULL,
    order_id integer NOT NULL,
    coupon_id integer NOT NULL,
    user_id integer NOT NULL,
    coupon_code character varying(255) NOT NULL,
    discount double precision DEFAULT '0'::double precision NOT NULL,
    created_at timestamp(0) without time zone,
    updated_at timestamp(0) without time zone
);


ALTER TABLE public.coupon_histories OWNER TO postgres;

--
-- Name: coupon_histories_id_seq; Type: SEQUENCE; Schema: public; Owner: postgres
--

CREATE SEQUENCE public.coupon_histories_id_seq
    START WITH 1
    INCREMENT BY 1
    NO MINVALUE
    NO MAXVALUE
    CACHE 1;


ALTER TABLE public.coupon_histories_id_seq OWNER TO postgres;

--
-- Name: coupon_histories_id_seq; Type: SEQUENCE OWNED BY; Schema: public; Owner: postgres
--

ALTER SEQUENCE public.coupon_histories_id_seq OWNED BY public.coupon_histories.id;


--
-- Name: coupon_products; Type: TABLE; Schema: public; Owner: postgres
--

CREATE TABLE public.coupon_products (
    id bigint NOT NULL,
    product_id integer NOT NULL,
    coupon_id integer NOT NULL,
    created_at timestamp(0) without time zone,
    updated_at timestamp(0) without time zone
);


ALTER TABLE public.coupon_products OWNER TO postgres;

--
-- Name: coupon_products_id_seq; Type: SEQUENCE; Schema: public; Owner: postgres
--

CREATE SEQUENCE public.coupon_products_id_seq
    START WITH 1
    INCREMENT BY 1
    NO MINVALUE
    NO MAXVALUE
    CACHE 1;


ALTER TABLE public.coupon_products_id_seq OWNER TO postgres;

--
-- Name: coupon_products_id_seq; Type: SEQUENCE OWNED BY; Schema: public; Owner: postgres
--

ALTER SEQUENCE public.coupon_products_id_seq OWNED BY public.coupon_products.id;


--
-- Name: db_notifications; Type: TABLE; Schema: public; Owner: postgres
--

CREATE TABLE public.db_notifications (
    id bigint NOT NULL,
    type text,
    notifiable_type text,
    notifiable_id integer DEFAULT 0 NOT NULL,
    related_to character varying(255),
    data text,
    read_at timestamp(0) without time zone,
    created_at timestamp(0) without time zone,
    updated_at timestamp(0) without time zone
);


ALTER TABLE public.db_notifications OWNER TO postgres;

--
-- Name: db_notifications_id_seq; Type: SEQUENCE; Schema: public; Owner: postgres
--

CREATE SEQUENCE public.db_notifications_id_seq
    START WITH 1
    INCREMENT BY 1
    NO MINVALUE
    NO MAXVALUE
    CACHE 1;


ALTER TABLE public.db_notifications_id_seq OWNER TO postgres;

--
-- Name: db_notifications_id_seq; Type: SEQUENCE OWNED BY; Schema: public; Owner: postgres
--

ALTER SEQUENCE public.db_notifications_id_seq OWNED BY public.db_notifications.id;


--
-- Name: deligates; Type: TABLE; Schema: public; Owner: postgres
--

CREATE TABLE public.deligates (
    id bigint NOT NULL,
    deligate_name character varying(255) NOT NULL,
    deligate_icon character varying(255) NOT NULL,
    deligate_status character varying(255) NOT NULL,
    created_at timestamp(0) without time zone,
    updated_at timestamp(0) without time zone,
    shipping_charge double precision DEFAULT '0'::double precision NOT NULL
);


ALTER TABLE public.deligates OWNER TO postgres;

--
-- Name: deligates_id_seq; Type: SEQUENCE; Schema: public; Owner: postgres
--

CREATE SEQUENCE public.deligates_id_seq
    START WITH 1
    INCREMENT BY 1
    NO MINVALUE
    NO MAXVALUE
    CACHE 1;


ALTER TABLE public.deligates_id_seq OWNER TO postgres;

--
-- Name: deligates_id_seq; Type: SEQUENCE OWNED BY; Schema: public; Owner: postgres
--

ALTER SEQUENCE public.deligates_id_seq OWNED BY public.deligates.id;


--
-- Name: designations; Type: TABLE; Schema: public; Owner: postgres
--

CREATE TABLE public.designations (
    id bigint NOT NULL,
    user_id bigint,
    user_type integer DEFAULT 0 NOT NULL,
    designation character varying(255) NOT NULL,
    status smallint DEFAULT '1'::smallint NOT NULL,
    created_at timestamp(0) without time zone,
    updated_at timestamp(0) without time zone,
    deleted_at timestamp(0) without time zone
);


ALTER TABLE public.designations OWNER TO postgres;

--
-- Name: designations_id_seq; Type: SEQUENCE; Schema: public; Owner: postgres
--

CREATE SEQUENCE public.designations_id_seq
    START WITH 1
    INCREMENT BY 1
    NO MINVALUE
    NO MAXVALUE
    CACHE 1;


ALTER TABLE public.designations_id_seq OWNER TO postgres;

--
-- Name: designations_id_seq; Type: SEQUENCE OWNED BY; Schema: public; Owner: postgres
--

ALTER SEQUENCE public.designations_id_seq OWNED BY public.designations.id;


--
-- Name: doctor_calender_temps; Type: TABLE; Schema: public; Owner: postgres
--

CREATE TABLE public.doctor_calender_temps (
    id bigint NOT NULL,
    doctor_id integer DEFAULT 0 NOT NULL,
    event_date date NOT NULL,
    start_time time(0) without time zone NOT NULL,
    end_time time(0) without time zone NOT NULL,
    device_id character varying(255) NOT NULL,
    event_title character varying(255),
    created_at timestamp(0) without time zone,
    updated_at timestamp(0) without time zone
);


ALTER TABLE public.doctor_calender_temps OWNER TO postgres;

--
-- Name: doctor_calender_temps_id_seq; Type: SEQUENCE; Schema: public; Owner: postgres
--

CREATE SEQUENCE public.doctor_calender_temps_id_seq
    START WITH 1
    INCREMENT BY 1
    NO MINVALUE
    NO MAXVALUE
    CACHE 1;


ALTER TABLE public.doctor_calender_temps_id_seq OWNER TO postgres;

--
-- Name: doctor_calender_temps_id_seq; Type: SEQUENCE OWNED BY; Schema: public; Owner: postgres
--

ALTER SEQUENCE public.doctor_calender_temps_id_seq OWNED BY public.doctor_calender_temps.id;


--
-- Name: doctor_calenders; Type: TABLE; Schema: public; Owner: postgres
--

CREATE TABLE public.doctor_calenders (
    id bigint NOT NULL,
    doctor_id integer NOT NULL,
    event_date date NOT NULL,
    start_time time(0) without time zone NOT NULL,
    end_time time(0) without time zone NOT NULL,
    event_title character varying(255),
    created_at timestamp(0) without time zone,
    updated_at timestamp(0) without time zone
);


ALTER TABLE public.doctor_calenders OWNER TO postgres;

--
-- Name: doctor_calenders_id_seq; Type: SEQUENCE; Schema: public; Owner: postgres
--

CREATE SEQUENCE public.doctor_calenders_id_seq
    START WITH 1
    INCREMENT BY 1
    NO MINVALUE
    NO MAXVALUE
    CACHE 1;


ALTER TABLE public.doctor_calenders_id_seq OWNER TO postgres;

--
-- Name: doctor_calenders_id_seq; Type: SEQUENCE OWNED BY; Schema: public; Owner: postgres
--

ALTER SEQUENCE public.doctor_calenders_id_seq OWNED BY public.doctor_calenders.id;


--
-- Name: doctors; Type: TABLE; Schema: public; Owner: postgres
--

CREATE TABLE public.doctors (
    id bigint NOT NULL,
    name character varying(900) NOT NULL,
    sunday integer DEFAULT 0 NOT NULL,
    sun_from character varying(255),
    sun_to character varying(255),
    monday integer DEFAULT 0 NOT NULL,
    mon_from character varying(255),
    mon_to character varying(255),
    tuesday integer DEFAULT 0 NOT NULL,
    tues_from character varying(255),
    tues_to character varying(255),
    wednesday integer DEFAULT 0 NOT NULL,
    wed_from character varying(255),
    wed_to character varying(255),
    thursday integer DEFAULT 0 NOT NULL,
    thurs_from character varying(255),
    thurs_to character varying(255),
    friday integer DEFAULT 0 NOT NULL,
    fri_from character varying(255),
    fri_to character varying(255),
    saturday integer DEFAULT 0 NOT NULL,
    sat_from character varying(255),
    sat_to character varying(255),
    vendor integer DEFAULT 0 NOT NULL,
    active character varying(255) DEFAULT '1'::character varying NOT NULL,
    deleted integer DEFAULT 0 NOT NULL,
    created_at timestamp(0) without time zone,
    updated_at timestamp(0) without time zone,
    type integer DEFAULT 0 NOT NULL,
    qualification character varying(1000),
    image text,
    document text,
    user_id integer DEFAULT 0
);


ALTER TABLE public.doctors OWNER TO postgres;

--
-- Name: doctors_id_seq; Type: SEQUENCE; Schema: public; Owner: postgres
--

CREATE SEQUENCE public.doctors_id_seq
    START WITH 1
    INCREMENT BY 1
    NO MINVALUE
    NO MAXVALUE
    CACHE 1;


ALTER TABLE public.doctors_id_seq OWNER TO postgres;

--
-- Name: doctors_id_seq; Type: SEQUENCE OWNED BY; Schema: public; Owner: postgres
--

ALTER SEQUENCE public.doctors_id_seq OWNED BY public.doctors.id;


--
-- Name: doggy_play_time_dates; Type: TABLE; Schema: public; Owner: postgres
--

CREATE TABLE public.doggy_play_time_dates (
    id bigint NOT NULL,
    vendor_id integer NOT NULL,
    service_id integer NOT NULL,
    date timestamp(0) without time zone NOT NULL,
    price character varying(255) DEFAULT '0'::character varying NOT NULL,
    total_seats integer DEFAULT 0 NOT NULL,
    seats integer DEFAULT 0 NOT NULL,
    guests_booking integer DEFAULT 0 NOT NULL,
    time_start time(0) without time zone,
    time_end time(0) without time zone,
    deleted_at timestamp(0) without time zone,
    created_at timestamp(0) without time zone,
    updated_at timestamp(0) without time zone,
    slote character varying(600),
    total_seats_medium integer DEFAULT 0 NOT NULL,
    total_seats_big integer DEFAULT 0 NOT NULL
);


ALTER TABLE public.doggy_play_time_dates OWNER TO postgres;

--
-- Name: doggy_play_time_dates_id_seq; Type: SEQUENCE; Schema: public; Owner: postgres
--

CREATE SEQUENCE public.doggy_play_time_dates_id_seq
    START WITH 1
    INCREMENT BY 1
    NO MINVALUE
    NO MAXVALUE
    CACHE 1;


ALTER TABLE public.doggy_play_time_dates_id_seq OWNER TO postgres;

--
-- Name: doggy_play_time_dates_id_seq; Type: SEQUENCE OWNED BY; Schema: public; Owner: postgres
--

ALTER SEQUENCE public.doggy_play_time_dates_id_seq OWNED BY public.doggy_play_time_dates.id;


--
-- Name: doggy_play_time_temp_bookings; Type: TABLE; Schema: public; Owner: postgres
--

CREATE TABLE public.doggy_play_time_temp_bookings (
    id bigint NOT NULL,
    user_id text,
    vendor_id text,
    service_id text,
    total text,
    request_data text,
    payment_id text,
    payment_status text,
    receipt_url text,
    payment_response text,
    created_at timestamp(0) without time zone,
    updated_at timestamp(0) without time zone
);


ALTER TABLE public.doggy_play_time_temp_bookings OWNER TO postgres;

--
-- Name: doggy_play_time_temp_bookings_id_seq; Type: SEQUENCE; Schema: public; Owner: postgres
--

CREATE SEQUENCE public.doggy_play_time_temp_bookings_id_seq
    START WITH 1
    INCREMENT BY 1
    NO MINVALUE
    NO MAXVALUE
    CACHE 1;


ALTER TABLE public.doggy_play_time_temp_bookings_id_seq OWNER TO postgres;

--
-- Name: doggy_play_time_temp_bookings_id_seq; Type: SEQUENCE OWNED BY; Schema: public; Owner: postgres
--

ALTER SEQUENCE public.doggy_play_time_temp_bookings_id_seq OWNED BY public.doggy_play_time_temp_bookings.id;


--
-- Name: failed_jobs; Type: TABLE; Schema: public; Owner: postgres
--

CREATE TABLE public.failed_jobs (
    id bigint NOT NULL,
    uuid character varying(255) NOT NULL,
    connection text NOT NULL,
    queue text NOT NULL,
    payload text NOT NULL,
    exception text NOT NULL,
    failed_at timestamp(0) without time zone DEFAULT CURRENT_TIMESTAMP NOT NULL
);


ALTER TABLE public.failed_jobs OWNER TO postgres;

--
-- Name: failed_jobs_id_seq; Type: SEQUENCE; Schema: public; Owner: postgres
--

CREATE SEQUENCE public.failed_jobs_id_seq
    START WITH 1
    INCREMENT BY 1
    NO MINVALUE
    NO MAXVALUE
    CACHE 1;


ALTER TABLE public.failed_jobs_id_seq OWNER TO postgres;

--
-- Name: failed_jobs_id_seq; Type: SEQUENCE OWNED BY; Schema: public; Owner: postgres
--

ALTER SEQUENCE public.failed_jobs_id_seq OWNED BY public.failed_jobs.id;


--
-- Name: faq; Type: TABLE; Schema: public; Owner: postgres
--

CREATE TABLE public.faq (
    id bigint NOT NULL,
    title character varying(600),
    description text,
    created_by integer DEFAULT 0 NOT NULL,
    updated_by integer DEFAULT 0 NOT NULL,
    active integer DEFAULT 0 NOT NULL,
    created_at timestamp(0) without time zone,
    updated_at timestamp(0) without time zone
);


ALTER TABLE public.faq OWNER TO postgres;

--
-- Name: faq_id_seq; Type: SEQUENCE; Schema: public; Owner: postgres
--

CREATE SEQUENCE public.faq_id_seq
    START WITH 1
    INCREMENT BY 1
    NO MINVALUE
    NO MAXVALUE
    CACHE 1;


ALTER TABLE public.faq_id_seq OWNER TO postgres;

--
-- Name: faq_id_seq; Type: SEQUENCE OWNED BY; Schema: public; Owner: postgres
--

ALTER SEQUENCE public.faq_id_seq OWNED BY public.faq.id;


--
-- Name: favourite_moda_items; Type: TABLE; Schema: public; Owner: postgres
--

CREATE TABLE public.favourite_moda_items (
    id bigint NOT NULL,
    fav_id integer NOT NULL,
    product_id integer NOT NULL,
    product_attribute_id integer NOT NULL,
    moda_sub_category integer NOT NULL,
    user_id integer NOT NULL,
    created_at timestamp(0) without time zone,
    updated_at timestamp(0) without time zone,
    moda_category integer NOT NULL
);


ALTER TABLE public.favourite_moda_items OWNER TO postgres;

--
-- Name: favourite_moda_items_id_seq; Type: SEQUENCE; Schema: public; Owner: postgres
--

CREATE SEQUENCE public.favourite_moda_items_id_seq
    START WITH 1
    INCREMENT BY 1
    NO MINVALUE
    NO MAXVALUE
    CACHE 1;


ALTER TABLE public.favourite_moda_items_id_seq OWNER TO postgres;

--
-- Name: favourite_moda_items_id_seq; Type: SEQUENCE OWNED BY; Schema: public; Owner: postgres
--

ALTER SEQUENCE public.favourite_moda_items_id_seq OWNED BY public.favourite_moda_items.id;


--
-- Name: favourite_modas; Type: TABLE; Schema: public; Owner: postgres
--

CREATE TABLE public.favourite_modas (
    id bigint NOT NULL,
    moda_id integer NOT NULL,
    user_id integer NOT NULL,
    created_at timestamp(0) without time zone,
    updated_at timestamp(0) without time zone
);


ALTER TABLE public.favourite_modas OWNER TO postgres;

--
-- Name: favourite_modas_id_seq; Type: SEQUENCE; Schema: public; Owner: postgres
--

CREATE SEQUENCE public.favourite_modas_id_seq
    START WITH 1
    INCREMENT BY 1
    NO MINVALUE
    NO MAXVALUE
    CACHE 1;


ALTER TABLE public.favourite_modas_id_seq OWNER TO postgres;

--
-- Name: favourite_modas_id_seq; Type: SEQUENCE OWNED BY; Schema: public; Owner: postgres
--

ALTER SEQUENCE public.favourite_modas_id_seq OWNED BY public.favourite_modas.id;


--
-- Name: feeding_schedules; Type: TABLE; Schema: public; Owner: postgres
--

CREATE TABLE public.feeding_schedules (
    id bigint NOT NULL,
    name character varying(900) NOT NULL,
    active character varying(255) DEFAULT '1'::character varying NOT NULL,
    deleted integer DEFAULT 0 NOT NULL,
    created_at timestamp(0) without time zone,
    updated_at timestamp(0) without time zone
);


ALTER TABLE public.feeding_schedules OWNER TO postgres;

--
-- Name: feeding_schedules_id_seq; Type: SEQUENCE; Schema: public; Owner: postgres
--

CREATE SEQUENCE public.feeding_schedules_id_seq
    START WITH 1
    INCREMENT BY 1
    NO MINVALUE
    NO MAXVALUE
    CACHE 1;


ALTER TABLE public.feeding_schedules_id_seq OWNER TO postgres;

--
-- Name: feeding_schedules_id_seq; Type: SEQUENCE OWNED BY; Schema: public; Owner: postgres
--

ALTER SEQUENCE public.feeding_schedules_id_seq OWNED BY public.feeding_schedules.id;


--
-- Name: food_categories; Type: TABLE; Schema: public; Owner: postgres
--

CREATE TABLE public.food_categories (
    id bigint NOT NULL,
    name character varying(255) NOT NULL,
    image text,
    banner_image text,
    parent_id integer DEFAULT 0 NOT NULL,
    active integer DEFAULT 1 NOT NULL,
    deleted integer DEFAULT 0 NOT NULL,
    sort_order integer DEFAULT 0 NOT NULL,
    created_uid integer NOT NULL,
    updated_uid integer,
    created_at timestamp(0) without time zone,
    updated_at timestamp(0) without time zone
);


ALTER TABLE public.food_categories OWNER TO postgres;

--
-- Name: food_categories_id_seq; Type: SEQUENCE; Schema: public; Owner: postgres
--

CREATE SEQUENCE public.food_categories_id_seq
    START WITH 1
    INCREMENT BY 1
    NO MINVALUE
    NO MAXVALUE
    CACHE 1;


ALTER TABLE public.food_categories_id_seq OWNER TO postgres;

--
-- Name: food_categories_id_seq; Type: SEQUENCE OWNED BY; Schema: public; Owner: postgres
--

ALTER SEQUENCE public.food_categories_id_seq OWNED BY public.food_categories.id;


--
-- Name: food_category_products; Type: TABLE; Schema: public; Owner: postgres
--

CREATE TABLE public.food_category_products (
    id bigint NOT NULL,
    food_category_id bigint NOT NULL,
    food_product_id bigint NOT NULL,
    created_at timestamp(0) without time zone,
    updated_at timestamp(0) without time zone
);


ALTER TABLE public.food_category_products OWNER TO postgres;

--
-- Name: food_category_products_id_seq; Type: SEQUENCE; Schema: public; Owner: postgres
--

CREATE SEQUENCE public.food_category_products_id_seq
    START WITH 1
    INCREMENT BY 1
    NO MINVALUE
    NO MAXVALUE
    CACHE 1;


ALTER TABLE public.food_category_products_id_seq OWNER TO postgres;

--
-- Name: food_category_products_id_seq; Type: SEQUENCE OWNED BY; Schema: public; Owner: postgres
--

ALTER SEQUENCE public.food_category_products_id_seq OWNED BY public.food_category_products.id;


--
-- Name: food_headings; Type: TABLE; Schema: public; Owner: postgres
--

CREATE TABLE public.food_headings (
    id bigint NOT NULL,
    name character varying(255) NOT NULL,
    active smallint DEFAULT '1'::smallint NOT NULL,
    deleted smallint DEFAULT '0'::smallint NOT NULL,
    created_at timestamp(0) without time zone,
    updated_at timestamp(0) without time zone
);


ALTER TABLE public.food_headings OWNER TO postgres;

--
-- Name: food_headings_id_seq; Type: SEQUENCE; Schema: public; Owner: postgres
--

CREATE SEQUENCE public.food_headings_id_seq
    START WITH 1
    INCREMENT BY 1
    NO MINVALUE
    NO MAXVALUE
    CACHE 1;


ALTER TABLE public.food_headings_id_seq OWNER TO postgres;

--
-- Name: food_headings_id_seq; Type: SEQUENCE OWNED BY; Schema: public; Owner: postgres
--

ALTER SEQUENCE public.food_headings_id_seq OWNED BY public.food_headings.id;


--
-- Name: food_items; Type: TABLE; Schema: public; Owner: postgres
--

CREATE TABLE public.food_items (
    id bigint NOT NULL,
    name character varying(255) NOT NULL,
    active smallint DEFAULT '1'::smallint NOT NULL,
    deleted smallint DEFAULT '0'::smallint NOT NULL,
    created_at timestamp(0) without time zone,
    updated_at timestamp(0) without time zone
);


ALTER TABLE public.food_items OWNER TO postgres;

--
-- Name: food_items_id_seq; Type: SEQUENCE; Schema: public; Owner: postgres
--

CREATE SEQUENCE public.food_items_id_seq
    START WITH 1
    INCREMENT BY 1
    NO MINVALUE
    NO MAXVALUE
    CACHE 1;


ALTER TABLE public.food_items_id_seq OWNER TO postgres;

--
-- Name: food_items_id_seq; Type: SEQUENCE OWNED BY; Schema: public; Owner: postgres
--

ALTER SEQUENCE public.food_items_id_seq OWNED BY public.food_items.id;


--
-- Name: food_menu_products; Type: TABLE; Schema: public; Owner: postgres
--

CREATE TABLE public.food_menu_products (
    id bigint NOT NULL,
    food_menu_id bigint,
    food_product_id bigint NOT NULL,
    created_at timestamp(0) without time zone,
    updated_at timestamp(0) without time zone
);


ALTER TABLE public.food_menu_products OWNER TO postgres;

--
-- Name: food_menu_products_id_seq; Type: SEQUENCE; Schema: public; Owner: postgres
--

CREATE SEQUENCE public.food_menu_products_id_seq
    START WITH 1
    INCREMENT BY 1
    NO MINVALUE
    NO MAXVALUE
    CACHE 1;


ALTER TABLE public.food_menu_products_id_seq OWNER TO postgres;

--
-- Name: food_menu_products_id_seq; Type: SEQUENCE OWNED BY; Schema: public; Owner: postgres
--

ALTER SEQUENCE public.food_menu_products_id_seq OWNED BY public.food_menu_products.id;


--
-- Name: food_product_combo_items; Type: TABLE; Schema: public; Owner: postgres
--

CREATE TABLE public.food_product_combo_items (
    id bigint NOT NULL,
    food_product_combo_id bigint NOT NULL,
    food_item_id bigint NOT NULL,
    is_default boolean DEFAULT false NOT NULL,
    extra_price double precision DEFAULT '0'::double precision NOT NULL,
    created_at timestamp(0) without time zone,
    updated_at timestamp(0) without time zone
);


ALTER TABLE public.food_product_combo_items OWNER TO postgres;

--
-- Name: food_product_combo_items_id_seq; Type: SEQUENCE; Schema: public; Owner: postgres
--

CREATE SEQUENCE public.food_product_combo_items_id_seq
    START WITH 1
    INCREMENT BY 1
    NO MINVALUE
    NO MAXVALUE
    CACHE 1;


ALTER TABLE public.food_product_combo_items_id_seq OWNER TO postgres;

--
-- Name: food_product_combo_items_id_seq; Type: SEQUENCE OWNED BY; Schema: public; Owner: postgres
--

ALTER SEQUENCE public.food_product_combo_items_id_seq OWNED BY public.food_product_combo_items.id;


--
-- Name: food_product_combos; Type: TABLE; Schema: public; Owner: postgres
--

CREATE TABLE public.food_product_combos (
    id bigint NOT NULL,
    food_product_id bigint NOT NULL,
    food_heading_id bigint NOT NULL,
    is_required boolean DEFAULT false NOT NULL,
    min_select integer,
    max_select integer,
    created_at timestamp(0) without time zone,
    updated_at timestamp(0) without time zone
);


ALTER TABLE public.food_product_combos OWNER TO postgres;

--
-- Name: food_product_combos_id_seq; Type: SEQUENCE; Schema: public; Owner: postgres
--

CREATE SEQUENCE public.food_product_combos_id_seq
    START WITH 1
    INCREMENT BY 1
    NO MINVALUE
    NO MAXVALUE
    CACHE 1;


ALTER TABLE public.food_product_combos_id_seq OWNER TO postgres;

--
-- Name: food_product_combos_id_seq; Type: SEQUENCE OWNED BY; Schema: public; Owner: postgres
--

ALTER SEQUENCE public.food_product_combos_id_seq OWNED BY public.food_product_combos.id;


--
-- Name: food_products; Type: TABLE; Schema: public; Owner: postgres
--

CREATE TABLE public.food_products (
    id bigint NOT NULL,
    vendor_id bigint,
    shared_product boolean DEFAULT false NOT NULL,
    store_id bigint,
    is_editable_by_outlets boolean DEFAULT false NOT NULL,
    product_name character varying(255),
    regular_price double precision,
    sale_price double precision,
    is_veg smallint DEFAULT '0'::smallint NOT NULL,
    promotion smallint DEFAULT '0'::smallint NOT NULL,
    product_images text,
    description text,
    deleted integer DEFAULT 0 NOT NULL,
    product_status integer DEFAULT 0 NOT NULL,
    created_at timestamp(0) without time zone,
    updated_at timestamp(0) without time zone,
    pieces integer DEFAULT 0
);


ALTER TABLE public.food_products OWNER TO postgres;

--
-- Name: COLUMN food_products.is_veg; Type: COMMENT; Schema: public; Owner: postgres
--

COMMENT ON COLUMN public.food_products.is_veg IS '0: Non-Veg, 1: Veg, 2: Egg';


--
-- Name: COLUMN food_products.promotion; Type: COMMENT; Schema: public; Owner: postgres
--

COMMENT ON COLUMN public.food_products.promotion IS '0: No, 1: Buy 1 Get 1, 2: Buy 2 Get 1';


--
-- Name: food_products_id_seq; Type: SEQUENCE; Schema: public; Owner: postgres
--

CREATE SEQUENCE public.food_products_id_seq
    START WITH 1
    INCREMENT BY 1
    NO MINVALUE
    NO MAXVALUE
    CACHE 1;


ALTER TABLE public.food_products_id_seq OWNER TO postgres;

--
-- Name: food_products_id_seq; Type: SEQUENCE OWNED BY; Schema: public; Owner: postgres
--

ALTER SEQUENCE public.food_products_id_seq OWNED BY public.food_products.id;


--
-- Name: foods; Type: TABLE; Schema: public; Owner: postgres
--

CREATE TABLE public.foods (
    id bigint NOT NULL,
    name character varying(900) NOT NULL,
    image text,
    active character varying(255) DEFAULT '1'::character varying NOT NULL,
    deleted integer DEFAULT 0 NOT NULL,
    created_at timestamp(0) without time zone,
    updated_at timestamp(0) without time zone
);


ALTER TABLE public.foods OWNER TO postgres;

--
-- Name: foods_id_seq; Type: SEQUENCE; Schema: public; Owner: postgres
--

CREATE SEQUENCE public.foods_id_seq
    START WITH 1
    INCREMENT BY 1
    NO MINVALUE
    NO MAXVALUE
    CACHE 1;


ALTER TABLE public.foods_id_seq OWNER TO postgres;

--
-- Name: foods_id_seq; Type: SEQUENCE OWNED BY; Schema: public; Owner: postgres
--

ALTER SEQUENCE public.foods_id_seq OWNED BY public.foods.id;


--
-- Name: groomer_calender_temps; Type: TABLE; Schema: public; Owner: postgres
--

CREATE TABLE public.groomer_calender_temps (
    id bigint NOT NULL,
    groomer_id integer DEFAULT 0 NOT NULL,
    event_date date NOT NULL,
    start_time time(0) without time zone NOT NULL,
    end_time time(0) without time zone NOT NULL,
    device_id character varying(255) NOT NULL,
    event_title character varying(255),
    created_at timestamp(0) without time zone,
    updated_at timestamp(0) without time zone
);


ALTER TABLE public.groomer_calender_temps OWNER TO postgres;

--
-- Name: groomer_calender_temps_id_seq; Type: SEQUENCE; Schema: public; Owner: postgres
--

CREATE SEQUENCE public.groomer_calender_temps_id_seq
    START WITH 1
    INCREMENT BY 1
    NO MINVALUE
    NO MAXVALUE
    CACHE 1;


ALTER TABLE public.groomer_calender_temps_id_seq OWNER TO postgres;

--
-- Name: groomer_calender_temps_id_seq; Type: SEQUENCE OWNED BY; Schema: public; Owner: postgres
--

ALTER SEQUENCE public.groomer_calender_temps_id_seq OWNED BY public.groomer_calender_temps.id;


--
-- Name: groomer_calenders; Type: TABLE; Schema: public; Owner: postgres
--

CREATE TABLE public.groomer_calenders (
    id bigint NOT NULL,
    groomer_id integer NOT NULL,
    event_date date NOT NULL,
    start_time time(0) without time zone NOT NULL,
    end_time time(0) without time zone NOT NULL,
    event_title character varying(255),
    created_at timestamp(0) without time zone,
    updated_at timestamp(0) without time zone
);


ALTER TABLE public.groomer_calenders OWNER TO postgres;

--
-- Name: groomer_calenders_id_seq; Type: SEQUENCE; Schema: public; Owner: postgres
--

CREATE SEQUENCE public.groomer_calenders_id_seq
    START WITH 1
    INCREMENT BY 1
    NO MINVALUE
    NO MAXVALUE
    CACHE 1;


ALTER TABLE public.groomer_calenders_id_seq OWNER TO postgres;

--
-- Name: groomer_calenders_id_seq; Type: SEQUENCE OWNED BY; Schema: public; Owner: postgres
--

ALTER SEQUENCE public.groomer_calenders_id_seq OWNED BY public.groomer_calenders.id;


--
-- Name: groomers; Type: TABLE; Schema: public; Owner: postgres
--

CREATE TABLE public.groomers (
    id bigint NOT NULL,
    name character varying(900) NOT NULL,
    sunday integer DEFAULT 0 NOT NULL,
    sun_from character varying(255),
    sun_to character varying(255),
    monday integer DEFAULT 0 NOT NULL,
    mon_from character varying(255),
    mon_to character varying(255),
    tuesday integer DEFAULT 0 NOT NULL,
    tues_from character varying(255),
    tues_to character varying(255),
    wednesday integer DEFAULT 0 NOT NULL,
    wed_from character varying(255),
    wed_to character varying(255),
    thursday integer DEFAULT 0 NOT NULL,
    thurs_from character varying(255),
    thurs_to character varying(255),
    friday integer DEFAULT 0 NOT NULL,
    fri_from character varying(255),
    fri_to character varying(255),
    saturday integer DEFAULT 0 NOT NULL,
    sat_from character varying(255),
    sat_to character varying(255),
    vendor integer DEFAULT 0 NOT NULL,
    active character varying(255) DEFAULT '1'::character varying NOT NULL,
    deleted integer DEFAULT 0 NOT NULL,
    created_at timestamp(0) without time zone,
    updated_at timestamp(0) without time zone,
    image text
);


ALTER TABLE public.groomers OWNER TO postgres;

--
-- Name: groomers_id_seq; Type: SEQUENCE; Schema: public; Owner: postgres
--

CREATE SEQUENCE public.groomers_id_seq
    START WITH 1
    INCREMENT BY 1
    NO MINVALUE
    NO MAXVALUE
    CACHE 1;


ALTER TABLE public.groomers_id_seq OWNER TO postgres;

--
-- Name: groomers_id_seq; Type: SEQUENCE OWNED BY; Schema: public; Owner: postgres
--

ALTER SEQUENCE public.groomers_id_seq OWNED BY public.groomers.id;


--
-- Name: grooming_types; Type: TABLE; Schema: public; Owner: postgres
--

CREATE TABLE public.grooming_types (
    id bigint NOT NULL,
    name character varying(900) NOT NULL,
    active character varying(255) DEFAULT '1'::character varying NOT NULL,
    deleted integer DEFAULT 0 NOT NULL,
    created_at timestamp(0) without time zone,
    updated_at timestamp(0) without time zone
);


ALTER TABLE public.grooming_types OWNER TO postgres;

--
-- Name: grooming_types_id_seq; Type: SEQUENCE; Schema: public; Owner: postgres
--

CREATE SEQUENCE public.grooming_types_id_seq
    START WITH 1
    INCREMENT BY 1
    NO MINVALUE
    NO MAXVALUE
    CACHE 1;


ALTER TABLE public.grooming_types_id_seq OWNER TO postgres;

--
-- Name: grooming_types_id_seq; Type: SEQUENCE OWNED BY; Schema: public; Owner: postgres
--

ALTER SEQUENCE public.grooming_types_id_seq OWNED BY public.grooming_types.id;


--
-- Name: hair_colors; Type: TABLE; Schema: public; Owner: postgres
--

CREATE TABLE public.hair_colors (
    id bigint NOT NULL,
    name character varying(255),
    color character varying(30) NOT NULL,
    active smallint DEFAULT '1'::smallint NOT NULL,
    deleted integer DEFAULT 0 NOT NULL,
    created_at timestamp(0) without time zone,
    updated_at timestamp(0) without time zone
);


ALTER TABLE public.hair_colors OWNER TO postgres;

--
-- Name: hair_colors_id_seq; Type: SEQUENCE; Schema: public; Owner: postgres
--

CREATE SEQUENCE public.hair_colors_id_seq
    START WITH 1
    INCREMENT BY 1
    NO MINVALUE
    NO MAXVALUE
    CACHE 1;


ALTER TABLE public.hair_colors_id_seq OWNER TO postgres;

--
-- Name: hair_colors_id_seq; Type: SEQUENCE OWNED BY; Schema: public; Owner: postgres
--

ALTER SEQUENCE public.hair_colors_id_seq OWNED BY public.hair_colors.id;


--
-- Name: hash_tags; Type: TABLE; Schema: public; Owner: postgres
--

CREATE TABLE public.hash_tags (
    id bigint NOT NULL,
    tag character varying(500),
    created_at timestamp(0) without time zone,
    updated_at timestamp(0) without time zone
);


ALTER TABLE public.hash_tags OWNER TO postgres;

--
-- Name: hash_tags_id_seq; Type: SEQUENCE; Schema: public; Owner: postgres
--

CREATE SEQUENCE public.hash_tags_id_seq
    START WITH 1
    INCREMENT BY 1
    NO MINVALUE
    NO MAXVALUE
    CACHE 1;


ALTER TABLE public.hash_tags_id_seq OWNER TO postgres;

--
-- Name: hash_tags_id_seq; Type: SEQUENCE OWNED BY; Schema: public; Owner: postgres
--

ALTER SEQUENCE public.hash_tags_id_seq OWNED BY public.hash_tags.id;


--
-- Name: help; Type: TABLE; Schema: public; Owner: postgres
--

CREATE TABLE public.help (
    id bigint NOT NULL,
    title character varying(600),
    description text,
    created_by integer DEFAULT 0 NOT NULL,
    updated_by integer DEFAULT 0 NOT NULL,
    active integer DEFAULT 0 NOT NULL,
    created_at timestamp(0) without time zone,
    updated_at timestamp(0) without time zone
);


ALTER TABLE public.help OWNER TO postgres;

--
-- Name: help_id_seq; Type: SEQUENCE; Schema: public; Owner: postgres
--

CREATE SEQUENCE public.help_id_seq
    START WITH 1
    INCREMENT BY 1
    NO MINVALUE
    NO MAXVALUE
    CACHE 1;


ALTER TABLE public.help_id_seq OWNER TO postgres;

--
-- Name: help_id_seq; Type: SEQUENCE OWNED BY; Schema: public; Owner: postgres
--

ALTER SEQUENCE public.help_id_seq OWNED BY public.help.id;


--
-- Name: hide_posts; Type: TABLE; Schema: public; Owner: postgres
--

CREATE TABLE public.hide_posts (
    id bigint NOT NULL,
    user_id integer NOT NULL,
    post_id integer NOT NULL,
    created_at timestamp(0) without time zone,
    updated_at timestamp(0) without time zone
);


ALTER TABLE public.hide_posts OWNER TO postgres;

--
-- Name: hide_posts_id_seq; Type: SEQUENCE; Schema: public; Owner: postgres
--

CREATE SEQUENCE public.hide_posts_id_seq
    START WITH 1
    INCREMENT BY 1
    NO MINVALUE
    NO MAXVALUE
    CACHE 1;


ALTER TABLE public.hide_posts_id_seq OWNER TO postgres;

--
-- Name: hide_posts_id_seq; Type: SEQUENCE OWNED BY; Schema: public; Owner: postgres
--

ALTER SEQUENCE public.hide_posts_id_seq OWNED BY public.hide_posts.id;


--
-- Name: hide_stories; Type: TABLE; Schema: public; Owner: postgres
--

CREATE TABLE public.hide_stories (
    id bigint NOT NULL,
    user_id integer NOT NULL,
    hidden_user_id integer NOT NULL,
    created_at timestamp(0) without time zone,
    updated_at timestamp(0) without time zone
);


ALTER TABLE public.hide_stories OWNER TO postgres;

--
-- Name: hide_stories_id_seq; Type: SEQUENCE; Schema: public; Owner: postgres
--

CREATE SEQUENCE public.hide_stories_id_seq
    START WITH 1
    INCREMENT BY 1
    NO MINVALUE
    NO MAXVALUE
    CACHE 1;


ALTER TABLE public.hide_stories_id_seq OWNER TO postgres;

--
-- Name: hide_stories_id_seq; Type: SEQUENCE OWNED BY; Schema: public; Owner: postgres
--

ALTER SEQUENCE public.hide_stories_id_seq OWNED BY public.hide_stories.id;


--
-- Name: industry_types; Type: TABLE; Schema: public; Owner: postgres
--

CREATE TABLE public.industry_types (
    id bigint NOT NULL,
    name character varying(255) NOT NULL,
    active integer DEFAULT 1 NOT NULL,
    deleted integer DEFAULT 0 NOT NULL,
    sort_order integer DEFAULT 0 NOT NULL,
    created_uid integer NOT NULL,
    updated_uid integer,
    created_at timestamp(0) without time zone,
    updated_at timestamp(0) without time zone
);


ALTER TABLE public.industry_types OWNER TO postgres;

--
-- Name: industry_types_id_seq; Type: SEQUENCE; Schema: public; Owner: postgres
--

CREATE SEQUENCE public.industry_types_id_seq
    START WITH 1
    INCREMENT BY 1
    NO MINVALUE
    NO MAXVALUE
    CACHE 1;


ALTER TABLE public.industry_types_id_seq OWNER TO postgres;

--
-- Name: industry_types_id_seq; Type: SEQUENCE OWNED BY; Schema: public; Owner: postgres
--

ALTER SEQUENCE public.industry_types_id_seq OWNED BY public.industry_types.id;


--
-- Name: insurance_providers; Type: TABLE; Schema: public; Owner: postgres
--

CREATE TABLE public.insurance_providers (
    id bigint NOT NULL,
    name character varying(900) NOT NULL,
    active character varying(255) DEFAULT '1'::character varying NOT NULL,
    deleted integer DEFAULT 0 NOT NULL,
    created_at timestamp(0) without time zone,
    updated_at timestamp(0) without time zone
);


ALTER TABLE public.insurance_providers OWNER TO postgres;

--
-- Name: insurance_providers_id_seq; Type: SEQUENCE; Schema: public; Owner: postgres
--

CREATE SEQUENCE public.insurance_providers_id_seq
    START WITH 1
    INCREMENT BY 1
    NO MINVALUE
    NO MAXVALUE
    CACHE 1;


ALTER TABLE public.insurance_providers_id_seq OWNER TO postgres;

--
-- Name: insurance_providers_id_seq; Type: SEQUENCE OWNED BY; Schema: public; Owner: postgres
--

ALTER SEQUENCE public.insurance_providers_id_seq OWNED BY public.insurance_providers.id;


--
-- Name: menu_item_types; Type: TABLE; Schema: public; Owner: postgres
--

CREATE TABLE public.menu_item_types (
    id bigint NOT NULL,
    title character varying(255) NOT NULL,
    is_active boolean DEFAULT true NOT NULL,
    created_at timestamp(0) without time zone,
    updated_at timestamp(0) without time zone
);


ALTER TABLE public.menu_item_types OWNER TO postgres;

--
-- Name: menu_item_types_id_seq; Type: SEQUENCE; Schema: public; Owner: postgres
--

CREATE SEQUENCE public.menu_item_types_id_seq
    START WITH 1
    INCREMENT BY 1
    NO MINVALUE
    NO MAXVALUE
    CACHE 1;


ALTER TABLE public.menu_item_types_id_seq OWNER TO postgres;

--
-- Name: menu_item_types_id_seq; Type: SEQUENCE OWNED BY; Schema: public; Owner: postgres
--

ALTER SEQUENCE public.menu_item_types_id_seq OWNED BY public.menu_item_types.id;


--
-- Name: menu_items; Type: TABLE; Schema: public; Owner: postgres
--

CREATE TABLE public.menu_items (
    id bigint NOT NULL,
    menu_id integer NOT NULL,
    menu_item_type_id integer NOT NULL,
    title character varying(255) NOT NULL,
    image character varying(255),
    description text,
    price character varying(255),
    quantity character varying(255),
    created_at timestamp(0) without time zone,
    updated_at timestamp(0) without time zone
);


ALTER TABLE public.menu_items OWNER TO postgres;

--
-- Name: menu_items_id_seq; Type: SEQUENCE; Schema: public; Owner: postgres
--

CREATE SEQUENCE public.menu_items_id_seq
    START WITH 1
    INCREMENT BY 1
    NO MINVALUE
    NO MAXVALUE
    CACHE 1;


ALTER TABLE public.menu_items_id_seq OWNER TO postgres;

--
-- Name: menu_items_id_seq; Type: SEQUENCE OWNED BY; Schema: public; Owner: postgres
--

ALTER SEQUENCE public.menu_items_id_seq OWNED BY public.menu_items.id;


--
-- Name: menus; Type: TABLE; Schema: public; Owner: postgres
--

CREATE TABLE public.menus (
    id bigint NOT NULL,
    vendor_id integer NOT NULL,
    about character varying(255),
    subtitle character varying(255),
    created_at timestamp(0) without time zone,
    updated_at timestamp(0) without time zone
);


ALTER TABLE public.menus OWNER TO postgres;

--
-- Name: menus_id_seq; Type: SEQUENCE; Schema: public; Owner: postgres
--

CREATE SEQUENCE public.menus_id_seq
    START WITH 1
    INCREMENT BY 1
    NO MINVALUE
    NO MAXVALUE
    CACHE 1;


ALTER TABLE public.menus_id_seq OWNER TO postgres;

--
-- Name: menus_id_seq; Type: SEQUENCE OWNED BY; Schema: public; Owner: postgres
--

ALTER SEQUENCE public.menus_id_seq OWNED BY public.menus.id;


--
-- Name: message_privacies; Type: TABLE; Schema: public; Owner: postgres
--

CREATE TABLE public.message_privacies (
    id bigint NOT NULL,
    user_id integer NOT NULL,
    privacy_id integer DEFAULT 999999 NOT NULL,
    show_nottifcation integer DEFAULT 1 NOT NULL,
    created_at timestamp(0) without time zone,
    updated_at timestamp(0) without time zone
);


ALTER TABLE public.message_privacies OWNER TO postgres;

--
-- Name: message_privacies_id_seq; Type: SEQUENCE; Schema: public; Owner: postgres
--

CREATE SEQUENCE public.message_privacies_id_seq
    START WITH 1
    INCREMENT BY 1
    NO MINVALUE
    NO MAXVALUE
    CACHE 1;


ALTER TABLE public.message_privacies_id_seq OWNER TO postgres;

--
-- Name: message_privacies_id_seq; Type: SEQUENCE OWNED BY; Schema: public; Owner: postgres
--

ALTER SEQUENCE public.message_privacies_id_seq OWNED BY public.message_privacies.id;


--
-- Name: migrations; Type: TABLE; Schema: public; Owner: postgres
--

CREATE TABLE public.migrations (
    id integer NOT NULL,
    migration character varying(255) NOT NULL,
    batch integer NOT NULL
);


ALTER TABLE public.migrations OWNER TO postgres;

--
-- Name: migrations_id_seq; Type: SEQUENCE; Schema: public; Owner: postgres
--

CREATE SEQUENCE public.migrations_id_seq
    AS integer
    START WITH 1
    INCREMENT BY 1
    NO MINVALUE
    NO MAXVALUE
    CACHE 1;


ALTER TABLE public.migrations_id_seq OWNER TO postgres;

--
-- Name: migrations_id_seq; Type: SEQUENCE OWNED BY; Schema: public; Owner: postgres
--

ALTER SEQUENCE public.migrations_id_seq OWNED BY public.migrations.id;


--
-- Name: moda_main_categories; Type: TABLE; Schema: public; Owner: postgres
--

CREATE TABLE public.moda_main_categories (
    id bigint NOT NULL,
    name character varying(255),
    created_at timestamp(0) without time zone,
    updated_at timestamp(0) without time zone
);


ALTER TABLE public.moda_main_categories OWNER TO postgres;

--
-- Name: moda_main_categories_id_seq; Type: SEQUENCE; Schema: public; Owner: postgres
--

CREATE SEQUENCE public.moda_main_categories_id_seq
    START WITH 1
    INCREMENT BY 1
    NO MINVALUE
    NO MAXVALUE
    CACHE 1;


ALTER TABLE public.moda_main_categories_id_seq OWNER TO postgres;

--
-- Name: moda_main_categories_id_seq; Type: SEQUENCE OWNED BY; Schema: public; Owner: postgres
--

ALTER SEQUENCE public.moda_main_categories_id_seq OWNED BY public.moda_main_categories.id;


--
-- Name: moda_sub_categories; Type: TABLE; Schema: public; Owner: postgres
--

CREATE TABLE public.moda_sub_categories (
    id bigint NOT NULL,
    main_category integer NOT NULL,
    name character varying(255),
    gender integer NOT NULL,
    image character varying(900),
    active smallint DEFAULT '1'::smallint NOT NULL,
    sort_order integer DEFAULT 0 NOT NULL,
    deleted integer DEFAULT 0 NOT NULL,
    created_at timestamp(0) without time zone,
    updated_at timestamp(0) without time zone
);


ALTER TABLE public.moda_sub_categories OWNER TO postgres;

--
-- Name: COLUMN moda_sub_categories.gender; Type: COMMENT; Schema: public; Owner: postgres
--

COMMENT ON COLUMN public.moda_sub_categories.gender IS '1.Male,2.female';


--
-- Name: moda_sub_categories_id_seq; Type: SEQUENCE; Schema: public; Owner: postgres
--

CREATE SEQUENCE public.moda_sub_categories_id_seq
    START WITH 1
    INCREMENT BY 1
    NO MINVALUE
    NO MAXVALUE
    CACHE 1;


ALTER TABLE public.moda_sub_categories_id_seq OWNER TO postgres;

--
-- Name: moda_sub_categories_id_seq; Type: SEQUENCE OWNED BY; Schema: public; Owner: postgres
--

ALTER SEQUENCE public.moda_sub_categories_id_seq OWNED BY public.moda_sub_categories.id;


--
-- Name: mute_stories; Type: TABLE; Schema: public; Owner: postgres
--

CREATE TABLE public.mute_stories (
    id bigint NOT NULL,
    user_id integer NOT NULL,
    mute_user_id integer NOT NULL,
    created_at timestamp(0) without time zone,
    updated_at timestamp(0) without time zone
);


ALTER TABLE public.mute_stories OWNER TO postgres;

--
-- Name: mute_stories_id_seq; Type: SEQUENCE; Schema: public; Owner: postgres
--

CREATE SEQUENCE public.mute_stories_id_seq
    START WITH 1
    INCREMENT BY 1
    NO MINVALUE
    NO MAXVALUE
    CACHE 1;


ALTER TABLE public.mute_stories_id_seq OWNER TO postgres;

--
-- Name: mute_stories_id_seq; Type: SEQUENCE OWNED BY; Schema: public; Owner: postgres
--

ALTER SEQUENCE public.mute_stories_id_seq OWNED BY public.mute_stories.id;


--
-- Name: my_moda; Type: TABLE; Schema: public; Owner: postgres
--

CREATE TABLE public.my_moda (
    id bigint NOT NULL,
    user_id integer NOT NULL,
    date date NOT NULL,
    created_at timestamp(0) without time zone,
    updated_at timestamp(0) without time zone,
    hair_color character varying(20),
    skin_color character varying(20)
);


ALTER TABLE public.my_moda OWNER TO postgres;

--
-- Name: my_moda_id_seq; Type: SEQUENCE; Schema: public; Owner: postgres
--

CREATE SEQUENCE public.my_moda_id_seq
    START WITH 1
    INCREMENT BY 1
    NO MINVALUE
    NO MAXVALUE
    CACHE 1;


ALTER TABLE public.my_moda_id_seq OWNER TO postgres;

--
-- Name: my_moda_id_seq; Type: SEQUENCE OWNED BY; Schema: public; Owner: postgres
--

ALTER SEQUENCE public.my_moda_id_seq OWNED BY public.my_moda.id;


--
-- Name: my_moda_items; Type: TABLE; Schema: public; Owner: postgres
--

CREATE TABLE public.my_moda_items (
    id bigint NOT NULL,
    my_moda_id integer NOT NULL,
    product_id integer NOT NULL,
    product_attribute_id integer NOT NULL,
    moda_sub_category integer NOT NULL,
    user_id integer NOT NULL,
    created_at timestamp(0) without time zone,
    updated_at timestamp(0) without time zone
);


ALTER TABLE public.my_moda_items OWNER TO postgres;

--
-- Name: my_moda_items_id_seq; Type: SEQUENCE; Schema: public; Owner: postgres
--

CREATE SEQUENCE public.my_moda_items_id_seq
    START WITH 1
    INCREMENT BY 1
    NO MINVALUE
    NO MAXVALUE
    CACHE 1;


ALTER TABLE public.my_moda_items_id_seq OWNER TO postgres;

--
-- Name: my_moda_items_id_seq; Type: SEQUENCE OWNED BY; Schema: public; Owner: postgres
--

ALTER SEQUENCE public.my_moda_items_id_seq OWNED BY public.my_moda_items.id;


--
-- Name: my_pets; Type: TABLE; Schema: public; Owner: postgres
--

CREATE TABLE public.my_pets (
    id bigint NOT NULL,
    user_id integer NOT NULL,
    name character varying(600) NOT NULL,
    breed_id integer NOT NULL,
    sex integer NOT NULL,
    dob text,
    weight character varying(255) DEFAULT ''::character varying,
    food character varying(1200) NOT NULL,
    additional_notes text NOT NULL,
    active character varying(255) DEFAULT '1'::character varying NOT NULL,
    deleted integer DEFAULT 0 NOT NULL,
    created_at timestamp(0) without time zone,
    updated_at timestamp(0) without time zone,
    species integer NOT NULL,
    image text,
    medicine_instructions text,
    size integer DEFAULT 2 NOT NULL,
    dob_unknown character varying(255) DEFAULT '0'::character varying,
    weight_type character varying(255) DEFAULT ''::character varying,
    weight_unknown character varying(255) DEFAULT '0'::character varying
);


ALTER TABLE public.my_pets OWNER TO postgres;

--
-- Name: my_pets_id_seq; Type: SEQUENCE; Schema: public; Owner: postgres
--

CREATE SEQUENCE public.my_pets_id_seq
    START WITH 1
    INCREMENT BY 1
    NO MINVALUE
    NO MAXVALUE
    CACHE 1;


ALTER TABLE public.my_pets_id_seq OWNER TO postgres;

--
-- Name: my_pets_id_seq; Type: SEQUENCE OWNED BY; Schema: public; Owner: postgres
--

ALTER SEQUENCE public.my_pets_id_seq OWNED BY public.my_pets.id;


--
-- Name: my_pets_sharers; Type: TABLE; Schema: public; Owner: postgres
--

CREATE TABLE public.my_pets_sharers (
    id bigint NOT NULL,
    user_id integer DEFAULT 0,
    pet_id integer DEFAULT 0,
    created_at timestamp(0) without time zone,
    updated_at timestamp(0) without time zone
);


ALTER TABLE public.my_pets_sharers OWNER TO postgres;

--
-- Name: my_pets_sharers_id_seq; Type: SEQUENCE; Schema: public; Owner: postgres
--

CREATE SEQUENCE public.my_pets_sharers_id_seq
    START WITH 1
    INCREMENT BY 1
    NO MINVALUE
    NO MAXVALUE
    CACHE 1;


ALTER TABLE public.my_pets_sharers_id_seq OWNER TO postgres;

--
-- Name: my_pets_sharers_id_seq; Type: SEQUENCE OWNED BY; Schema: public; Owner: postgres
--

ALTER SEQUENCE public.my_pets_sharers_id_seq OWNED BY public.my_pets_sharers.id;


--
-- Name: notifications; Type: TABLE; Schema: public; Owner: postgres
--

CREATE TABLE public.notifications (
    id bigint NOT NULL,
    description text,
    title character varying(600),
    image character varying(600),
    created_at timestamp(0) without time zone,
    updated_at timestamp(0) without time zone
);


ALTER TABLE public.notifications OWNER TO postgres;

--
-- Name: notifications_id_seq; Type: SEQUENCE; Schema: public; Owner: postgres
--

CREATE SEQUENCE public.notifications_id_seq
    START WITH 1
    INCREMENT BY 1
    NO MINVALUE
    NO MAXVALUE
    CACHE 1;


ALTER TABLE public.notifications_id_seq OWNER TO postgres;

--
-- Name: notifications_id_seq; Type: SEQUENCE OWNED BY; Schema: public; Owner: postgres
--

ALTER SEQUENCE public.notifications_id_seq OWNED BY public.notifications.id;


--
-- Name: nottification_tracks; Type: TABLE; Schema: public; Owner: postgres
--

CREATE TABLE public.nottification_tracks (
    id bigint NOT NULL,
    type character varying(255) NOT NULL,
    from_user_id integer DEFAULT 0 NOT NULL,
    to_user_id integer DEFAULT 0 NOT NULL,
    firebase_node_id character varying(255),
    created_at timestamp(0) without time zone,
    updated_at timestamp(0) without time zone,
    key_id integer DEFAULT 0 NOT NULL
);


ALTER TABLE public.nottification_tracks OWNER TO postgres;

--
-- Name: nottification_tracks_id_seq; Type: SEQUENCE; Schema: public; Owner: postgres
--

CREATE SEQUENCE public.nottification_tracks_id_seq
    START WITH 1
    INCREMENT BY 1
    NO MINVALUE
    NO MAXVALUE
    CACHE 1;


ALTER TABLE public.nottification_tracks_id_seq OWNER TO postgres;

--
-- Name: nottification_tracks_id_seq; Type: SEQUENCE OWNED BY; Schema: public; Owner: postgres
--

ALTER SEQUENCE public.nottification_tracks_id_seq OWNED BY public.nottification_tracks.id;


--
-- Name: order_products; Type: TABLE; Schema: public; Owner: postgres
--

CREATE TABLE public.order_products (
    id bigint NOT NULL,
    order_id integer DEFAULT 0 NOT NULL,
    product_id integer DEFAULT 0 NOT NULL,
    product_attribute_id integer DEFAULT 0 NOT NULL,
    product_type integer DEFAULT 0 NOT NULL,
    quantity integer DEFAULT 0 NOT NULL,
    price double precision,
    discount double precision,
    total double precision,
    vendor_id integer DEFAULT 0 NOT NULL,
    order_status integer DEFAULT 0 NOT NULL,
    admin_commission double precision,
    vendor_commission double precision,
    shipping_charge double precision,
    delivered_on date,
    is_returned integer DEFAULT 0 NOT NULL,
    ret_status integer DEFAULT 0 NOT NULL,
    returned_on date,
    ret_reason text,
    ret_status_changed_on timestamp(0) without time zone,
    ret_status_changed_by integer DEFAULT 0 NOT NULL,
    grand_total double precision,
    admin_commission_percentage double precision
);


ALTER TABLE public.order_products OWNER TO postgres;

--
-- Name: order_products_id_seq; Type: SEQUENCE; Schema: public; Owner: postgres
--

CREATE SEQUENCE public.order_products_id_seq
    START WITH 1
    INCREMENT BY 1
    NO MINVALUE
    NO MAXVALUE
    CACHE 1;


ALTER TABLE public.order_products_id_seq OWNER TO postgres;

--
-- Name: order_products_id_seq; Type: SEQUENCE OWNED BY; Schema: public; Owner: postgres
--

ALTER SEQUENCE public.order_products_id_seq OWNED BY public.order_products.id;


--
-- Name: order_status_histroys; Type: TABLE; Schema: public; Owner: postgres
--

CREATE TABLE public.order_status_histroys (
    id bigint NOT NULL,
    order_id integer NOT NULL,
    order_status integer NOT NULL,
    created_at timestamp(0) without time zone,
    updated_at timestamp(0) without time zone
);


ALTER TABLE public.order_status_histroys OWNER TO postgres;

--
-- Name: order_status_histroys_id_seq; Type: SEQUENCE; Schema: public; Owner: postgres
--

CREATE SEQUENCE public.order_status_histroys_id_seq
    START WITH 1
    INCREMENT BY 1
    NO MINVALUE
    NO MAXVALUE
    CACHE 1;


ALTER TABLE public.order_status_histroys_id_seq OWNER TO postgres;

--
-- Name: order_status_histroys_id_seq; Type: SEQUENCE OWNED BY; Schema: public; Owner: postgres
--

ALTER SEQUENCE public.order_status_histroys_id_seq OWNED BY public.order_status_histroys.id;


--
-- Name: orders; Type: TABLE; Schema: public; Owner: postgres
--

CREATE TABLE public.orders (
    order_id bigint NOT NULL,
    invoice_id character varying(100),
    user_id integer DEFAULT 0 NOT NULL,
    address_id integer DEFAULT 0 NOT NULL,
    total double precision DEFAULT '0'::double precision,
    vat double precision DEFAULT '0'::double precision,
    discount double precision DEFAULT '0'::double precision,
    grand_total double precision DEFAULT '0'::double precision,
    payment_mode integer DEFAULT 0 NOT NULL,
    status integer DEFAULT 0 NOT NULL,
    booking_date timestamp(0) without time zone,
    total_qty integer DEFAULT 0 NOT NULL,
    total_items_qty integer DEFAULT 0 NOT NULL,
    oder_type integer DEFAULT 0 NOT NULL,
    admin_commission double precision DEFAULT '0'::double precision,
    vendor_commission double precision DEFAULT '0'::double precision,
    shipping_charge double precision DEFAULT '0'::double precision,
    created_at timestamp(0) without time zone,
    updated_at timestamp(0) without time zone,
    coupon_code character varying(255),
    coupon_id integer DEFAULT 0,
    store_id integer DEFAULT 0 NOT NULL,
    request_deligate integer DEFAULT 0 NOT NULL,
    order_otp character varying(255),
    driver_id integer DEFAULT 0 NOT NULL,
    driver_rating double precision DEFAULT '0'::double precision NOT NULL,
    driver_review text,
    store_rating double precision DEFAULT '0'::double precision NOT NULL,
    store_review text,
    store_viewed integer DEFAULT 0 NOT NULL,
    driver_viewed integer DEFAULT 0 NOT NULL
);


ALTER TABLE public.orders OWNER TO postgres;

--
-- Name: orders_order_id_seq; Type: SEQUENCE; Schema: public; Owner: postgres
--

CREATE SEQUENCE public.orders_order_id_seq
    START WITH 1
    INCREMENT BY 1
    NO MINVALUE
    NO MAXVALUE
    CACHE 1;


ALTER TABLE public.orders_order_id_seq OWNER TO postgres;

--
-- Name: orders_order_id_seq; Type: SEQUENCE OWNED BY; Schema: public; Owner: postgres
--

ALTER SEQUENCE public.orders_order_id_seq OWNED BY public.orders.order_id;


--
-- Name: password_resets; Type: TABLE; Schema: public; Owner: postgres
--

CREATE TABLE public.password_resets (
    email character varying(255) NOT NULL,
    token character varying(255) NOT NULL,
    created_at timestamp(0) without time zone
);


ALTER TABLE public.password_resets OWNER TO postgres;

--
-- Name: payment_report; Type: TABLE; Schema: public; Owner: postgres
--

CREATE TABLE public.payment_report (
    id bigint NOT NULL,
    transaction_id character varying(255),
    payment_status character varying(255),
    user_id integer DEFAULT 0 NOT NULL,
    ref_id character varying(255),
    amount numeric(8,2) NOT NULL,
    method_type integer DEFAULT 1 NOT NULL,
    vat numeric(8,2) DEFAULT '0'::numeric NOT NULL,
    wallet_amount_used numeric(8,2) DEFAULT '0'::numeric NOT NULL,
    created_at timestamp(0) without time zone,
    updated_at timestamp(0) without time zone,
    payment_response text,
    payment_for integer DEFAULT 0 NOT NULL
);


ALTER TABLE public.payment_report OWNER TO postgres;

--
-- Name: payment_report_id_seq; Type: SEQUENCE; Schema: public; Owner: postgres
--

CREATE SEQUENCE public.payment_report_id_seq
    START WITH 1
    INCREMENT BY 1
    NO MINVALUE
    NO MAXVALUE
    CACHE 1;


ALTER TABLE public.payment_report_id_seq OWNER TO postgres;

--
-- Name: payment_report_id_seq; Type: SEQUENCE OWNED BY; Schema: public; Owner: postgres
--

ALTER SEQUENCE public.payment_report_id_seq OWNED BY public.payment_report.id;


--
-- Name: personal_access_tokens; Type: TABLE; Schema: public; Owner: postgres
--

CREATE TABLE public.personal_access_tokens (
    id bigint NOT NULL,
    tokenable_type character varying(255) NOT NULL,
    tokenable_id bigint NOT NULL,
    name character varying(255) NOT NULL,
    token character varying(64) NOT NULL,
    abilities text,
    last_used_at timestamp(0) without time zone,
    created_at timestamp(0) without time zone,
    updated_at timestamp(0) without time zone
);


ALTER TABLE public.personal_access_tokens OWNER TO postgres;

--
-- Name: personal_access_tokens_id_seq; Type: SEQUENCE; Schema: public; Owner: postgres
--

CREATE SEQUENCE public.personal_access_tokens_id_seq
    START WITH 1
    INCREMENT BY 1
    NO MINVALUE
    NO MAXVALUE
    CACHE 1;


ALTER TABLE public.personal_access_tokens_id_seq OWNER TO postgres;

--
-- Name: personal_access_tokens_id_seq; Type: SEQUENCE OWNED BY; Schema: public; Owner: postgres
--

ALTER SEQUENCE public.personal_access_tokens_id_seq OWNED BY public.personal_access_tokens.id;


--
-- Name: pet_sizes; Type: TABLE; Schema: public; Owner: postgres
--

CREATE TABLE public.pet_sizes (
    id bigint NOT NULL,
    name character varying(600),
    active integer DEFAULT 1 NOT NULL,
    deleted integer DEFAULT 0 NOT NULL,
    created_at timestamp(0) without time zone,
    updated_at timestamp(0) without time zone
);


ALTER TABLE public.pet_sizes OWNER TO postgres;

--
-- Name: pet_sizes_id_seq; Type: SEQUENCE; Schema: public; Owner: postgres
--

CREATE SEQUENCE public.pet_sizes_id_seq
    START WITH 1
    INCREMENT BY 1
    NO MINVALUE
    NO MAXVALUE
    CACHE 1;


ALTER TABLE public.pet_sizes_id_seq OWNER TO postgres;

--
-- Name: pet_sizes_id_seq; Type: SEQUENCE OWNED BY; Schema: public; Owner: postgres
--

ALTER SEQUENCE public.pet_sizes_id_seq OWNED BY public.pet_sizes.id;


--
-- Name: photos; Type: TABLE; Schema: public; Owner: postgres
--

CREATE TABLE public.photos (
    id bigint NOT NULL,
    vendor_id integer NOT NULL,
    image text,
    active smallint DEFAULT '1'::smallint NOT NULL,
    deleted integer DEFAULT 0 NOT NULL,
    created_at timestamp(0) without time zone,
    updated_at timestamp(0) without time zone
);


ALTER TABLE public.photos OWNER TO postgres;

--
-- Name: photos_id_seq; Type: SEQUENCE; Schema: public; Owner: postgres
--

CREATE SEQUENCE public.photos_id_seq
    START WITH 1
    INCREMENT BY 1
    NO MINVALUE
    NO MAXVALUE
    CACHE 1;


ALTER TABLE public.photos_id_seq OWNER TO postgres;

--
-- Name: photos_id_seq; Type: SEQUENCE OWNED BY; Schema: public; Owner: postgres
--

ALTER SEQUENCE public.photos_id_seq OWNED BY public.photos.id;


--
-- Name: playtime_staffs; Type: TABLE; Schema: public; Owner: postgres
--

CREATE TABLE public.playtime_staffs (
    id bigint NOT NULL,
    name character varying(900) NOT NULL,
    sunday integer DEFAULT 0 NOT NULL,
    sun_from character varying(255),
    sun_to character varying(255),
    monday integer DEFAULT 0 NOT NULL,
    mon_from character varying(255),
    mon_to character varying(255),
    tuesday integer DEFAULT 0 NOT NULL,
    tues_from character varying(255),
    tues_to character varying(255),
    wednesday integer DEFAULT 0 NOT NULL,
    wed_from character varying(255),
    wed_to character varying(255),
    thursday integer DEFAULT 0 NOT NULL,
    thurs_from character varying(255),
    thurs_to character varying(255),
    friday integer DEFAULT 0 NOT NULL,
    fri_from character varying(255),
    fri_to character varying(255),
    saturday integer DEFAULT 0 NOT NULL,
    sat_from character varying(255),
    sat_to character varying(255),
    image text,
    vendor integer DEFAULT 0 NOT NULL,
    active character varying(255) DEFAULT '1'::character varying NOT NULL,
    deleted integer DEFAULT 0 NOT NULL,
    created_at timestamp(0) without time zone,
    updated_at timestamp(0) without time zone
);


ALTER TABLE public.playtime_staffs OWNER TO postgres;

--
-- Name: playtime_staffs_id_seq; Type: SEQUENCE; Schema: public; Owner: postgres
--

CREATE SEQUENCE public.playtime_staffs_id_seq
    START WITH 1
    INCREMENT BY 1
    NO MINVALUE
    NO MAXVALUE
    CACHE 1;


ALTER TABLE public.playtime_staffs_id_seq OWNER TO postgres;

--
-- Name: playtime_staffs_id_seq; Type: SEQUENCE OWNED BY; Schema: public; Owner: postgres
--

ALTER SEQUENCE public.playtime_staffs_id_seq OWNED BY public.playtime_staffs.id;


--
-- Name: post_comments; Type: TABLE; Schema: public; Owner: postgres
--

CREATE TABLE public.post_comments (
    id bigint NOT NULL,
    user_id integer NOT NULL,
    post_id integer NOT NULL,
    parent_id integer DEFAULT 0 NOT NULL,
    comment text NOT NULL,
    created_at timestamp(0) without time zone,
    updated_at timestamp(0) without time zone,
    comment_node_id text,
    bad_words text,
    is_bad_word_exist integer DEFAULT 0 NOT NULL,
    active integer DEFAULT 1 NOT NULL
);


ALTER TABLE public.post_comments OWNER TO postgres;

--
-- Name: post_comments_id_seq; Type: SEQUENCE; Schema: public; Owner: postgres
--

CREATE SEQUENCE public.post_comments_id_seq
    START WITH 1
    INCREMENT BY 1
    NO MINVALUE
    NO MAXVALUE
    CACHE 1;


ALTER TABLE public.post_comments_id_seq OWNER TO postgres;

--
-- Name: post_comments_id_seq; Type: SEQUENCE OWNED BY; Schema: public; Owner: postgres
--

ALTER SEQUENCE public.post_comments_id_seq OWNED BY public.post_comments.id;


--
-- Name: post_files; Type: TABLE; Schema: public; Owner: postgres
--

CREATE TABLE public.post_files (
    id bigint NOT NULL,
    post_id integer NOT NULL,
    height character varying(255) NOT NULL,
    width character varying(255) NOT NULL,
    extension character varying(255) NOT NULL,
    is_default integer DEFAULT 0 NOT NULL,
    url text NOT NULL,
    created_at timestamp(0) without time zone,
    updated_at timestamp(0) without time zone,
    duration character varying(255) DEFAULT ''::character varying NOT NULL,
    thumb_image text,
    have_hls_url integer DEFAULT 0 NOT NULL,
    hls_url text,
    hls_cdn_url text
);


ALTER TABLE public.post_files OWNER TO postgres;

--
-- Name: post_files_id_seq; Type: SEQUENCE; Schema: public; Owner: postgres
--

CREATE SEQUENCE public.post_files_id_seq
    START WITH 1
    INCREMENT BY 1
    NO MINVALUE
    NO MAXVALUE
    CACHE 1;


ALTER TABLE public.post_files_id_seq OWNER TO postgres;

--
-- Name: post_files_id_seq; Type: SEQUENCE OWNED BY; Schema: public; Owner: postgres
--

ALTER SEQUENCE public.post_files_id_seq OWNED BY public.post_files.id;


--
-- Name: post_likes; Type: TABLE; Schema: public; Owner: postgres
--

CREATE TABLE public.post_likes (
    id bigint NOT NULL,
    post_id integer NOT NULL,
    user_id integer NOT NULL,
    created_at timestamp(0) without time zone,
    updated_at timestamp(0) without time zone
);


ALTER TABLE public.post_likes OWNER TO postgres;

--
-- Name: post_likes_id_seq; Type: SEQUENCE; Schema: public; Owner: postgres
--

CREATE SEQUENCE public.post_likes_id_seq
    START WITH 1
    INCREMENT BY 1
    NO MINVALUE
    NO MAXVALUE
    CACHE 1;


ALTER TABLE public.post_likes_id_seq OWNER TO postgres;

--
-- Name: post_likes_id_seq; Type: SEQUENCE OWNED BY; Schema: public; Owner: postgres
--

ALTER SEQUENCE public.post_likes_id_seq OWNED BY public.post_likes.id;


--
-- Name: post_reports; Type: TABLE; Schema: public; Owner: postgres
--

CREATE TABLE public.post_reports (
    id bigint NOT NULL,
    user_id integer NOT NULL,
    post_id integer NOT NULL,
    reason text NOT NULL,
    problem_id integer DEFAULT 1 NOT NULL,
    created_at timestamp(0) without time zone,
    updated_at timestamp(0) without time zone
);


ALTER TABLE public.post_reports OWNER TO postgres;

--
-- Name: post_reports_id_seq; Type: SEQUENCE; Schema: public; Owner: postgres
--

CREATE SEQUENCE public.post_reports_id_seq
    START WITH 1
    INCREMENT BY 1
    NO MINVALUE
    NO MAXVALUE
    CACHE 1;


ALTER TABLE public.post_reports_id_seq OWNER TO postgres;

--
-- Name: post_reports_id_seq; Type: SEQUENCE OWNED BY; Schema: public; Owner: postgres
--

ALTER SEQUENCE public.post_reports_id_seq OWNED BY public.post_reports.id;


--
-- Name: post_saves; Type: TABLE; Schema: public; Owner: postgres
--

CREATE TABLE public.post_saves (
    id bigint NOT NULL,
    post_id integer NOT NULL,
    user_id integer NOT NULL,
    created_at timestamp(0) without time zone,
    updated_at timestamp(0) without time zone
);


ALTER TABLE public.post_saves OWNER TO postgres;

--
-- Name: post_saves_id_seq; Type: SEQUENCE; Schema: public; Owner: postgres
--

CREATE SEQUENCE public.post_saves_id_seq
    START WITH 1
    INCREMENT BY 1
    NO MINVALUE
    NO MAXVALUE
    CACHE 1;


ALTER TABLE public.post_saves_id_seq OWNER TO postgres;

--
-- Name: post_saves_id_seq; Type: SEQUENCE OWNED BY; Schema: public; Owner: postgres
--

ALTER SEQUENCE public.post_saves_id_seq OWNED BY public.post_saves.id;


--
-- Name: post_users; Type: TABLE; Schema: public; Owner: postgres
--

CREATE TABLE public.post_users (
    id bigint NOT NULL,
    post_id integer NOT NULL,
    user_id integer NOT NULL
);


ALTER TABLE public.post_users OWNER TO postgres;

--
-- Name: post_users_id_seq; Type: SEQUENCE; Schema: public; Owner: postgres
--

CREATE SEQUENCE public.post_users_id_seq
    START WITH 1
    INCREMENT BY 1
    NO MINVALUE
    NO MAXVALUE
    CACHE 1;


ALTER TABLE public.post_users_id_seq OWNER TO postgres;

--
-- Name: post_users_id_seq; Type: SEQUENCE OWNED BY; Schema: public; Owner: postgres
--

ALTER SEQUENCE public.post_users_id_seq OWNED BY public.post_users.id;


--
-- Name: post_view_insights; Type: TABLE; Schema: public; Owner: postgres
--

CREATE TABLE public.post_view_insights (
    id bigint NOT NULL,
    post_id integer NOT NULL,
    viewed_user_id integer NOT NULL,
    created_at timestamp(0) without time zone,
    updated_at timestamp(0) without time zone
);


ALTER TABLE public.post_view_insights OWNER TO postgres;

--
-- Name: post_view_insights_id_seq; Type: SEQUENCE; Schema: public; Owner: postgres
--

CREATE SEQUENCE public.post_view_insights_id_seq
    START WITH 1
    INCREMENT BY 1
    NO MINVALUE
    NO MAXVALUE
    CACHE 1;


ALTER TABLE public.post_view_insights_id_seq OWNER TO postgres;

--
-- Name: post_view_insights_id_seq; Type: SEQUENCE OWNED BY; Schema: public; Owner: postgres
--

ALTER SEQUENCE public.post_view_insights_id_seq OWNED BY public.post_view_insights.id;


--
-- Name: posts; Type: TABLE; Schema: public; Owner: postgres
--

CREATE TABLE public.posts (
    id bigint NOT NULL,
    user_id integer NOT NULL,
    caption character varying(2500),
    file_type integer DEFAULT 1 NOT NULL,
    file text,
    location_name text,
    lattitude character varying(250),
    longitude character varying(250),
    post_firebase_node_id character varying(250),
    created_at timestamp(0) without time zone,
    updated_at timestamp(0) without time zone,
    active integer DEFAULT 1 NOT NULL,
    visibility character varying(20) DEFAULT 'public'::character varying NOT NULL,
    extra_file_names text,
    is_bad_word_exist integer DEFAULT 0 NOT NULL,
    bad_words text,
    dissable_comment integer DEFAULT 0 NOT NULL,
    thumb_image text
);


ALTER TABLE public.posts OWNER TO postgres;

--
-- Name: posts_id_seq; Type: SEQUENCE; Schema: public; Owner: postgres
--

CREATE SEQUENCE public.posts_id_seq
    START WITH 1
    INCREMENT BY 1
    NO MINVALUE
    NO MAXVALUE
    CACHE 1;


ALTER TABLE public.posts_id_seq OWNER TO postgres;

--
-- Name: posts_id_seq; Type: SEQUENCE OWNED BY; Schema: public; Owner: postgres
--

ALTER SEQUENCE public.posts_id_seq OWNED BY public.posts.id;


--
-- Name: product; Type: TABLE; Schema: public; Owner: postgres
--

CREATE TABLE public.product (
    id bigint NOT NULL,
    product_type integer DEFAULT 0 NOT NULL,
    product_desc_full text,
    product_desc_short text,
    product_sale_from character varying(200),
    product_sale_to character varying(200),
    product_featured_image character varying(600),
    product_tag character varying(600),
    product_created_by integer DEFAULT 0 NOT NULL,
    product_updated_by integer DEFAULT 0 NOT NULL,
    product_status integer DEFAULT 0 NOT NULL,
    product_deleted integer DEFAULT 0 NOT NULL,
    product_name character varying(900),
    product_variation_type integer DEFAULT 0 NOT NULL,
    product_taxable integer DEFAULT 1 NOT NULL,
    product_vender_id integer DEFAULT 0 NOT NULL,
    product_image character varying(200),
    product_unique_iden character varying(200),
    product_brand_id integer DEFAULT 0 NOT NULL,
    product_name_arabic character varying(900),
    product_desc_full_arabic text,
    product_desc_short_arabic text,
    cash_points integer DEFAULT 0 NOT NULL,
    offer_enabled integer DEFAULT 0 NOT NULL,
    deal_enabled integer DEFAULT 0 NOT NULL,
    is_today_offer integer DEFAULT 0 NOT NULL,
    today_offer_date character varying(200),
    thanku_perc double precision,
    custom_status integer,
    meta_title text,
    meta_keyword text,
    meta_description text,
    product_vendor_status integer DEFAULT 0 NOT NULL,
    product_gender character varying(100),
    is_kandora integer DEFAULT 0 NOT NULL,
    collection_id integer DEFAULT 0 NOT NULL,
    hot_offer_enabled integer DEFAULT 0 NOT NULL,
    trending_enabled integer DEFAULT 0 NOT NULL,
    offers_list integer DEFAULT 0 NOT NULL,
    zero_quantity_orders integer DEFAULT 0 NOT NULL,
    product_code character varying(300),
    product_tags character varying(1000),
    sort_order integer DEFAULT 0 NOT NULL,
    offer_for_short integer DEFAULT 0 NOT NULL,
    hot_offer_sort_order integer DEFAULT 0 NOT NULL,
    new_trending_sort_order integer DEFAULT 0 NOT NULL,
    author_id integer DEFAULT 0 NOT NULL,
    deleted integer DEFAULT 0 NOT NULL,
    default_category_id integer DEFAULT 0 NOT NULL,
    default_attribute_id integer DEFAULT 0 NOT NULL,
    created_at timestamp(0) without time zone,
    updated_at timestamp(0) without time zone,
    store_id integer DEFAULT 0 NOT NULL,
    moda_main_category integer DEFAULT 0 NOT NULL,
    moda_sub_category integer DEFAULT 0 NOT NULL,
    brand integer DEFAULT 0 NOT NULL,
    ret_applicable integer DEFAULT 0 NOT NULL,
    ret_policy_days integer DEFAULT 0 NOT NULL,
    ret_policy text,
    account_id integer,
    activity_id integer,
    is_featured integer DEFAULT 0
);


ALTER TABLE public.product OWNER TO postgres;

--
-- Name: product_attribute; Type: TABLE; Schema: public; Owner: postgres
--

CREATE TABLE public.product_attribute (
    attribute_id bigint NOT NULL,
    attribute_name character varying(400),
    attribute_status integer DEFAULT 0 NOT NULL,
    attribute_created_date timestamp(0) without time zone,
    attribute_name_arabic character varying(600),
    attribute_type integer,
    is_deleted integer DEFAULT 0
);


ALTER TABLE public.product_attribute OWNER TO postgres;

--
-- Name: product_attribute_attribute_id_seq; Type: SEQUENCE; Schema: public; Owner: postgres
--

CREATE SEQUENCE public.product_attribute_attribute_id_seq
    START WITH 1
    INCREMENT BY 1
    NO MINVALUE
    NO MAXVALUE
    CACHE 1;


ALTER TABLE public.product_attribute_attribute_id_seq OWNER TO postgres;

--
-- Name: product_attribute_attribute_id_seq; Type: SEQUENCE OWNED BY; Schema: public; Owner: postgres
--

ALTER SEQUENCE public.product_attribute_attribute_id_seq OWNED BY public.product_attribute.attribute_id;


--
-- Name: product_attribute_values; Type: TABLE; Schema: public; Owner: postgres
--

CREATE TABLE public.product_attribute_values (
    attribute_values_id bigint NOT NULL,
    attribute_id integer DEFAULT 0 NOT NULL,
    attribute_values character varying(600),
    attribute_values_arabic character varying(600) NOT NULL,
    attribute_value_in integer DEFAULT 1 NOT NULL,
    attribute_value_color character varying(600),
    attribute_value_label character varying(600),
    attribute_value_label_arabic character varying(600),
    attribute_value_image character varying(600),
    is_deleted integer DEFAULT 0 NOT NULL,
    attribute_value_sort_order integer DEFAULT 0 NOT NULL,
    attribute_color character varying(600)
);


ALTER TABLE public.product_attribute_values OWNER TO postgres;

--
-- Name: product_attribute_values_attribute_values_id_seq; Type: SEQUENCE; Schema: public; Owner: postgres
--

CREATE SEQUENCE public.product_attribute_values_attribute_values_id_seq
    START WITH 1
    INCREMENT BY 1
    NO MINVALUE
    NO MAXVALUE
    CACHE 1;


ALTER TABLE public.product_attribute_values_attribute_values_id_seq OWNER TO postgres;

--
-- Name: product_attribute_values_attribute_values_id_seq; Type: SEQUENCE OWNED BY; Schema: public; Owner: postgres
--

ALTER SEQUENCE public.product_attribute_values_attribute_values_id_seq OWNED BY public.product_attribute_values.attribute_values_id;


--
-- Name: product_category; Type: TABLE; Schema: public; Owner: postgres
--

CREATE TABLE public.product_category (
    product_category_id bigint NOT NULL,
    product_id integer DEFAULT 0 NOT NULL,
    category_id integer DEFAULT 0 NOT NULL
);


ALTER TABLE public.product_category OWNER TO postgres;

--
-- Name: product_category_product_category_id_seq; Type: SEQUENCE; Schema: public; Owner: postgres
--

CREATE SEQUENCE public.product_category_product_category_id_seq
    START WITH 1
    INCREMENT BY 1
    NO MINVALUE
    NO MAXVALUE
    CACHE 1;


ALTER TABLE public.product_category_product_category_id_seq OWNER TO postgres;

--
-- Name: product_category_product_category_id_seq; Type: SEQUENCE OWNED BY; Schema: public; Owner: postgres
--

ALTER SEQUENCE public.product_category_product_category_id_seq OWNED BY public.product_category.product_category_id;


--
-- Name: product_docs; Type: TABLE; Schema: public; Owner: postgres
--

CREATE TABLE public.product_docs (
    id bigint NOT NULL,
    product_id integer DEFAULT 0 NOT NULL,
    title character varying(600),
    doc_path character varying(600)
);


ALTER TABLE public.product_docs OWNER TO postgres;

--
-- Name: product_docs_id_seq; Type: SEQUENCE; Schema: public; Owner: postgres
--

CREATE SEQUENCE public.product_docs_id_seq
    START WITH 1
    INCREMENT BY 1
    NO MINVALUE
    NO MAXVALUE
    CACHE 1;


ALTER TABLE public.product_docs_id_seq OWNER TO postgres;

--
-- Name: product_docs_id_seq; Type: SEQUENCE OWNED BY; Schema: public; Owner: postgres
--

ALTER SEQUENCE public.product_docs_id_seq OWNED BY public.product_docs.id;


--
-- Name: product_id_seq; Type: SEQUENCE; Schema: public; Owner: postgres
--

CREATE SEQUENCE public.product_id_seq
    START WITH 1
    INCREMENT BY 1
    NO MINVALUE
    NO MAXVALUE
    CACHE 1;


ALTER TABLE public.product_id_seq OWNER TO postgres;

--
-- Name: product_id_seq; Type: SEQUENCE OWNED BY; Schema: public; Owner: postgres
--

ALTER SEQUENCE public.product_id_seq OWNED BY public.product.id;


--
-- Name: product_images; Type: TABLE; Schema: public; Owner: postgres
--

CREATE TABLE public.product_images (
    id bigint NOT NULL,
    product_id integer NOT NULL,
    image_name text NOT NULL,
    product_attribute_id integer NOT NULL
);


ALTER TABLE public.product_images OWNER TO postgres;

--
-- Name: product_images_id_seq; Type: SEQUENCE; Schema: public; Owner: postgres
--

CREATE SEQUENCE public.product_images_id_seq
    START WITH 1
    INCREMENT BY 1
    NO MINVALUE
    NO MAXVALUE
    CACHE 1;


ALTER TABLE public.product_images_id_seq OWNER TO postgres;

--
-- Name: product_images_id_seq; Type: SEQUENCE OWNED BY; Schema: public; Owner: postgres
--

ALTER SEQUENCE public.product_images_id_seq OWNED BY public.product_images.id;


--
-- Name: product_likes; Type: TABLE; Schema: public; Owner: postgres
--

CREATE TABLE public.product_likes (
    id bigint NOT NULL,
    product_id integer NOT NULL,
    user_id integer NOT NULL,
    created_at timestamp(0) without time zone,
    updated_at timestamp(0) without time zone,
    product_attribute_id integer DEFAULT 0 NOT NULL
);


ALTER TABLE public.product_likes OWNER TO postgres;

--
-- Name: product_likes_id_seq; Type: SEQUENCE; Schema: public; Owner: postgres
--

CREATE SEQUENCE public.product_likes_id_seq
    START WITH 1
    INCREMENT BY 1
    NO MINVALUE
    NO MAXVALUE
    CACHE 1;


ALTER TABLE public.product_likes_id_seq OWNER TO postgres;

--
-- Name: product_likes_id_seq; Type: SEQUENCE OWNED BY; Schema: public; Owner: postgres
--

ALTER SEQUENCE public.product_likes_id_seq OWNED BY public.product_likes.id;


--
-- Name: product_selected_attribute_list; Type: TABLE; Schema: public; Owner: postgres
--

CREATE TABLE public.product_selected_attribute_list (
    product_attribute_id bigint NOT NULL,
    product_id integer DEFAULT 0 NOT NULL,
    manage_stock integer DEFAULT 0 NOT NULL,
    stock_quantity double precision,
    allow_back_order integer DEFAULT 0 NOT NULL,
    stock_status integer DEFAULT 0 NOT NULL,
    sold_individually integer DEFAULT 0 NOT NULL,
    weight double precision,
    length double precision,
    height double precision,
    width double precision,
    shipping_class integer DEFAULT 0 NOT NULL,
    sale_price double precision,
    regular_price double precision,
    taxable integer DEFAULT 0 NOT NULL,
    image character varying(600),
    shipping_note character varying(600),
    title character varying(600),
    rating double precision,
    rated_users integer DEFAULT 0 NOT NULL,
    image_temp character varying(600),
    barcode character varying(600),
    image_action character varying(600),
    pr_code character varying(600),
    product_desc text,
    product_full_descr text,
    size_chart character varying(600)
);


ALTER TABLE public.product_selected_attribute_list OWNER TO postgres;

--
-- Name: product_selected_attribute_list_product_attribute_id_seq; Type: SEQUENCE; Schema: public; Owner: postgres
--

CREATE SEQUENCE public.product_selected_attribute_list_product_attribute_id_seq
    START WITH 1
    INCREMENT BY 1
    NO MINVALUE
    NO MAXVALUE
    CACHE 1;


ALTER TABLE public.product_selected_attribute_list_product_attribute_id_seq OWNER TO postgres;

--
-- Name: product_selected_attribute_list_product_attribute_id_seq; Type: SEQUENCE OWNED BY; Schema: public; Owner: postgres
--

ALTER SEQUENCE public.product_selected_attribute_list_product_attribute_id_seq OWNED BY public.product_selected_attribute_list.product_attribute_id;


--
-- Name: product_selected_attributes; Type: TABLE; Schema: public; Owner: postgres
--

CREATE TABLE public.product_selected_attributes (
    product_selected_attributes_id bigint NOT NULL,
    attribute_id integer DEFAULT 0 NOT NULL,
    attribute_values_id integer DEFAULT 0 NOT NULL,
    product_id integer DEFAULT 0 NOT NULL
);


ALTER TABLE public.product_selected_attributes OWNER TO postgres;

--
-- Name: product_selected_attributes_product_selected_attributes_id_seq; Type: SEQUENCE; Schema: public; Owner: postgres
--

CREATE SEQUENCE public.product_selected_attributes_product_selected_attributes_id_seq
    START WITH 1
    INCREMENT BY 1
    NO MINVALUE
    NO MAXVALUE
    CACHE 1;


ALTER TABLE public.product_selected_attributes_product_selected_attributes_id_seq OWNER TO postgres;

--
-- Name: product_selected_attributes_product_selected_attributes_id_seq; Type: SEQUENCE OWNED BY; Schema: public; Owner: postgres
--

ALTER SEQUENCE public.product_selected_attributes_product_selected_attributes_id_seq OWNED BY public.product_selected_attributes.product_selected_attributes_id;


--
-- Name: product_specifications; Type: TABLE; Schema: public; Owner: postgres
--

CREATE TABLE public.product_specifications (
    prod_spec_id bigint NOT NULL,
    product_id integer DEFAULT 0 NOT NULL,
    spec_title text,
    spec_descp text,
    lang integer DEFAULT 1,
    spec_title_arabic text,
    spec_descp_arabic text
);


ALTER TABLE public.product_specifications OWNER TO postgres;

--
-- Name: product_specifications_prod_spec_id_seq; Type: SEQUENCE; Schema: public; Owner: postgres
--

CREATE SEQUENCE public.product_specifications_prod_spec_id_seq
    START WITH 1
    INCREMENT BY 1
    NO MINVALUE
    NO MAXVALUE
    CACHE 1;


ALTER TABLE public.product_specifications_prod_spec_id_seq OWNER TO postgres;

--
-- Name: product_specifications_prod_spec_id_seq; Type: SEQUENCE OWNED BY; Schema: public; Owner: postgres
--

ALTER SEQUENCE public.product_specifications_prod_spec_id_seq OWNED BY public.product_specifications.prod_spec_id;


--
-- Name: product_temp_image; Type: TABLE; Schema: public; Owner: postgres
--

CREATE TABLE public.product_temp_image (
    id bigint NOT NULL,
    product_id integer DEFAULT 0 NOT NULL,
    product_attribute_id integer DEFAULT 0 NOT NULL,
    image character varying(600),
    created_at timestamp(0) without time zone,
    updated_at timestamp(0) without time zone
);


ALTER TABLE public.product_temp_image OWNER TO postgres;

--
-- Name: product_temp_image_id_seq; Type: SEQUENCE; Schema: public; Owner: postgres
--

CREATE SEQUENCE public.product_temp_image_id_seq
    START WITH 1
    INCREMENT BY 1
    NO MINVALUE
    NO MAXVALUE
    CACHE 1;


ALTER TABLE public.product_temp_image_id_seq OWNER TO postgres;

--
-- Name: product_temp_image_id_seq; Type: SEQUENCE OWNED BY; Schema: public; Owner: postgres
--

ALTER SEQUENCE public.product_temp_image_id_seq OWNED BY public.product_temp_image.id;


--
-- Name: product_variations; Type: TABLE; Schema: public; Owner: postgres
--

CREATE TABLE public.product_variations (
    product_variations_id bigint NOT NULL,
    attribute_id integer DEFAULT 0 NOT NULL,
    attribute_values_id integer DEFAULT 0 NOT NULL,
    product_attribute_id integer DEFAULT 0 NOT NULL,
    product_id integer DEFAULT 0 NOT NULL
);


ALTER TABLE public.product_variations OWNER TO postgres;

--
-- Name: product_variations_product_variations_id_seq; Type: SEQUENCE; Schema: public; Owner: postgres
--

CREATE SEQUENCE public.product_variations_product_variations_id_seq
    START WITH 1
    INCREMENT BY 1
    NO MINVALUE
    NO MAXVALUE
    CACHE 1;


ALTER TABLE public.product_variations_product_variations_id_seq OWNER TO postgres;

--
-- Name: product_variations_product_variations_id_seq; Type: SEQUENCE OWNED BY; Schema: public; Owner: postgres
--

ALTER SEQUENCE public.product_variations_product_variations_id_seq OWNED BY public.product_variations.product_variations_id;


--
-- Name: products; Type: TABLE; Schema: public; Owner: postgres
--

CREATE TABLE public.products (
    id bigint NOT NULL,
    product_type integer DEFAULT 1 NOT NULL,
    name character varying(2500) NOT NULL,
    active integer DEFAULT 1 NOT NULL,
    deleted integer DEFAULT 0 NOT NULL,
    created_by integer DEFAULT 0 NOT NULL,
    updated_by integer DEFAULT 0 NOT NULL,
    company_id integer DEFAULT 0 NOT NULL,
    store_id integer DEFAULT 0 NOT NULL,
    description text NOT NULL,
    featured integer DEFAULT 0 NOT NULL,
    meta_title text,
    meta_description text,
    meta_keywords text,
    created_at timestamp(0) without time zone,
    updated_at timestamp(0) without time zone
);


ALTER TABLE public.products OWNER TO postgres;

--
-- Name: products_id_seq; Type: SEQUENCE; Schema: public; Owner: postgres
--

CREATE SEQUENCE public.products_id_seq
    START WITH 1
    INCREMENT BY 1
    NO MINVALUE
    NO MAXVALUE
    CACHE 1;


ALTER TABLE public.products_id_seq OWNER TO postgres;

--
-- Name: products_id_seq; Type: SEQUENCE OWNED BY; Schema: public; Owner: postgres
--

ALTER SEQUENCE public.products_id_seq OWNED BY public.products.id;


--
-- Name: profile_bios; Type: TABLE; Schema: public; Owner: postgres
--

CREATE TABLE public.profile_bios (
    id bigint NOT NULL,
    value character varying(900),
    created_at timestamp(0) without time zone,
    updated_at timestamp(0) without time zone
);


ALTER TABLE public.profile_bios OWNER TO postgres;

--
-- Name: profile_bios_id_seq; Type: SEQUENCE; Schema: public; Owner: postgres
--

CREATE SEQUENCE public.profile_bios_id_seq
    START WITH 1
    INCREMENT BY 1
    NO MINVALUE
    NO MAXVALUE
    CACHE 1;


ALTER TABLE public.profile_bios_id_seq OWNER TO postgres;

--
-- Name: profile_bios_id_seq; Type: SEQUENCE OWNED BY; Schema: public; Owner: postgres
--

ALTER SEQUENCE public.profile_bios_id_seq OWNED BY public.profile_bios.id;


--
-- Name: public_business_infos; Type: TABLE; Schema: public; Owner: postgres
--

CREATE TABLE public.public_business_infos (
    id bigint NOT NULL,
    title character varying(300),
    active smallint DEFAULT '1'::smallint NOT NULL,
    deleted integer DEFAULT 0 NOT NULL,
    created_at timestamp(0) without time zone,
    updated_at timestamp(0) without time zone
);


ALTER TABLE public.public_business_infos OWNER TO postgres;

--
-- Name: public_business_infos_id_seq; Type: SEQUENCE; Schema: public; Owner: postgres
--

CREATE SEQUENCE public.public_business_infos_id_seq
    START WITH 1
    INCREMENT BY 1
    NO MINVALUE
    NO MAXVALUE
    CACHE 1;


ALTER TABLE public.public_business_infos_id_seq OWNER TO postgres;

--
-- Name: public_business_infos_id_seq; Type: SEQUENCE OWNED BY; Schema: public; Owner: postgres
--

ALTER SEQUENCE public.public_business_infos_id_seq OWNED BY public.public_business_infos.id;


--
-- Name: room_types; Type: TABLE; Schema: public; Owner: postgres
--

CREATE TABLE public.room_types (
    id bigint NOT NULL,
    name character varying(900) NOT NULL,
    active character varying(255) DEFAULT '1'::character varying NOT NULL,
    deleted integer DEFAULT 0 NOT NULL,
    created_at timestamp(0) without time zone,
    updated_at timestamp(0) without time zone
);


ALTER TABLE public.room_types OWNER TO postgres;

--
-- Name: room_types_id_seq; Type: SEQUENCE; Schema: public; Owner: postgres
--

CREATE SEQUENCE public.room_types_id_seq
    START WITH 1
    INCREMENT BY 1
    NO MINVALUE
    NO MAXVALUE
    CACHE 1;


ALTER TABLE public.room_types_id_seq OWNER TO postgres;

--
-- Name: room_types_id_seq; Type: SEQUENCE OWNED BY; Schema: public; Owner: postgres
--

ALTER SEQUENCE public.room_types_id_seq OWNED BY public.room_types.id;


--
-- Name: service_foods; Type: TABLE; Schema: public; Owner: postgres
--

CREATE TABLE public.service_foods (
    id bigint NOT NULL,
    service_id integer NOT NULL,
    food_id integer NOT NULL
);


ALTER TABLE public.service_foods OWNER TO postgres;

--
-- Name: service_foods_id_seq; Type: SEQUENCE; Schema: public; Owner: postgres
--

CREATE SEQUENCE public.service_foods_id_seq
    START WITH 1
    INCREMENT BY 1
    NO MINVALUE
    NO MAXVALUE
    CACHE 1;


ALTER TABLE public.service_foods_id_seq OWNER TO postgres;

--
-- Name: service_foods_id_seq; Type: SEQUENCE OWNED BY; Schema: public; Owner: postgres
--

ALTER SEQUENCE public.service_foods_id_seq OWNED BY public.service_foods.id;


--
-- Name: service_pets; Type: TABLE; Schema: public; Owner: postgres
--

CREATE TABLE public.service_pets (
    id bigint NOT NULL,
    service_id integer NOT NULL,
    pet_id integer NOT NULL
);


ALTER TABLE public.service_pets OWNER TO postgres;

--
-- Name: service_pets_id_seq; Type: SEQUENCE; Schema: public; Owner: postgres
--

CREATE SEQUENCE public.service_pets_id_seq
    START WITH 1
    INCREMENT BY 1
    NO MINVALUE
    NO MAXVALUE
    CACHE 1;


ALTER TABLE public.service_pets_id_seq OWNER TO postgres;

--
-- Name: service_pets_id_seq; Type: SEQUENCE OWNED BY; Schema: public; Owner: postgres
--

ALTER SEQUENCE public.service_pets_id_seq OWNED BY public.service_pets.id;


--
-- Name: service_quotes; Type: TABLE; Schema: public; Owner: postgres
--

CREATE TABLE public.service_quotes (
    id bigint NOT NULL,
    service_id integer NOT NULL,
    user_id integer NOT NULL,
    pet_id integer NOT NULL,
    doctor_id integer DEFAULT 0,
    groomer_id integer DEFAULT 0,
    appointment_type integer DEFAULT 0,
    "time" character varying(100),
    date character varying(100),
    drop_off_time character varying(100),
    drop_off_date character varying(100),
    pick_up_time character varying(100),
    pick_up_date character varying(100),
    feeding_schedule integer DEFAULT 0,
    food text,
    specific_medication integer DEFAULT 0,
    notes text,
    status character varying(255) DEFAULT '1'::character varying NOT NULL,
    deleted integer DEFAULT 0 NOT NULL,
    created_at timestamp(0) without time zone,
    updated_at timestamp(0) without time zone,
    quote_price double precision,
    reject_reason text,
    playtime_staff_id integer DEFAULT 0,
    medicine_instructions text,
    food_id integer DEFAULT 0,
    grooming_service integer DEFAULT 0,
    quote_document character varying(900),
    payment_ref_id character varying(255),
    payment_mode integer DEFAULT 0 NOT NULL,
    time_slot character varying(255) DEFAULT ''::character varying,
    room_id integer DEFAULT 0,
    seats integer DEFAULT 0,
    paid_price character varying(255) DEFAULT '0'::character varying,
    total double precision DEFAULT '0'::double precision,
    vat double precision DEFAULT '0'::double precision,
    discount double precision DEFAULT '0'::double precision,
    grand_total double precision DEFAULT '0'::double precision,
    pet_size integer DEFAULT 0 NOT NULL,
    reminder_sent integer DEFAULT 0 NOT NULL,
    slote integer DEFAULT 0 NOT NULL
);


ALTER TABLE public.service_quotes OWNER TO postgres;

--
-- Name: service_quotes_id_seq; Type: SEQUENCE; Schema: public; Owner: postgres
--

CREATE SEQUENCE public.service_quotes_id_seq
    START WITH 1
    INCREMENT BY 1
    NO MINVALUE
    NO MAXVALUE
    CACHE 1;


ALTER TABLE public.service_quotes_id_seq OWNER TO postgres;

--
-- Name: service_quotes_id_seq; Type: SEQUENCE OWNED BY; Schema: public; Owner: postgres
--

ALTER SEQUENCE public.service_quotes_id_seq OWNED BY public.service_quotes.id;


--
-- Name: service_request_images; Type: TABLE; Schema: public; Owner: postgres
--

CREATE TABLE public.service_request_images (
    id bigint NOT NULL,
    service_request_id integer NOT NULL,
    image text NOT NULL,
    created_at timestamp(0) without time zone,
    updated_at timestamp(0) without time zone
);


ALTER TABLE public.service_request_images OWNER TO postgres;

--
-- Name: service_request_images_id_seq; Type: SEQUENCE; Schema: public; Owner: postgres
--

CREATE SEQUENCE public.service_request_images_id_seq
    START WITH 1
    INCREMENT BY 1
    NO MINVALUE
    NO MAXVALUE
    CACHE 1;


ALTER TABLE public.service_request_images_id_seq OWNER TO postgres;

--
-- Name: service_request_images_id_seq; Type: SEQUENCE OWNED BY; Schema: public; Owner: postgres
--

ALTER SEQUENCE public.service_request_images_id_seq OWNED BY public.service_request_images.id;


--
-- Name: service_request_status_descriptions; Type: TABLE; Schema: public; Owner: postgres
--

CREATE TABLE public.service_request_status_descriptions (
    id bigint NOT NULL,
    service_request_id integer NOT NULL,
    status character varying(255) NOT NULL,
    description text NOT NULL,
    created_at timestamp(0) without time zone,
    updated_at timestamp(0) without time zone
);


ALTER TABLE public.service_request_status_descriptions OWNER TO postgres;

--
-- Name: service_request_status_descriptions_id_seq; Type: SEQUENCE; Schema: public; Owner: postgres
--

CREATE SEQUENCE public.service_request_status_descriptions_id_seq
    START WITH 1
    INCREMENT BY 1
    NO MINVALUE
    NO MAXVALUE
    CACHE 1;


ALTER TABLE public.service_request_status_descriptions_id_seq OWNER TO postgres;

--
-- Name: service_request_status_descriptions_id_seq; Type: SEQUENCE OWNED BY; Schema: public; Owner: postgres
--

ALTER SEQUENCE public.service_request_status_descriptions_id_seq OWNED BY public.service_request_status_descriptions.id;


--
-- Name: service_requests; Type: TABLE; Schema: public; Owner: postgres
--

CREATE TABLE public.service_requests (
    id bigint NOT NULL,
    user_id integer NOT NULL,
    store_id integer NOT NULL,
    description text NOT NULL,
    status character varying(255) DEFAULT '0'::character varying NOT NULL,
    is_completed integer DEFAULT 0 NOT NULL,
    accept_note text,
    amount double precision,
    service_charges double precision,
    tax double precision,
    total_amount double precision,
    address text,
    latitude text,
    longitude text,
    payment_method character varying(255),
    payment_status character varying(255),
    created_at timestamp(0) without time zone,
    updated_at timestamp(0) without time zone,
    service_date date,
    service_time time(0) without time zone,
    location_name text,
    service_invoice_id text
);


ALTER TABLE public.service_requests OWNER TO postgres;

--
-- Name: service_requests_id_seq; Type: SEQUENCE; Schema: public; Owner: postgres
--

CREATE SEQUENCE public.service_requests_id_seq
    START WITH 1
    INCREMENT BY 1
    NO MINVALUE
    NO MAXVALUE
    CACHE 1;


ALTER TABLE public.service_requests_id_seq OWNER TO postgres;

--
-- Name: service_requests_id_seq; Type: SEQUENCE OWNED BY; Schema: public; Owner: postgres
--

ALTER SEQUENCE public.service_requests_id_seq OWNED BY public.service_requests.id;


--
-- Name: services; Type: TABLE; Schema: public; Owner: postgres
--

CREATE TABLE public.services (
    id bigint NOT NULL,
    name character varying(900) NOT NULL,
    image character varying(900),
    active character varying(255) DEFAULT '1'::character varying NOT NULL,
    deleted integer DEFAULT 0 NOT NULL,
    created_at timestamp(0) without time zone,
    updated_at timestamp(0) without time zone,
    background_image character varying(900),
    slug character varying(255) DEFAULT ''::character varying,
    sort_order integer DEFAULT 0
);


ALTER TABLE public.services OWNER TO postgres;

--
-- Name: services_id_seq; Type: SEQUENCE; Schema: public; Owner: postgres
--

CREATE SEQUENCE public.services_id_seq
    START WITH 1
    INCREMENT BY 1
    NO MINVALUE
    NO MAXVALUE
    CACHE 1;


ALTER TABLE public.services_id_seq OWNER TO postgres;

--
-- Name: services_id_seq; Type: SEQUENCE OWNED BY; Schema: public; Owner: postgres
--

ALTER SEQUENCE public.services_id_seq OWNED BY public.services.id;


--
-- Name: settings; Type: TABLE; Schema: public; Owner: postgres
--

CREATE TABLE public.settings (
    id bigint NOT NULL,
    admin_commission double precision NOT NULL,
    shipping_charge double precision NOT NULL,
    created_at timestamp(0) without time zone,
    updated_at timestamp(0) without time zone,
    tax_percentage double precision DEFAULT '0'::double precision NOT NULL,
    moda_commission double precision DEFAULT '0'::double precision NOT NULL
);


ALTER TABLE public.settings OWNER TO postgres;

--
-- Name: settings_id_seq; Type: SEQUENCE; Schema: public; Owner: postgres
--

CREATE SEQUENCE public.settings_id_seq
    START WITH 1
    INCREMENT BY 1
    NO MINVALUE
    NO MAXVALUE
    CACHE 1;


ALTER TABLE public.settings_id_seq OWNER TO postgres;

--
-- Name: settings_id_seq; Type: SEQUENCE OWNED BY; Schema: public; Owner: postgres
--

ALTER SEQUENCE public.settings_id_seq OWNED BY public.settings.id;


--
-- Name: skin_colors; Type: TABLE; Schema: public; Owner: postgres
--

CREATE TABLE public.skin_colors (
    id bigint NOT NULL,
    name character varying(255),
    color character varying(30) NOT NULL,
    active smallint DEFAULT '1'::smallint NOT NULL,
    deleted integer DEFAULT 0 NOT NULL,
    created_at timestamp(0) without time zone,
    updated_at timestamp(0) without time zone
);


ALTER TABLE public.skin_colors OWNER TO postgres;

--
-- Name: skin_colors_id_seq; Type: SEQUENCE; Schema: public; Owner: postgres
--

CREATE SEQUENCE public.skin_colors_id_seq
    START WITH 1
    INCREMENT BY 1
    NO MINVALUE
    NO MAXVALUE
    CACHE 1;


ALTER TABLE public.skin_colors_id_seq OWNER TO postgres;

--
-- Name: skin_colors_id_seq; Type: SEQUENCE OWNED BY; Schema: public; Owner: postgres
--

ALTER SEQUENCE public.skin_colors_id_seq OWNED BY public.skin_colors.id;


--
-- Name: species; Type: TABLE; Schema: public; Owner: postgres
--

CREATE TABLE public.species (
    id bigint NOT NULL,
    name character varying(900) NOT NULL,
    active character varying(255) DEFAULT '1'::character varying NOT NULL,
    deleted integer DEFAULT 0 NOT NULL,
    created_at timestamp(0) without time zone,
    updated_at timestamp(0) without time zone
);


ALTER TABLE public.species OWNER TO postgres;

--
-- Name: species_id_seq; Type: SEQUENCE; Schema: public; Owner: postgres
--

CREATE SEQUENCE public.species_id_seq
    START WITH 1
    INCREMENT BY 1
    NO MINVALUE
    NO MAXVALUE
    CACHE 1;


ALTER TABLE public.species_id_seq OWNER TO postgres;

--
-- Name: species_id_seq; Type: SEQUENCE OWNED BY; Schema: public; Owner: postgres
--

ALTER SEQUENCE public.species_id_seq OWNED BY public.species.id;


--
-- Name: states; Type: TABLE; Schema: public; Owner: postgres
--

CREATE TABLE public.states (
    id bigint NOT NULL,
    name character varying(100) NOT NULL,
    active smallint DEFAULT '1'::smallint NOT NULL,
    country_id integer,
    created_uid integer,
    updated_uid integer,
    deleted integer DEFAULT 0 NOT NULL,
    created_at timestamp(0) without time zone,
    updated_at timestamp(0) without time zone
);


ALTER TABLE public.states OWNER TO postgres;

--
-- Name: states_id_seq; Type: SEQUENCE; Schema: public; Owner: postgres
--

CREATE SEQUENCE public.states_id_seq
    START WITH 1
    INCREMENT BY 1
    NO MINVALUE
    NO MAXVALUE
    CACHE 1;


ALTER TABLE public.states_id_seq OWNER TO postgres;

--
-- Name: states_id_seq; Type: SEQUENCE OWNED BY; Schema: public; Owner: postgres
--

ALTER SEQUENCE public.states_id_seq OWNED BY public.states.id;


--
-- Name: store_images; Type: TABLE; Schema: public; Owner: postgres
--

CREATE TABLE public.store_images (
    id bigint NOT NULL,
    image character varying(900),
    store_id bigint NOT NULL
);


ALTER TABLE public.store_images OWNER TO postgres;

--
-- Name: store_images_id_seq; Type: SEQUENCE; Schema: public; Owner: postgres
--

CREATE SEQUENCE public.store_images_id_seq
    START WITH 1
    INCREMENT BY 1
    NO MINVALUE
    NO MAXVALUE
    CACHE 1;


ALTER TABLE public.store_images_id_seq OWNER TO postgres;

--
-- Name: store_images_id_seq; Type: SEQUENCE OWNED BY; Schema: public; Owner: postgres
--

ALTER SEQUENCE public.store_images_id_seq OWNED BY public.store_images.id;


--
-- Name: store_likes; Type: TABLE; Schema: public; Owner: postgres
--

CREATE TABLE public.store_likes (
    id bigint NOT NULL,
    store_id integer NOT NULL,
    user_id integer NOT NULL,
    created_at timestamp(0) without time zone,
    updated_at timestamp(0) without time zone
);


ALTER TABLE public.store_likes OWNER TO postgres;

--
-- Name: store_likes_id_seq; Type: SEQUENCE; Schema: public; Owner: postgres
--

CREATE SEQUENCE public.store_likes_id_seq
    START WITH 1
    INCREMENT BY 1
    NO MINVALUE
    NO MAXVALUE
    CACHE 1;


ALTER TABLE public.store_likes_id_seq OWNER TO postgres;

--
-- Name: store_likes_id_seq; Type: SEQUENCE OWNED BY; Schema: public; Owner: postgres
--

ALTER SEQUENCE public.store_likes_id_seq OWNED BY public.store_likes.id;


--
-- Name: store_managers_types; Type: TABLE; Schema: public; Owner: postgres
--

CREATE TABLE public.store_managers_types (
    id bigint NOT NULL,
    name character varying(600) NOT NULL,
    created_at timestamp(0) without time zone,
    updated_at timestamp(0) without time zone,
    vendor_id bigint
);


ALTER TABLE public.store_managers_types OWNER TO postgres;

--
-- Name: store_managers_types_id_seq; Type: SEQUENCE; Schema: public; Owner: postgres
--

CREATE SEQUENCE public.store_managers_types_id_seq
    START WITH 1
    INCREMENT BY 1
    NO MINVALUE
    NO MAXVALUE
    CACHE 1;


ALTER TABLE public.store_managers_types_id_seq OWNER TO postgres;

--
-- Name: store_managers_types_id_seq; Type: SEQUENCE OWNED BY; Schema: public; Owner: postgres
--

ALTER SEQUENCE public.store_managers_types_id_seq OWNED BY public.store_managers_types.id;


--
-- Name: store_type; Type: TABLE; Schema: public; Owner: postgres
--

CREATE TABLE public.store_type (
    id bigint NOT NULL,
    name character varying(600) NOT NULL,
    banner_image character varying(600) NOT NULL,
    active integer DEFAULT 0 NOT NULL,
    deleted integer DEFAULT 0 NOT NULL,
    created_at timestamp(0) without time zone,
    updated_at timestamp(0) without time zone
);


ALTER TABLE public.store_type OWNER TO postgres;

--
-- Name: store_type_id_seq; Type: SEQUENCE; Schema: public; Owner: postgres
--

CREATE SEQUENCE public.store_type_id_seq
    START WITH 1
    INCREMENT BY 1
    NO MINVALUE
    NO MAXVALUE
    CACHE 1;


ALTER TABLE public.store_type_id_seq OWNER TO postgres;

--
-- Name: store_type_id_seq; Type: SEQUENCE OWNED BY; Schema: public; Owner: postgres
--

ALTER SEQUENCE public.store_type_id_seq OWNED BY public.store_type.id;


--
-- Name: stores; Type: TABLE; Schema: public; Owner: postgres
--

CREATE TABLE public.stores (
    id bigint NOT NULL,
    vendor_id bigint NOT NULL,
    industry_type integer DEFAULT 0,
    store_name character varying(1000),
    business_email character varying(250),
    dial_code character varying(5),
    mobile character varying(20),
    description text,
    location character varying(1500) NOT NULL,
    latitude character varying(50) NOT NULL,
    longitude character varying(50) NOT NULL,
    address_line1 character varying(900),
    address_line2 character varying(255),
    country_id bigint NOT NULL,
    state_id bigint NOT NULL,
    city_id bigint NOT NULL,
    zip character varying(10),
    logo character varying(900),
    cover_image character varying(900),
    license_number character varying(100),
    license_doc character varying(900),
    vat_cert_number character varying(100),
    vat_cert_doc character varying(900),
    active smallint DEFAULT '1'::smallint NOT NULL,
    verified smallint DEFAULT '0'::smallint NOT NULL,
    deleted integer DEFAULT 0 NOT NULL,
    created_uid bigint,
    updated_uid bigint,
    created_at timestamp(0) without time zone,
    updated_at timestamp(0) without time zone,
    commission double precision,
    ret_policy_title character varying(200),
    ret_policy_description text,
    ret_policy_doc character varying(900),
    sort_order integer DEFAULT 999999 NOT NULL
);


ALTER TABLE public.stores OWNER TO postgres;

--
-- Name: stores_id_seq; Type: SEQUENCE; Schema: public; Owner: postgres
--

CREATE SEQUENCE public.stores_id_seq
    START WITH 1
    INCREMENT BY 1
    NO MINVALUE
    NO MAXVALUE
    CACHE 1;


ALTER TABLE public.stores_id_seq OWNER TO postgres;

--
-- Name: stores_id_seq; Type: SEQUENCE OWNED BY; Schema: public; Owner: postgres
--

ALTER SEQUENCE public.stores_id_seq OWNED BY public.stores.id;


--
-- Name: stories; Type: TABLE; Schema: public; Owner: postgres
--

CREATE TABLE public.stories (
    id bigint NOT NULL,
    user_id integer NOT NULL,
    caption character varying(2500),
    path text NOT NULL,
    status integer DEFAULT 1 NOT NULL,
    is_blocked integer DEFAULT 0 NOT NULL,
    created_at timestamp(0) without time zone,
    updated_at timestamp(0) without time zone,
    is_live integer DEFAULT 0 NOT NULL,
    live_url text,
    channel_id character varying(255),
    zoom character varying(255),
    width character varying(255),
    height character varying(255),
    channel_key character varying(255)
);


ALTER TABLE public.stories OWNER TO postgres;

--
-- Name: stories_id_seq; Type: SEQUENCE; Schema: public; Owner: postgres
--

CREATE SEQUENCE public.stories_id_seq
    START WITH 1
    INCREMENT BY 1
    NO MINVALUE
    NO MAXVALUE
    CACHE 1;


ALTER TABLE public.stories_id_seq OWNER TO postgres;

--
-- Name: stories_id_seq; Type: SEQUENCE OWNED BY; Schema: public; Owner: postgres
--

ALTER SEQUENCE public.stories_id_seq OWNED BY public.stories.id;


--
-- Name: story_likes; Type: TABLE; Schema: public; Owner: postgres
--

CREATE TABLE public.story_likes (
    id bigint NOT NULL,
    story_id integer NOT NULL,
    user_id integer NOT NULL,
    created_at timestamp(0) without time zone,
    updated_at timestamp(0) without time zone
);


ALTER TABLE public.story_likes OWNER TO postgres;

--
-- Name: story_likes_id_seq; Type: SEQUENCE; Schema: public; Owner: postgres
--

CREATE SEQUENCE public.story_likes_id_seq
    START WITH 1
    INCREMENT BY 1
    NO MINVALUE
    NO MAXVALUE
    CACHE 1;


ALTER TABLE public.story_likes_id_seq OWNER TO postgres;

--
-- Name: story_likes_id_seq; Type: SEQUENCE OWNED BY; Schema: public; Owner: postgres
--

ALTER SEQUENCE public.story_likes_id_seq OWNED BY public.story_likes.id;


--
-- Name: story_mentions; Type: TABLE; Schema: public; Owner: postgres
--

CREATE TABLE public.story_mentions (
    id bigint NOT NULL,
    user_id integer NOT NULL,
    story_id integer NOT NULL,
    created_at timestamp(0) without time zone,
    updated_at timestamp(0) without time zone
);


ALTER TABLE public.story_mentions OWNER TO postgres;

--
-- Name: story_mentions_id_seq; Type: SEQUENCE; Schema: public; Owner: postgres
--

CREATE SEQUENCE public.story_mentions_id_seq
    START WITH 1
    INCREMENT BY 1
    NO MINVALUE
    NO MAXVALUE
    CACHE 1;


ALTER TABLE public.story_mentions_id_seq OWNER TO postgres;

--
-- Name: story_mentions_id_seq; Type: SEQUENCE OWNED BY; Schema: public; Owner: postgres
--

ALTER SEQUENCE public.story_mentions_id_seq OWNED BY public.story_mentions.id;


--
-- Name: story_reports; Type: TABLE; Schema: public; Owner: postgres
--

CREATE TABLE public.story_reports (
    id bigint NOT NULL,
    user_id integer NOT NULL,
    story_id integer NOT NULL,
    reason text NOT NULL,
    problem_id integer DEFAULT 1 NOT NULL,
    created_at timestamp(0) without time zone,
    updated_at timestamp(0) without time zone
);


ALTER TABLE public.story_reports OWNER TO postgres;

--
-- Name: story_reports_id_seq; Type: SEQUENCE; Schema: public; Owner: postgres
--

CREATE SEQUENCE public.story_reports_id_seq
    START WITH 1
    INCREMENT BY 1
    NO MINVALUE
    NO MAXVALUE
    CACHE 1;


ALTER TABLE public.story_reports_id_seq OWNER TO postgres;

--
-- Name: story_reports_id_seq; Type: SEQUENCE OWNED BY; Schema: public; Owner: postgres
--

ALTER SEQUENCE public.story_reports_id_seq OWNED BY public.story_reports.id;


--
-- Name: story_views; Type: TABLE; Schema: public; Owner: postgres
--

CREATE TABLE public.story_views (
    id bigint NOT NULL,
    user_id integer NOT NULL,
    story_id integer NOT NULL,
    created_at timestamp(0) without time zone,
    updated_at timestamp(0) without time zone
);


ALTER TABLE public.story_views OWNER TO postgres;

--
-- Name: story_views_id_seq; Type: SEQUENCE; Schema: public; Owner: postgres
--

CREATE SEQUENCE public.story_views_id_seq
    START WITH 1
    INCREMENT BY 1
    NO MINVALUE
    NO MAXVALUE
    CACHE 1;


ALTER TABLE public.story_views_id_seq OWNER TO postgres;

--
-- Name: story_views_id_seq; Type: SEQUENCE OWNED BY; Schema: public; Owner: postgres
--

ALTER SEQUENCE public.story_views_id_seq OWNED BY public.story_views.id;


--
-- Name: subscriber; Type: TABLE; Schema: public; Owner: postgres
--

CREATE TABLE public.subscriber (
    id bigint NOT NULL,
    email character varying(255),
    created_at timestamp(0) without time zone,
    updated_at timestamp(0) without time zone
);


ALTER TABLE public.subscriber OWNER TO postgres;

--
-- Name: subscriber_id_seq; Type: SEQUENCE; Schema: public; Owner: postgres
--

CREATE SEQUENCE public.subscriber_id_seq
    START WITH 1
    INCREMENT BY 1
    NO MINVALUE
    NO MAXVALUE
    CACHE 1;


ALTER TABLE public.subscriber_id_seq OWNER TO postgres;

--
-- Name: subscriber_id_seq; Type: SEQUENCE OWNED BY; Schema: public; Owner: postgres
--

ALTER SEQUENCE public.subscriber_id_seq OWNED BY public.subscriber.id;


--
-- Name: temp_order_products; Type: TABLE; Schema: public; Owner: postgres
--

CREATE TABLE public.temp_order_products (
    id bigint NOT NULL,
    order_id integer DEFAULT 0 NOT NULL,
    product_id integer DEFAULT 0 NOT NULL,
    product_attribute_id integer DEFAULT 0 NOT NULL,
    product_type integer DEFAULT 0 NOT NULL,
    quantity integer DEFAULT 0 NOT NULL,
    price double precision,
    discount double precision,
    total double precision,
    vendor_id integer DEFAULT 0 NOT NULL,
    admin_commission double precision,
    vendor_commission double precision,
    shipping_charge double precision,
    grand_total double precision,
    admin_commission_percentage double precision
);


ALTER TABLE public.temp_order_products OWNER TO postgres;

--
-- Name: temp_order_products_id_seq; Type: SEQUENCE; Schema: public; Owner: postgres
--

CREATE SEQUENCE public.temp_order_products_id_seq
    START WITH 1
    INCREMENT BY 1
    NO MINVALUE
    NO MAXVALUE
    CACHE 1;


ALTER TABLE public.temp_order_products_id_seq OWNER TO postgres;

--
-- Name: temp_order_products_id_seq; Type: SEQUENCE OWNED BY; Schema: public; Owner: postgres
--

ALTER SEQUENCE public.temp_order_products_id_seq OWNED BY public.temp_order_products.id;


--
-- Name: temp_orders; Type: TABLE; Schema: public; Owner: postgres
--

CREATE TABLE public.temp_orders (
    id bigint NOT NULL,
    invoice_id character varying(100),
    user_id integer DEFAULT 0 NOT NULL,
    address_id integer DEFAULT 0 NOT NULL,
    total double precision DEFAULT '0'::double precision,
    vat double precision DEFAULT '0'::double precision,
    discount double precision DEFAULT '0'::double precision,
    grand_total double precision DEFAULT '0'::double precision,
    payment_mode integer DEFAULT 0 NOT NULL,
    admin_commission double precision DEFAULT '0'::double precision,
    vendor_commission double precision DEFAULT '0'::double precision,
    shipping_charge double precision DEFAULT '0'::double precision,
    temp_id character varying(255) NOT NULL,
    coupon_code character varying(255),
    coupon_id integer DEFAULT 0,
    store_id integer DEFAULT 0 NOT NULL,
    request_deligate integer DEFAULT 0 NOT NULL
);


ALTER TABLE public.temp_orders OWNER TO postgres;

--
-- Name: temp_orders_id_seq; Type: SEQUENCE; Schema: public; Owner: postgres
--

CREATE SEQUENCE public.temp_orders_id_seq
    START WITH 1
    INCREMENT BY 1
    NO MINVALUE
    NO MAXVALUE
    CACHE 1;


ALTER TABLE public.temp_orders_id_seq OWNER TO postgres;

--
-- Name: temp_orders_id_seq; Type: SEQUENCE OWNED BY; Schema: public; Owner: postgres
--

ALTER SEQUENCE public.temp_orders_id_seq OWNED BY public.temp_orders.id;


--
-- Name: temp_users; Type: TABLE; Schema: public; Owner: postgres
--

CREATE TABLE public.temp_users (
    id bigint NOT NULL,
    name character varying(255),
    email character varying(255),
    dial_code character varying(255),
    phone character varying(255) NOT NULL,
    phone_verified integer DEFAULT 0 NOT NULL,
    active integer DEFAULT 0 NOT NULL,
    email_verified integer DEFAULT 0 NOT NULL,
    password character varying(255) NOT NULL,
    email_verified_at timestamp(0) without time zone,
    role character varying(255),
    first_name character varying(255),
    last_name character varying(255),
    user_image character varying(255),
    user_phone_otp character varying(255),
    user_email_otp character varying(255),
    user_device_token character varying(255),
    user_device_type character varying(255),
    user_access_token character varying(255),
    firebase_user_key character varying(255),
    device_cart_id character varying(255),
    created_at timestamp(0) without time zone,
    updated_at timestamp(0) without time zone
);


ALTER TABLE public.temp_users OWNER TO postgres;

--
-- Name: temp_users_id_seq; Type: SEQUENCE; Schema: public; Owner: postgres
--

CREATE SEQUENCE public.temp_users_id_seq
    START WITH 1
    INCREMENT BY 1
    NO MINVALUE
    NO MAXVALUE
    CACHE 1;


ALTER TABLE public.temp_users_id_seq OWNER TO postgres;

--
-- Name: temp_users_id_seq; Type: SEQUENCE OWNED BY; Schema: public; Owner: postgres
--

ALTER SEQUENCE public.temp_users_id_seq OWNED BY public.temp_users.id;


--
-- Name: user_address; Type: TABLE; Schema: public; Owner: postgres
--

CREATE TABLE public.user_address (
    id bigint NOT NULL,
    user_id bigint NOT NULL,
    street character varying(255) NOT NULL,
    location text NOT NULL,
    country_id integer DEFAULT 0 NOT NULL,
    state_id integer DEFAULT 0 NOT NULL,
    city_id integer DEFAULT 0 NOT NULL,
    address_type character varying(255) DEFAULT 'Home'::character varying NOT NULL,
    status integer DEFAULT 1 NOT NULL,
    is_default integer DEFAULT 0 NOT NULL,
    created_at timestamp(0) without time zone,
    updated_at timestamp(0) without time zone,
    land_mark character varying(600),
    building character varying(600),
    latitude character varying(600),
    longitude character varying(600),
    apartment character varying(255)
);


ALTER TABLE public.user_address OWNER TO postgres;

--
-- Name: user_address_id_seq; Type: SEQUENCE; Schema: public; Owner: postgres
--

CREATE SEQUENCE public.user_address_id_seq
    START WITH 1
    INCREMENT BY 1
    NO MINVALUE
    NO MAXVALUE
    CACHE 1;


ALTER TABLE public.user_address_id_seq OWNER TO postgres;

--
-- Name: user_address_id_seq; Type: SEQUENCE OWNED BY; Schema: public; Owner: postgres
--

ALTER SEQUENCE public.user_address_id_seq OWNED BY public.user_address.id;


--
-- Name: user_favorites; Type: TABLE; Schema: public; Owner: postgres
--

CREATE TABLE public.user_favorites (
    id bigint NOT NULL,
    user_id integer NOT NULL,
    fav_user_id integer NOT NULL,
    created_at timestamp(0) without time zone,
    updated_at timestamp(0) without time zone
);


ALTER TABLE public.user_favorites OWNER TO postgres;

--
-- Name: user_favorites_id_seq; Type: SEQUENCE; Schema: public; Owner: postgres
--

CREATE SEQUENCE public.user_favorites_id_seq
    START WITH 1
    INCREMENT BY 1
    NO MINVALUE
    NO MAXVALUE
    CACHE 1;


ALTER TABLE public.user_favorites_id_seq OWNER TO postgres;

--
-- Name: user_favorites_id_seq; Type: SEQUENCE OWNED BY; Schema: public; Owner: postgres
--

ALTER SEQUENCE public.user_favorites_id_seq OWNED BY public.user_favorites.id;


--
-- Name: user_follows; Type: TABLE; Schema: public; Owner: postgres
--

CREATE TABLE public.user_follows (
    id bigint NOT NULL,
    user_id integer NOT NULL,
    follow_user_id integer NOT NULL,
    created_at timestamp(0) without time zone,
    updated_at timestamp(0) without time zone,
    request_accept_status integer DEFAULT 1 NOT NULL
);


ALTER TABLE public.user_follows OWNER TO postgres;

--
-- Name: user_follows_id_seq; Type: SEQUENCE; Schema: public; Owner: postgres
--

CREATE SEQUENCE public.user_follows_id_seq
    START WITH 1
    INCREMENT BY 1
    NO MINVALUE
    NO MAXVALUE
    CACHE 1;


ALTER TABLE public.user_follows_id_seq OWNER TO postgres;

--
-- Name: user_follows_id_seq; Type: SEQUENCE OWNED BY; Schema: public; Owner: postgres
--

ALTER SEQUENCE public.user_follows_id_seq OWNED BY public.user_follows.id;


--
-- Name: user_locations; Type: TABLE; Schema: public; Owner: postgres
--

CREATE TABLE public.user_locations (
    id bigint NOT NULL,
    user_id integer NOT NULL,
    lattitude character varying(255) NOT NULL,
    longitude character varying(255) NOT NULL,
    created_at timestamp(0) without time zone,
    updated_at timestamp(0) without time zone,
    location_name text
);


ALTER TABLE public.user_locations OWNER TO postgres;

--
-- Name: user_locations_id_seq; Type: SEQUENCE; Schema: public; Owner: postgres
--

CREATE SEQUENCE public.user_locations_id_seq
    START WITH 1
    INCREMENT BY 1
    NO MINVALUE
    NO MAXVALUE
    CACHE 1;


ALTER TABLE public.user_locations_id_seq OWNER TO postgres;

--
-- Name: user_locations_id_seq; Type: SEQUENCE OWNED BY; Schema: public; Owner: postgres
--

ALTER SEQUENCE public.user_locations_id_seq OWNED BY public.user_locations.id;


--
-- Name: user_privileges; Type: TABLE; Schema: public; Owner: postgres
--

CREATE TABLE public.user_privileges (
    id bigint NOT NULL,
    user_id bigint NOT NULL,
    designation_id bigint NOT NULL,
    privileges character varying(1600),
    status smallint DEFAULT '1'::smallint,
    created_at timestamp(0) without time zone,
    updated_at timestamp(0) without time zone
);


ALTER TABLE public.user_privileges OWNER TO postgres;

--
-- Name: user_privileges_id_seq; Type: SEQUENCE; Schema: public; Owner: postgres
--

CREATE SEQUENCE public.user_privileges_id_seq
    START WITH 1
    INCREMENT BY 1
    NO MINVALUE
    NO MAXVALUE
    CACHE 1;


ALTER TABLE public.user_privileges_id_seq OWNER TO postgres;

--
-- Name: user_privileges_id_seq; Type: SEQUENCE OWNED BY; Schema: public; Owner: postgres
--

ALTER SEQUENCE public.user_privileges_id_seq OWNED BY public.user_privileges.id;


--
-- Name: user_profile_view_insights; Type: TABLE; Schema: public; Owner: postgres
--

CREATE TABLE public.user_profile_view_insights (
    id bigint NOT NULL,
    viewed_user_id integer NOT NULL,
    viewed_profile_user_id integer NOT NULL,
    created_at timestamp(0) without time zone,
    updated_at timestamp(0) without time zone
);


ALTER TABLE public.user_profile_view_insights OWNER TO postgres;

--
-- Name: user_profile_view_insights_id_seq; Type: SEQUENCE; Schema: public; Owner: postgres
--

CREATE SEQUENCE public.user_profile_view_insights_id_seq
    START WITH 1
    INCREMENT BY 1
    NO MINVALUE
    NO MAXVALUE
    CACHE 1;


ALTER TABLE public.user_profile_view_insights_id_seq OWNER TO postgres;

--
-- Name: user_profile_view_insights_id_seq; Type: SEQUENCE OWNED BY; Schema: public; Owner: postgres
--

ALTER SEQUENCE public.user_profile_view_insights_id_seq OWNED BY public.user_profile_view_insights.id;


--
-- Name: user_reports; Type: TABLE; Schema: public; Owner: postgres
--

CREATE TABLE public.user_reports (
    id bigint NOT NULL,
    user_id integer NOT NULL,
    reported_user_id integer NOT NULL,
    reason text NOT NULL,
    created_at timestamp(0) without time zone,
    updated_at timestamp(0) without time zone,
    problem_id integer DEFAULT 1 NOT NULL
);


ALTER TABLE public.user_reports OWNER TO postgres;

--
-- Name: user_reports_id_seq; Type: SEQUENCE; Schema: public; Owner: postgres
--

CREATE SEQUENCE public.user_reports_id_seq
    START WITH 1
    INCREMENT BY 1
    NO MINVALUE
    NO MAXVALUE
    CACHE 1;


ALTER TABLE public.user_reports_id_seq OWNER TO postgres;

--
-- Name: user_reports_id_seq; Type: SEQUENCE OWNED BY; Schema: public; Owner: postgres
--

ALTER SEQUENCE public.user_reports_id_seq OWNED BY public.user_reports.id;


--
-- Name: user_vehicle; Type: TABLE; Schema: public; Owner: postgres
--

CREATE TABLE public.user_vehicle (
    id bigint NOT NULL,
    vehicle_type integer,
    user_id integer,
    vehicle_front character varying(600),
    vehicle_back character varying(600),
    vehicle_registration character varying(600),
    driving_license character varying(600),
    deleted integer DEFAULT 0,
    created_at timestamp(0) without time zone,
    updated_at timestamp(0) without time zone
);


ALTER TABLE public.user_vehicle OWNER TO postgres;

--
-- Name: user_vehicle_id_seq; Type: SEQUENCE; Schema: public; Owner: postgres
--

CREATE SEQUENCE public.user_vehicle_id_seq
    START WITH 1
    INCREMENT BY 1
    NO MINVALUE
    NO MAXVALUE
    CACHE 1;


ALTER TABLE public.user_vehicle_id_seq OWNER TO postgres;

--
-- Name: user_vehicle_id_seq; Type: SEQUENCE OWNED BY; Schema: public; Owner: postgres
--

ALTER SEQUENCE public.user_vehicle_id_seq OWNED BY public.user_vehicle.id;


--
-- Name: users; Type: TABLE; Schema: public; Owner: postgres
--

CREATE TABLE public.users (
    id bigint NOT NULL,
    name character varying(255),
    email character varying(255),
    dial_code character varying(255),
    phone character varying(255) NOT NULL,
    phone_verified integer DEFAULT 0 NOT NULL,
    password character varying(255) NOT NULL,
    email_verified_at timestamp(0) without time zone,
    role character varying(255),
    first_name character varying(255),
    last_name character varying(255),
    user_image character varying(255),
    user_phone_otp character varying(255),
    user_device_token character varying(255),
    user_device_type character varying(255),
    user_access_token character varying(255),
    firebase_user_key character varying(255),
    remember_token character varying(100),
    created_at timestamp(0) without time zone,
    updated_at timestamp(0) without time zone,
    country_id integer DEFAULT 0 NOT NULL,
    state_id integer DEFAULT 0 NOT NULL,
    city_id integer DEFAULT 0 NOT NULL,
    area integer DEFAULT 0 NOT NULL,
    active integer DEFAULT 0 NOT NULL,
    deleted integer DEFAULT 0 NOT NULL,
    display_name character varying(600),
    business_name character varying(600),
    email_verified integer DEFAULT 0 NOT NULL,
    user_email_otp character varying(255),
    dob date,
    vendor integer DEFAULT 0 NOT NULL,
    store integer DEFAULT 0 NOT NULL,
    previllege integer DEFAULT 0 NOT NULL,
    about_me text,
    verified integer DEFAULT 0 NOT NULL,
    designation_id bigint,
    is_private_profile integer DEFAULT 0 NOT NULL,
    user_name character varying(150),
    gender integer DEFAULT 1 NOT NULL,
    website character varying(2500),
    wallet_amount double precision DEFAULT '0'::double precision NOT NULL,
    password_reset_code character varying(600),
    password_reset_time character varying(600),
    password_reset_otp integer,
    privacy_id integer DEFAULT 999999 NOT NULL,
    send_notification integer DEFAULT 1 NOT NULL,
    mute_message integer DEFAULT 0 NOT NULL,
    commission double precision,
    public_business_info integer DEFAULT 0 NOT NULL,
    facebook_url character varying(600),
    instagram_url character varying(600),
    linkedin_url character varying(600),
    is_social integer DEFAULT 0 NOT NULL,
    twitter_url character varying(600),
    tiktok_url character varying(600),
    user_type_id integer,
    activity_type_id integer,
    commercial_license text,
    commercial_reg_no character varying(600),
    associated_license text,
    res_dial_code integer,
    res_phone character varying(30),
    address character varying(600),
    business_type_id bigint,
    admin_commission_perc double precision DEFAULT '0'::double precision NOT NULL,
    residence_no character varying(600),
    nationality character varying(600),
    rating double precision DEFAULT '0'::double precision NOT NULL,
    rated_users integer DEFAULT 0 NOT NULL,
    banner_image text,
    hide_profile integer DEFAULT 0 NOT NULL,
    temp_dial_code character varying(255) DEFAULT ''::character varying,
    temp_mobile character varying(255) DEFAULT ''::character varying
);


ALTER TABLE public.users OWNER TO postgres;

--
-- Name: users_id_seq; Type: SEQUENCE; Schema: public; Owner: postgres
--

CREATE SEQUENCE public.users_id_seq
    START WITH 1
    INCREMENT BY 1
    NO MINVALUE
    NO MAXVALUE
    CACHE 1;


ALTER TABLE public.users_id_seq OWNER TO postgres;

--
-- Name: users_id_seq; Type: SEQUENCE OWNED BY; Schema: public; Owner: postgres
--

ALTER SEQUENCE public.users_id_seq OWNED BY public.users.id;


--
-- Name: users_role; Type: TABLE; Schema: public; Owner: postgres
--

CREATE TABLE public.users_role (
    id bigint NOT NULL,
    role_name character varying(200) NOT NULL,
    created_at timestamp(0) without time zone,
    updated_at timestamp(0) without time zone
);


ALTER TABLE public.users_role OWNER TO postgres;

--
-- Name: users_role_id_seq; Type: SEQUENCE; Schema: public; Owner: postgres
--

CREATE SEQUENCE public.users_role_id_seq
    START WITH 1
    INCREMENT BY 1
    NO MINVALUE
    NO MAXVALUE
    CACHE 1;


ALTER TABLE public.users_role_id_seq OWNER TO postgres;

--
-- Name: users_role_id_seq; Type: SEQUENCE OWNED BY; Schema: public; Owner: postgres
--

ALTER SEQUENCE public.users_role_id_seq OWNED BY public.users_role.id;


--
-- Name: vendor_details; Type: TABLE; Schema: public; Owner: postgres
--

CREATE TABLE public.vendor_details (
    id bigint NOT NULL,
    homedelivery integer DEFAULT 1 NOT NULL,
    logo character varying(600),
    key_control integer DEFAULT 0 NOT NULL,
    branches integer DEFAULT 0 NOT NULL,
    company_name character varying(600),
    company_brand character varying(600),
    legal_staus character varying(600),
    reg_date timestamp(0) without time zone,
    trade_license character varying(600),
    trade_license_expiry timestamp(0) without time zone,
    vat_reg_number character varying(600),
    vat_reg_expiry timestamp(0) without time zone,
    address1 character varying(600),
    address2 character varying(600),
    street character varying(600),
    state integer DEFAULT 0 NOT NULL,
    city integer DEFAULT 0 NOT NULL,
    area integer DEFAULT 0 NOT NULL,
    zip character varying(300),
    trade_license_doc character varying(600),
    chamber_of_commerce_doc character varying(600),
    share_certificate_doc character varying(600),
    power_attorny_doc character varying(600),
    vat_reg_doc character varying(600),
    signed_agreement_doc character varying(600),
    identy1_type integer DEFAULT 0 NOT NULL,
    identy1_doc character varying(600),
    identy2_type integer DEFAULT 0 NOT NULL,
    identy2_doc character varying(600),
    company_identy1_type integer DEFAULT 0 NOT NULL,
    company_identy1_doc character varying(600),
    company_identy2_type integer DEFAULT 0 NOT NULL,
    company_identy2_doc character varying(600),
    created_at timestamp(0) without time zone,
    updated_at timestamp(0) without time zone,
    industry_type integer DEFAULT 0 NOT NULL,
    user_id integer DEFAULT 0 NOT NULL,
    store_type integer DEFAULT 0 NOT NULL
);


ALTER TABLE public.vendor_details OWNER TO postgres;

--
-- Name: vendor_details_id_seq; Type: SEQUENCE; Schema: public; Owner: postgres
--

CREATE SEQUENCE public.vendor_details_id_seq
    START WITH 1
    INCREMENT BY 1
    NO MINVALUE
    NO MAXVALUE
    CACHE 1;


ALTER TABLE public.vendor_details_id_seq OWNER TO postgres;

--
-- Name: vendor_details_id_seq; Type: SEQUENCE OWNED BY; Schema: public; Owner: postgres
--

ALTER SEQUENCE public.vendor_details_id_seq OWNED BY public.vendor_details.id;


--
-- Name: vendor_holiday_dates; Type: TABLE; Schema: public; Owner: postgres
--

CREATE TABLE public.vendor_holiday_dates (
    id bigint NOT NULL,
    vendor_id integer NOT NULL,
    date date NOT NULL,
    created_at timestamp(0) without time zone,
    updated_at timestamp(0) without time zone
);


ALTER TABLE public.vendor_holiday_dates OWNER TO postgres;

--
-- Name: vendor_holiday_dates_id_seq; Type: SEQUENCE; Schema: public; Owner: postgres
--

CREATE SEQUENCE public.vendor_holiday_dates_id_seq
    START WITH 1
    INCREMENT BY 1
    NO MINVALUE
    NO MAXVALUE
    CACHE 1;


ALTER TABLE public.vendor_holiday_dates_id_seq OWNER TO postgres;

--
-- Name: vendor_holiday_dates_id_seq; Type: SEQUENCE OWNED BY; Schema: public; Owner: postgres
--

ALTER SEQUENCE public.vendor_holiday_dates_id_seq OWNED BY public.vendor_holiday_dates.id;


--
-- Name: vendor_service_timings; Type: TABLE; Schema: public; Owner: postgres
--

CREATE TABLE public.vendor_service_timings (
    id bigint NOT NULL,
    service_id integer DEFAULT 0 NOT NULL,
    vendor integer DEFAULT 0 NOT NULL,
    sunday integer DEFAULT 0 NOT NULL,
    sun_from character varying(255),
    sun_to character varying(255),
    monday integer DEFAULT 0 NOT NULL,
    mon_from character varying(255),
    mon_to character varying(255),
    tuesday integer DEFAULT 0 NOT NULL,
    tues_from character varying(255),
    tues_to character varying(255),
    wednesday integer DEFAULT 0 NOT NULL,
    wed_from character varying(255),
    wed_to character varying(255),
    thursday integer DEFAULT 0 NOT NULL,
    thurs_from character varying(255),
    thurs_to character varying(255),
    friday integer DEFAULT 0 NOT NULL,
    fri_from character varying(255),
    fri_to character varying(255),
    saturday integer DEFAULT 0 NOT NULL,
    sat_from character varying(255),
    sat_to character varying(255),
    created_at timestamp(0) without time zone,
    updated_at timestamp(0) without time zone
);


ALTER TABLE public.vendor_service_timings OWNER TO postgres;

--
-- Name: vendor_service_timings_id_seq; Type: SEQUENCE; Schema: public; Owner: postgres
--

CREATE SEQUENCE public.vendor_service_timings_id_seq
    START WITH 1
    INCREMENT BY 1
    NO MINVALUE
    NO MAXVALUE
    CACHE 1;


ALTER TABLE public.vendor_service_timings_id_seq OWNER TO postgres;

--
-- Name: vendor_service_timings_id_seq; Type: SEQUENCE OWNED BY; Schema: public; Owner: postgres
--

ALTER SEQUENCE public.vendor_service_timings_id_seq OWNED BY public.vendor_service_timings.id;


--
-- Name: videos; Type: TABLE; Schema: public; Owner: postgres
--

CREATE TABLE public.videos (
    id bigint NOT NULL,
    vendor_id integer NOT NULL,
    video text,
    active smallint DEFAULT '1'::smallint NOT NULL,
    deleted integer DEFAULT 0 NOT NULL,
    created_at timestamp(0) without time zone,
    updated_at timestamp(0) without time zone
);


ALTER TABLE public.videos OWNER TO postgres;

--
-- Name: videos_id_seq; Type: SEQUENCE; Schema: public; Owner: postgres
--

CREATE SEQUENCE public.videos_id_seq
    START WITH 1
    INCREMENT BY 1
    NO MINVALUE
    NO MAXVALUE
    CACHE 1;


ALTER TABLE public.videos_id_seq OWNER TO postgres;

--
-- Name: videos_id_seq; Type: SEQUENCE OWNED BY; Schema: public; Owner: postgres
--

ALTER SEQUENCE public.videos_id_seq OWNED BY public.videos.id;


--
-- Name: wallet_histories; Type: TABLE; Schema: public; Owner: postgres
--

CREATE TABLE public.wallet_histories (
    id bigint NOT NULL,
    user_id bigint NOT NULL,
    wallet_amount double precision DEFAULT '0'::double precision NOT NULL,
    pay_type character varying(255) NOT NULL,
    description character varying(255),
    created_at timestamp(0) without time zone,
    updated_at timestamp(0) without time zone,
    pay_method integer DEFAULT 0
);


ALTER TABLE public.wallet_histories OWNER TO postgres;

--
-- Name: wallet_histories_id_seq; Type: SEQUENCE; Schema: public; Owner: postgres
--

CREATE SEQUENCE public.wallet_histories_id_seq
    START WITH 1
    INCREMENT BY 1
    NO MINVALUE
    NO MAXVALUE
    CACHE 1;


ALTER TABLE public.wallet_histories_id_seq OWNER TO postgres;

--
-- Name: wallet_histories_id_seq; Type: SEQUENCE OWNED BY; Schema: public; Owner: postgres
--

ALTER SEQUENCE public.wallet_histories_id_seq OWNED BY public.wallet_histories.id;


--
-- Name: wallet_payment_report; Type: TABLE; Schema: public; Owner: postgres
--

CREATE TABLE public.wallet_payment_report (
    id bigint NOT NULL,
    transaction_id character varying(255),
    payment_status character varying(255),
    user_id integer DEFAULT 0 NOT NULL,
    ref_id character varying(255),
    amount numeric(8,2) NOT NULL,
    method_type integer DEFAULT 1 NOT NULL,
    created_at timestamp(0) without time zone,
    updated_at timestamp(0) without time zone
);


ALTER TABLE public.wallet_payment_report OWNER TO postgres;

--
-- Name: wallet_payment_report_id_seq; Type: SEQUENCE; Schema: public; Owner: postgres
--

CREATE SEQUENCE public.wallet_payment_report_id_seq
    START WITH 1
    INCREMENT BY 1
    NO MINVALUE
    NO MAXVALUE
    CACHE 1;


ALTER TABLE public.wallet_payment_report_id_seq OWNER TO postgres;

--
-- Name: wallet_payment_report_id_seq; Type: SEQUENCE OWNED BY; Schema: public; Owner: postgres
--

ALTER SEQUENCE public.wallet_payment_report_id_seq OWNED BY public.wallet_payment_report.id;


--
-- Name: web_banners; Type: TABLE; Schema: public; Owner: postgres
--

CREATE TABLE public.web_banners (
    id bigint NOT NULL,
    banner_title character varying(600),
    banner_image character varying(600),
    active integer DEFAULT 0 NOT NULL,
    created_by integer DEFAULT 0 NOT NULL,
    updated_by integer DEFAULT 0 NOT NULL,
    category_id integer DEFAULT 0 NOT NULL,
    product_id integer DEFAULT 0 NOT NULL,
    url character varying(600),
    created_at timestamp(0) without time zone,
    updated_at timestamp(0) without time zone,
    type integer DEFAULT 0 NOT NULL
);


ALTER TABLE public.web_banners OWNER TO postgres;

--
-- Name: web_banners_id_seq; Type: SEQUENCE; Schema: public; Owner: postgres
--

CREATE SEQUENCE public.web_banners_id_seq
    START WITH 1
    INCREMENT BY 1
    NO MINVALUE
    NO MAXVALUE
    CACHE 1;


ALTER TABLE public.web_banners_id_seq OWNER TO postgres;

--
-- Name: web_banners_id_seq; Type: SEQUENCE OWNED BY; Schema: public; Owner: postgres
--

ALTER SEQUENCE public.web_banners_id_seq OWNED BY public.web_banners.id;


--
-- Name: websockets_statistics_entries; Type: TABLE; Schema: public; Owner: postgres
--

CREATE TABLE public.websockets_statistics_entries (
    id integer NOT NULL,
    app_id character varying(255) NOT NULL,
    peak_connection_count integer NOT NULL,
    websocket_message_count integer NOT NULL,
    api_message_count integer NOT NULL,
    created_at timestamp(0) without time zone,
    updated_at timestamp(0) without time zone
);


ALTER TABLE public.websockets_statistics_entries OWNER TO postgres;

--
-- Name: websockets_statistics_entries_id_seq; Type: SEQUENCE; Schema: public; Owner: postgres
--

CREATE SEQUENCE public.websockets_statistics_entries_id_seq
    AS integer
    START WITH 1
    INCREMENT BY 1
    NO MINVALUE
    NO MAXVALUE
    CACHE 1;


ALTER TABLE public.websockets_statistics_entries_id_seq OWNER TO postgres;

--
-- Name: websockets_statistics_entries_id_seq; Type: SEQUENCE OWNED BY; Schema: public; Owner: postgres
--

ALTER SEQUENCE public.websockets_statistics_entries_id_seq OWNED BY public.websockets_statistics_entries.id;


--
-- Name: wholesale_order_items; Type: TABLE; Schema: public; Owner: postgres
--

CREATE TABLE public.wholesale_order_items (
    id bigint NOT NULL,
    wholesale_order_id integer NOT NULL,
    menu_item_id integer NOT NULL,
    quantity character varying(255) NOT NULL,
    price character varying(255) NOT NULL,
    total_amount character varying(255) NOT NULL,
    created_at timestamp(0) without time zone,
    updated_at timestamp(0) without time zone
);


ALTER TABLE public.wholesale_order_items OWNER TO postgres;

--
-- Name: wholesale_order_items_id_seq; Type: SEQUENCE; Schema: public; Owner: postgres
--

CREATE SEQUENCE public.wholesale_order_items_id_seq
    START WITH 1
    INCREMENT BY 1
    NO MINVALUE
    NO MAXVALUE
    CACHE 1;


ALTER TABLE public.wholesale_order_items_id_seq OWNER TO postgres;

--
-- Name: wholesale_order_items_id_seq; Type: SEQUENCE OWNED BY; Schema: public; Owner: postgres
--

ALTER SEQUENCE public.wholesale_order_items_id_seq OWNED BY public.wholesale_order_items.id;


--
-- Name: wholesale_orders; Type: TABLE; Schema: public; Owner: postgres
--

CREATE TABLE public.wholesale_orders (
    id bigint NOT NULL,
    user_id integer NOT NULL,
    vendor_id integer NOT NULL,
    status_id integer NOT NULL,
    approved integer DEFAULT '-1'::integer NOT NULL,
    order_number character varying(255),
    total_quantity character varying(255) NOT NULL,
    total_amount character varying(255) NOT NULL,
    shipping_address character varying(255),
    delivery_option integer,
    payment_method character varying(255),
    created_at timestamp(0) without time zone,
    updated_at timestamp(0) without time zone,
    admin_commission double precision DEFAULT '0'::double precision NOT NULL
);


ALTER TABLE public.wholesale_orders OWNER TO postgres;

--
-- Name: wholesale_orders_id_seq; Type: SEQUENCE; Schema: public; Owner: postgres
--

CREATE SEQUENCE public.wholesale_orders_id_seq
    START WITH 1
    INCREMENT BY 1
    NO MINVALUE
    NO MAXVALUE
    CACHE 1;


ALTER TABLE public.wholesale_orders_id_seq OWNER TO postgres;

--
-- Name: wholesale_orders_id_seq; Type: SEQUENCE OWNED BY; Schema: public; Owner: postgres
--

ALTER SEQUENCE public.wholesale_orders_id_seq OWNED BY public.wholesale_orders.id;


--
-- Name: account_type id; Type: DEFAULT; Schema: public; Owner: postgres
--

ALTER TABLE ONLY public.account_type ALTER COLUMN id SET DEFAULT nextval('public.account_type_id_seq'::regclass);


--
-- Name: activity_type id; Type: DEFAULT; Schema: public; Owner: postgres
--

ALTER TABLE ONLY public.activity_type ALTER COLUMN id SET DEFAULT nextval('public.activity_type_id_seq'::regclass);


--
-- Name: admin_designation id; Type: DEFAULT; Schema: public; Owner: postgres
--

ALTER TABLE ONLY public.admin_designation ALTER COLUMN id SET DEFAULT nextval('public.admin_designation_id_seq'::regclass);


--
-- Name: amount_type id; Type: DEFAULT; Schema: public; Owner: postgres
--

ALTER TABLE ONLY public.amount_type ALTER COLUMN id SET DEFAULT nextval('public.amount_type_id_seq'::regclass);


--
-- Name: app_banners id; Type: DEFAULT; Schema: public; Owner: postgres
--

ALTER TABLE ONLY public.app_banners ALTER COLUMN id SET DEFAULT nextval('public.app_banners_id_seq'::regclass);


--
-- Name: appointment_times id; Type: DEFAULT; Schema: public; Owner: postgres
--

ALTER TABLE ONLY public.appointment_times ALTER COLUMN id SET DEFAULT nextval('public.appointment_times_id_seq'::regclass);


--
-- Name: appointment_types id; Type: DEFAULT; Schema: public; Owner: postgres
--

ALTER TABLE ONLY public.appointment_types ALTER COLUMN id SET DEFAULT nextval('public.appointment_types_id_seq'::regclass);


--
-- Name: articles id; Type: DEFAULT; Schema: public; Owner: postgres
--

ALTER TABLE ONLY public.articles ALTER COLUMN id SET DEFAULT nextval('public.articles_id_seq'::regclass);


--
-- Name: attribute_type id; Type: DEFAULT; Schema: public; Owner: postgres
--

ALTER TABLE ONLY public.attribute_type ALTER COLUMN id SET DEFAULT nextval('public.attribute_type_id_seq'::regclass);


--
-- Name: attribute_values id; Type: DEFAULT; Schema: public; Owner: postgres
--

ALTER TABLE ONLY public.attribute_values ALTER COLUMN id SET DEFAULT nextval('public.attribute_values_id_seq'::regclass);


--
-- Name: attributes id; Type: DEFAULT; Schema: public; Owner: postgres
--

ALTER TABLE ONLY public.attributes ALTER COLUMN id SET DEFAULT nextval('public.attributes_id_seq'::regclass);


--
-- Name: bad_words id; Type: DEFAULT; Schema: public; Owner: postgres
--

ALTER TABLE ONLY public.bad_words ALTER COLUMN id SET DEFAULT nextval('public.bad_words_id_seq'::regclass);


--
-- Name: bank id; Type: DEFAULT; Schema: public; Owner: postgres
--

ALTER TABLE ONLY public.bank ALTER COLUMN id SET DEFAULT nextval('public.bank_id_seq'::regclass);


--
-- Name: bank_code_types id; Type: DEFAULT; Schema: public; Owner: postgres
--

ALTER TABLE ONLY public.bank_code_types ALTER COLUMN id SET DEFAULT nextval('public.bank_code_types_id_seq'::regclass);


--
-- Name: bank_details id; Type: DEFAULT; Schema: public; Owner: postgres
--

ALTER TABLE ONLY public.bank_details ALTER COLUMN id SET DEFAULT nextval('public.bank_details_id_seq'::regclass);


--
-- Name: block_users id; Type: DEFAULT; Schema: public; Owner: postgres
--

ALTER TABLE ONLY public.block_users ALTER COLUMN id SET DEFAULT nextval('public.block_users_id_seq'::regclass);


--
-- Name: brand id; Type: DEFAULT; Schema: public; Owner: postgres
--

ALTER TABLE ONLY public.brand ALTER COLUMN id SET DEFAULT nextval('public.brand_id_seq'::regclass);


--
-- Name: breeds id; Type: DEFAULT; Schema: public; Owner: postgres
--

ALTER TABLE ONLY public.breeds ALTER COLUMN id SET DEFAULT nextval('public.breeds_id_seq'::regclass);


--
-- Name: cart id; Type: DEFAULT; Schema: public; Owner: postgres
--

ALTER TABLE ONLY public.cart ALTER COLUMN id SET DEFAULT nextval('public.cart_id_seq'::regclass);


--
-- Name: cart_food id; Type: DEFAULT; Schema: public; Owner: postgres
--

ALTER TABLE ONLY public.cart_food ALTER COLUMN id SET DEFAULT nextval('public.cart_food_id_seq'::regclass);


--
-- Name: category id; Type: DEFAULT; Schema: public; Owner: postgres
--

ALTER TABLE ONLY public.category ALTER COLUMN id SET DEFAULT nextval('public.category_id_seq'::regclass);


--
-- Name: cities id; Type: DEFAULT; Schema: public; Owner: postgres
--

ALTER TABLE ONLY public.cities ALTER COLUMN id SET DEFAULT nextval('public.cities_id_seq'::regclass);


--
-- Name: comment_likes id; Type: DEFAULT; Schema: public; Owner: postgres
--

ALTER TABLE ONLY public.comment_likes ALTER COLUMN id SET DEFAULT nextval('public.comment_likes_id_seq'::regclass);


--
-- Name: comment_taged_users id; Type: DEFAULT; Schema: public; Owner: postgres
--

ALTER TABLE ONLY public.comment_taged_users ALTER COLUMN id SET DEFAULT nextval('public.comment_taged_users_id_seq'::regclass);


--
-- Name: contact_us id; Type: DEFAULT; Schema: public; Owner: postgres
--

ALTER TABLE ONLY public.contact_us ALTER COLUMN id SET DEFAULT nextval('public.contact_us_id_seq'::regclass);


--
-- Name: contact_us_settings id; Type: DEFAULT; Schema: public; Owner: postgres
--

ALTER TABLE ONLY public.contact_us_settings ALTER COLUMN id SET DEFAULT nextval('public.contact_us_settings_id_seq'::regclass);


--
-- Name: country id; Type: DEFAULT; Schema: public; Owner: postgres
--

ALTER TABLE ONLY public.country ALTER COLUMN id SET DEFAULT nextval('public.country_id_seq'::regclass);


--
-- Name: coupon coupon_id; Type: DEFAULT; Schema: public; Owner: postgres
--

ALTER TABLE ONLY public.coupon ALTER COLUMN coupon_id SET DEFAULT nextval('public.coupon_coupon_id_seq'::regclass);


--
-- Name: coupon_category id; Type: DEFAULT; Schema: public; Owner: postgres
--

ALTER TABLE ONLY public.coupon_category ALTER COLUMN id SET DEFAULT nextval('public.coupon_category_id_seq'::regclass);


--
-- Name: coupon_histories id; Type: DEFAULT; Schema: public; Owner: postgres
--

ALTER TABLE ONLY public.coupon_histories ALTER COLUMN id SET DEFAULT nextval('public.coupon_histories_id_seq'::regclass);


--
-- Name: coupon_products id; Type: DEFAULT; Schema: public; Owner: postgres
--

ALTER TABLE ONLY public.coupon_products ALTER COLUMN id SET DEFAULT nextval('public.coupon_products_id_seq'::regclass);


--
-- Name: db_notifications id; Type: DEFAULT; Schema: public; Owner: postgres
--

ALTER TABLE ONLY public.db_notifications ALTER COLUMN id SET DEFAULT nextval('public.db_notifications_id_seq'::regclass);


--
-- Name: deligates id; Type: DEFAULT; Schema: public; Owner: postgres
--

ALTER TABLE ONLY public.deligates ALTER COLUMN id SET DEFAULT nextval('public.deligates_id_seq'::regclass);


--
-- Name: designations id; Type: DEFAULT; Schema: public; Owner: postgres
--

ALTER TABLE ONLY public.designations ALTER COLUMN id SET DEFAULT nextval('public.designations_id_seq'::regclass);


--
-- Name: doctor_calender_temps id; Type: DEFAULT; Schema: public; Owner: postgres
--

ALTER TABLE ONLY public.doctor_calender_temps ALTER COLUMN id SET DEFAULT nextval('public.doctor_calender_temps_id_seq'::regclass);


--
-- Name: doctor_calenders id; Type: DEFAULT; Schema: public; Owner: postgres
--

ALTER TABLE ONLY public.doctor_calenders ALTER COLUMN id SET DEFAULT nextval('public.doctor_calenders_id_seq'::regclass);


--
-- Name: doctors id; Type: DEFAULT; Schema: public; Owner: postgres
--

ALTER TABLE ONLY public.doctors ALTER COLUMN id SET DEFAULT nextval('public.doctors_id_seq'::regclass);


--
-- Name: doggy_play_time_dates id; Type: DEFAULT; Schema: public; Owner: postgres
--

ALTER TABLE ONLY public.doggy_play_time_dates ALTER COLUMN id SET DEFAULT nextval('public.doggy_play_time_dates_id_seq'::regclass);


--
-- Name: doggy_play_time_temp_bookings id; Type: DEFAULT; Schema: public; Owner: postgres
--

ALTER TABLE ONLY public.doggy_play_time_temp_bookings ALTER COLUMN id SET DEFAULT nextval('public.doggy_play_time_temp_bookings_id_seq'::regclass);


--
-- Name: failed_jobs id; Type: DEFAULT; Schema: public; Owner: postgres
--

ALTER TABLE ONLY public.failed_jobs ALTER COLUMN id SET DEFAULT nextval('public.failed_jobs_id_seq'::regclass);


--
-- Name: faq id; Type: DEFAULT; Schema: public; Owner: postgres
--

ALTER TABLE ONLY public.faq ALTER COLUMN id SET DEFAULT nextval('public.faq_id_seq'::regclass);


--
-- Name: favourite_moda_items id; Type: DEFAULT; Schema: public; Owner: postgres
--

ALTER TABLE ONLY public.favourite_moda_items ALTER COLUMN id SET DEFAULT nextval('public.favourite_moda_items_id_seq'::regclass);


--
-- Name: favourite_modas id; Type: DEFAULT; Schema: public; Owner: postgres
--

ALTER TABLE ONLY public.favourite_modas ALTER COLUMN id SET DEFAULT nextval('public.favourite_modas_id_seq'::regclass);


--
-- Name: feeding_schedules id; Type: DEFAULT; Schema: public; Owner: postgres
--

ALTER TABLE ONLY public.feeding_schedules ALTER COLUMN id SET DEFAULT nextval('public.feeding_schedules_id_seq'::regclass);


--
-- Name: food_categories id; Type: DEFAULT; Schema: public; Owner: postgres
--

ALTER TABLE ONLY public.food_categories ALTER COLUMN id SET DEFAULT nextval('public.food_categories_id_seq'::regclass);


--
-- Name: food_category_products id; Type: DEFAULT; Schema: public; Owner: postgres
--

ALTER TABLE ONLY public.food_category_products ALTER COLUMN id SET DEFAULT nextval('public.food_category_products_id_seq'::regclass);


--
-- Name: food_headings id; Type: DEFAULT; Schema: public; Owner: postgres
--

ALTER TABLE ONLY public.food_headings ALTER COLUMN id SET DEFAULT nextval('public.food_headings_id_seq'::regclass);


--
-- Name: food_items id; Type: DEFAULT; Schema: public; Owner: postgres
--

ALTER TABLE ONLY public.food_items ALTER COLUMN id SET DEFAULT nextval('public.food_items_id_seq'::regclass);


--
-- Name: food_menu_products id; Type: DEFAULT; Schema: public; Owner: postgres
--

ALTER TABLE ONLY public.food_menu_products ALTER COLUMN id SET DEFAULT nextval('public.food_menu_products_id_seq'::regclass);


--
-- Name: food_product_combo_items id; Type: DEFAULT; Schema: public; Owner: postgres
--

ALTER TABLE ONLY public.food_product_combo_items ALTER COLUMN id SET DEFAULT nextval('public.food_product_combo_items_id_seq'::regclass);


--
-- Name: food_product_combos id; Type: DEFAULT; Schema: public; Owner: postgres
--

ALTER TABLE ONLY public.food_product_combos ALTER COLUMN id SET DEFAULT nextval('public.food_product_combos_id_seq'::regclass);


--
-- Name: food_products id; Type: DEFAULT; Schema: public; Owner: postgres
--

ALTER TABLE ONLY public.food_products ALTER COLUMN id SET DEFAULT nextval('public.food_products_id_seq'::regclass);


--
-- Name: foods id; Type: DEFAULT; Schema: public; Owner: postgres
--

ALTER TABLE ONLY public.foods ALTER COLUMN id SET DEFAULT nextval('public.foods_id_seq'::regclass);


--
-- Name: groomer_calender_temps id; Type: DEFAULT; Schema: public; Owner: postgres
--

ALTER TABLE ONLY public.groomer_calender_temps ALTER COLUMN id SET DEFAULT nextval('public.groomer_calender_temps_id_seq'::regclass);


--
-- Name: groomer_calenders id; Type: DEFAULT; Schema: public; Owner: postgres
--

ALTER TABLE ONLY public.groomer_calenders ALTER COLUMN id SET DEFAULT nextval('public.groomer_calenders_id_seq'::regclass);


--
-- Name: groomers id; Type: DEFAULT; Schema: public; Owner: postgres
--

ALTER TABLE ONLY public.groomers ALTER COLUMN id SET DEFAULT nextval('public.groomers_id_seq'::regclass);


--
-- Name: grooming_types id; Type: DEFAULT; Schema: public; Owner: postgres
--

ALTER TABLE ONLY public.grooming_types ALTER COLUMN id SET DEFAULT nextval('public.grooming_types_id_seq'::regclass);


--
-- Name: hair_colors id; Type: DEFAULT; Schema: public; Owner: postgres
--

ALTER TABLE ONLY public.hair_colors ALTER COLUMN id SET DEFAULT nextval('public.hair_colors_id_seq'::regclass);


--
-- Name: hash_tags id; Type: DEFAULT; Schema: public; Owner: postgres
--

ALTER TABLE ONLY public.hash_tags ALTER COLUMN id SET DEFAULT nextval('public.hash_tags_id_seq'::regclass);


--
-- Name: help id; Type: DEFAULT; Schema: public; Owner: postgres
--

ALTER TABLE ONLY public.help ALTER COLUMN id SET DEFAULT nextval('public.help_id_seq'::regclass);


--
-- Name: hide_posts id; Type: DEFAULT; Schema: public; Owner: postgres
--

ALTER TABLE ONLY public.hide_posts ALTER COLUMN id SET DEFAULT nextval('public.hide_posts_id_seq'::regclass);


--
-- Name: hide_stories id; Type: DEFAULT; Schema: public; Owner: postgres
--

ALTER TABLE ONLY public.hide_stories ALTER COLUMN id SET DEFAULT nextval('public.hide_stories_id_seq'::regclass);


--
-- Name: industry_types id; Type: DEFAULT; Schema: public; Owner: postgres
--

ALTER TABLE ONLY public.industry_types ALTER COLUMN id SET DEFAULT nextval('public.industry_types_id_seq'::regclass);


--
-- Name: insurance_providers id; Type: DEFAULT; Schema: public; Owner: postgres
--

ALTER TABLE ONLY public.insurance_providers ALTER COLUMN id SET DEFAULT nextval('public.insurance_providers_id_seq'::regclass);


--
-- Name: menu_item_types id; Type: DEFAULT; Schema: public; Owner: postgres
--

ALTER TABLE ONLY public.menu_item_types ALTER COLUMN id SET DEFAULT nextval('public.menu_item_types_id_seq'::regclass);


--
-- Name: menu_items id; Type: DEFAULT; Schema: public; Owner: postgres
--

ALTER TABLE ONLY public.menu_items ALTER COLUMN id SET DEFAULT nextval('public.menu_items_id_seq'::regclass);


--
-- Name: menus id; Type: DEFAULT; Schema: public; Owner: postgres
--

ALTER TABLE ONLY public.menus ALTER COLUMN id SET DEFAULT nextval('public.menus_id_seq'::regclass);


--
-- Name: message_privacies id; Type: DEFAULT; Schema: public; Owner: postgres
--

ALTER TABLE ONLY public.message_privacies ALTER COLUMN id SET DEFAULT nextval('public.message_privacies_id_seq'::regclass);


--
-- Name: migrations id; Type: DEFAULT; Schema: public; Owner: postgres
--

ALTER TABLE ONLY public.migrations ALTER COLUMN id SET DEFAULT nextval('public.migrations_id_seq'::regclass);


--
-- Name: moda_main_categories id; Type: DEFAULT; Schema: public; Owner: postgres
--

ALTER TABLE ONLY public.moda_main_categories ALTER COLUMN id SET DEFAULT nextval('public.moda_main_categories_id_seq'::regclass);


--
-- Name: moda_sub_categories id; Type: DEFAULT; Schema: public; Owner: postgres
--

ALTER TABLE ONLY public.moda_sub_categories ALTER COLUMN id SET DEFAULT nextval('public.moda_sub_categories_id_seq'::regclass);


--
-- Name: mute_stories id; Type: DEFAULT; Schema: public; Owner: postgres
--

ALTER TABLE ONLY public.mute_stories ALTER COLUMN id SET DEFAULT nextval('public.mute_stories_id_seq'::regclass);


--
-- Name: my_moda id; Type: DEFAULT; Schema: public; Owner: postgres
--

ALTER TABLE ONLY public.my_moda ALTER COLUMN id SET DEFAULT nextval('public.my_moda_id_seq'::regclass);


--
-- Name: my_moda_items id; Type: DEFAULT; Schema: public; Owner: postgres
--

ALTER TABLE ONLY public.my_moda_items ALTER COLUMN id SET DEFAULT nextval('public.my_moda_items_id_seq'::regclass);


--
-- Name: my_pets id; Type: DEFAULT; Schema: public; Owner: postgres
--

ALTER TABLE ONLY public.my_pets ALTER COLUMN id SET DEFAULT nextval('public.my_pets_id_seq'::regclass);


--
-- Name: my_pets_sharers id; Type: DEFAULT; Schema: public; Owner: postgres
--

ALTER TABLE ONLY public.my_pets_sharers ALTER COLUMN id SET DEFAULT nextval('public.my_pets_sharers_id_seq'::regclass);


--
-- Name: notifications id; Type: DEFAULT; Schema: public; Owner: postgres
--

ALTER TABLE ONLY public.notifications ALTER COLUMN id SET DEFAULT nextval('public.notifications_id_seq'::regclass);


--
-- Name: nottification_tracks id; Type: DEFAULT; Schema: public; Owner: postgres
--

ALTER TABLE ONLY public.nottification_tracks ALTER COLUMN id SET DEFAULT nextval('public.nottification_tracks_id_seq'::regclass);


--
-- Name: order_products id; Type: DEFAULT; Schema: public; Owner: postgres
--

ALTER TABLE ONLY public.order_products ALTER COLUMN id SET DEFAULT nextval('public.order_products_id_seq'::regclass);


--
-- Name: order_status_histroys id; Type: DEFAULT; Schema: public; Owner: postgres
--

ALTER TABLE ONLY public.order_status_histroys ALTER COLUMN id SET DEFAULT nextval('public.order_status_histroys_id_seq'::regclass);


--
-- Name: orders order_id; Type: DEFAULT; Schema: public; Owner: postgres
--

ALTER TABLE ONLY public.orders ALTER COLUMN order_id SET DEFAULT nextval('public.orders_order_id_seq'::regclass);


--
-- Name: payment_report id; Type: DEFAULT; Schema: public; Owner: postgres
--

ALTER TABLE ONLY public.payment_report ALTER COLUMN id SET DEFAULT nextval('public.payment_report_id_seq'::regclass);


--
-- Name: personal_access_tokens id; Type: DEFAULT; Schema: public; Owner: postgres
--

ALTER TABLE ONLY public.personal_access_tokens ALTER COLUMN id SET DEFAULT nextval('public.personal_access_tokens_id_seq'::regclass);


--
-- Name: pet_sizes id; Type: DEFAULT; Schema: public; Owner: postgres
--

ALTER TABLE ONLY public.pet_sizes ALTER COLUMN id SET DEFAULT nextval('public.pet_sizes_id_seq'::regclass);


--
-- Name: photos id; Type: DEFAULT; Schema: public; Owner: postgres
--

ALTER TABLE ONLY public.photos ALTER COLUMN id SET DEFAULT nextval('public.photos_id_seq'::regclass);


--
-- Name: playtime_staffs id; Type: DEFAULT; Schema: public; Owner: postgres
--

ALTER TABLE ONLY public.playtime_staffs ALTER COLUMN id SET DEFAULT nextval('public.playtime_staffs_id_seq'::regclass);


--
-- Name: post_comments id; Type: DEFAULT; Schema: public; Owner: postgres
--

ALTER TABLE ONLY public.post_comments ALTER COLUMN id SET DEFAULT nextval('public.post_comments_id_seq'::regclass);


--
-- Name: post_files id; Type: DEFAULT; Schema: public; Owner: postgres
--

ALTER TABLE ONLY public.post_files ALTER COLUMN id SET DEFAULT nextval('public.post_files_id_seq'::regclass);


--
-- Name: post_likes id; Type: DEFAULT; Schema: public; Owner: postgres
--

ALTER TABLE ONLY public.post_likes ALTER COLUMN id SET DEFAULT nextval('public.post_likes_id_seq'::regclass);


--
-- Name: post_reports id; Type: DEFAULT; Schema: public; Owner: postgres
--

ALTER TABLE ONLY public.post_reports ALTER COLUMN id SET DEFAULT nextval('public.post_reports_id_seq'::regclass);


--
-- Name: post_saves id; Type: DEFAULT; Schema: public; Owner: postgres
--

ALTER TABLE ONLY public.post_saves ALTER COLUMN id SET DEFAULT nextval('public.post_saves_id_seq'::regclass);


--
-- Name: post_users id; Type: DEFAULT; Schema: public; Owner: postgres
--

ALTER TABLE ONLY public.post_users ALTER COLUMN id SET DEFAULT nextval('public.post_users_id_seq'::regclass);


--
-- Name: post_view_insights id; Type: DEFAULT; Schema: public; Owner: postgres
--

ALTER TABLE ONLY public.post_view_insights ALTER COLUMN id SET DEFAULT nextval('public.post_view_insights_id_seq'::regclass);


--
-- Name: posts id; Type: DEFAULT; Schema: public; Owner: postgres
--

ALTER TABLE ONLY public.posts ALTER COLUMN id SET DEFAULT nextval('public.posts_id_seq'::regclass);


--
-- Name: product id; Type: DEFAULT; Schema: public; Owner: postgres
--

ALTER TABLE ONLY public.product ALTER COLUMN id SET DEFAULT nextval('public.product_id_seq'::regclass);


--
-- Name: product_attribute attribute_id; Type: DEFAULT; Schema: public; Owner: postgres
--

ALTER TABLE ONLY public.product_attribute ALTER COLUMN attribute_id SET DEFAULT nextval('public.product_attribute_attribute_id_seq'::regclass);


--
-- Name: product_attribute_values attribute_values_id; Type: DEFAULT; Schema: public; Owner: postgres
--

ALTER TABLE ONLY public.product_attribute_values ALTER COLUMN attribute_values_id SET DEFAULT nextval('public.product_attribute_values_attribute_values_id_seq'::regclass);


--
-- Name: product_category product_category_id; Type: DEFAULT; Schema: public; Owner: postgres
--

ALTER TABLE ONLY public.product_category ALTER COLUMN product_category_id SET DEFAULT nextval('public.product_category_product_category_id_seq'::regclass);


--
-- Name: product_docs id; Type: DEFAULT; Schema: public; Owner: postgres
--

ALTER TABLE ONLY public.product_docs ALTER COLUMN id SET DEFAULT nextval('public.product_docs_id_seq'::regclass);


--
-- Name: product_images id; Type: DEFAULT; Schema: public; Owner: postgres
--

ALTER TABLE ONLY public.product_images ALTER COLUMN id SET DEFAULT nextval('public.product_images_id_seq'::regclass);


--
-- Name: product_likes id; Type: DEFAULT; Schema: public; Owner: postgres
--

ALTER TABLE ONLY public.product_likes ALTER COLUMN id SET DEFAULT nextval('public.product_likes_id_seq'::regclass);


--
-- Name: product_selected_attribute_list product_attribute_id; Type: DEFAULT; Schema: public; Owner: postgres
--

ALTER TABLE ONLY public.product_selected_attribute_list ALTER COLUMN product_attribute_id SET DEFAULT nextval('public.product_selected_attribute_list_product_attribute_id_seq'::regclass);


--
-- Name: product_selected_attributes product_selected_attributes_id; Type: DEFAULT; Schema: public; Owner: postgres
--

ALTER TABLE ONLY public.product_selected_attributes ALTER COLUMN product_selected_attributes_id SET DEFAULT nextval('public.product_selected_attributes_product_selected_attributes_id_seq'::regclass);


--
-- Name: product_specifications prod_spec_id; Type: DEFAULT; Schema: public; Owner: postgres
--

ALTER TABLE ONLY public.product_specifications ALTER COLUMN prod_spec_id SET DEFAULT nextval('public.product_specifications_prod_spec_id_seq'::regclass);


--
-- Name: product_temp_image id; Type: DEFAULT; Schema: public; Owner: postgres
--

ALTER TABLE ONLY public.product_temp_image ALTER COLUMN id SET DEFAULT nextval('public.product_temp_image_id_seq'::regclass);


--
-- Name: product_variations product_variations_id; Type: DEFAULT; Schema: public; Owner: postgres
--

ALTER TABLE ONLY public.product_variations ALTER COLUMN product_variations_id SET DEFAULT nextval('public.product_variations_product_variations_id_seq'::regclass);


--
-- Name: products id; Type: DEFAULT; Schema: public; Owner: postgres
--

ALTER TABLE ONLY public.products ALTER COLUMN id SET DEFAULT nextval('public.products_id_seq'::regclass);


--
-- Name: profile_bios id; Type: DEFAULT; Schema: public; Owner: postgres
--

ALTER TABLE ONLY public.profile_bios ALTER COLUMN id SET DEFAULT nextval('public.profile_bios_id_seq'::regclass);


--
-- Name: public_business_infos id; Type: DEFAULT; Schema: public; Owner: postgres
--

ALTER TABLE ONLY public.public_business_infos ALTER COLUMN id SET DEFAULT nextval('public.public_business_infos_id_seq'::regclass);


--
-- Name: room_types id; Type: DEFAULT; Schema: public; Owner: postgres
--

ALTER TABLE ONLY public.room_types ALTER COLUMN id SET DEFAULT nextval('public.room_types_id_seq'::regclass);


--
-- Name: service_foods id; Type: DEFAULT; Schema: public; Owner: postgres
--

ALTER TABLE ONLY public.service_foods ALTER COLUMN id SET DEFAULT nextval('public.service_foods_id_seq'::regclass);


--
-- Name: service_pets id; Type: DEFAULT; Schema: public; Owner: postgres
--

ALTER TABLE ONLY public.service_pets ALTER COLUMN id SET DEFAULT nextval('public.service_pets_id_seq'::regclass);


--
-- Name: service_quotes id; Type: DEFAULT; Schema: public; Owner: postgres
--

ALTER TABLE ONLY public.service_quotes ALTER COLUMN id SET DEFAULT nextval('public.service_quotes_id_seq'::regclass);


--
-- Name: service_request_images id; Type: DEFAULT; Schema: public; Owner: postgres
--

ALTER TABLE ONLY public.service_request_images ALTER COLUMN id SET DEFAULT nextval('public.service_request_images_id_seq'::regclass);


--
-- Name: service_request_status_descriptions id; Type: DEFAULT; Schema: public; Owner: postgres
--

ALTER TABLE ONLY public.service_request_status_descriptions ALTER COLUMN id SET DEFAULT nextval('public.service_request_status_descriptions_id_seq'::regclass);


--
-- Name: service_requests id; Type: DEFAULT; Schema: public; Owner: postgres
--

ALTER TABLE ONLY public.service_requests ALTER COLUMN id SET DEFAULT nextval('public.service_requests_id_seq'::regclass);


--
-- Name: services id; Type: DEFAULT; Schema: public; Owner: postgres
--

ALTER TABLE ONLY public.services ALTER COLUMN id SET DEFAULT nextval('public.services_id_seq'::regclass);


--
-- Name: settings id; Type: DEFAULT; Schema: public; Owner: postgres
--

ALTER TABLE ONLY public.settings ALTER COLUMN id SET DEFAULT nextval('public.settings_id_seq'::regclass);


--
-- Name: skin_colors id; Type: DEFAULT; Schema: public; Owner: postgres
--

ALTER TABLE ONLY public.skin_colors ALTER COLUMN id SET DEFAULT nextval('public.skin_colors_id_seq'::regclass);


--
-- Name: species id; Type: DEFAULT; Schema: public; Owner: postgres
--

ALTER TABLE ONLY public.species ALTER COLUMN id SET DEFAULT nextval('public.species_id_seq'::regclass);


--
-- Name: states id; Type: DEFAULT; Schema: public; Owner: postgres
--

ALTER TABLE ONLY public.states ALTER COLUMN id SET DEFAULT nextval('public.states_id_seq'::regclass);


--
-- Name: store_images id; Type: DEFAULT; Schema: public; Owner: postgres
--

ALTER TABLE ONLY public.store_images ALTER COLUMN id SET DEFAULT nextval('public.store_images_id_seq'::regclass);


--
-- Name: store_likes id; Type: DEFAULT; Schema: public; Owner: postgres
--

ALTER TABLE ONLY public.store_likes ALTER COLUMN id SET DEFAULT nextval('public.store_likes_id_seq'::regclass);


--
-- Name: store_managers_types id; Type: DEFAULT; Schema: public; Owner: postgres
--

ALTER TABLE ONLY public.store_managers_types ALTER COLUMN id SET DEFAULT nextval('public.store_managers_types_id_seq'::regclass);


--
-- Name: store_type id; Type: DEFAULT; Schema: public; Owner: postgres
--

ALTER TABLE ONLY public.store_type ALTER COLUMN id SET DEFAULT nextval('public.store_type_id_seq'::regclass);


--
-- Name: stores id; Type: DEFAULT; Schema: public; Owner: postgres
--

ALTER TABLE ONLY public.stores ALTER COLUMN id SET DEFAULT nextval('public.stores_id_seq'::regclass);


--
-- Name: stories id; Type: DEFAULT; Schema: public; Owner: postgres
--

ALTER TABLE ONLY public.stories ALTER COLUMN id SET DEFAULT nextval('public.stories_id_seq'::regclass);


--
-- Name: story_likes id; Type: DEFAULT; Schema: public; Owner: postgres
--

ALTER TABLE ONLY public.story_likes ALTER COLUMN id SET DEFAULT nextval('public.story_likes_id_seq'::regclass);


--
-- Name: story_mentions id; Type: DEFAULT; Schema: public; Owner: postgres
--

ALTER TABLE ONLY public.story_mentions ALTER COLUMN id SET DEFAULT nextval('public.story_mentions_id_seq'::regclass);


--
-- Name: story_reports id; Type: DEFAULT; Schema: public; Owner: postgres
--

ALTER TABLE ONLY public.story_reports ALTER COLUMN id SET DEFAULT nextval('public.story_reports_id_seq'::regclass);


--
-- Name: story_views id; Type: DEFAULT; Schema: public; Owner: postgres
--

ALTER TABLE ONLY public.story_views ALTER COLUMN id SET DEFAULT nextval('public.story_views_id_seq'::regclass);


--
-- Name: subscriber id; Type: DEFAULT; Schema: public; Owner: postgres
--

ALTER TABLE ONLY public.subscriber ALTER COLUMN id SET DEFAULT nextval('public.subscriber_id_seq'::regclass);


--
-- Name: temp_order_products id; Type: DEFAULT; Schema: public; Owner: postgres
--

ALTER TABLE ONLY public.temp_order_products ALTER COLUMN id SET DEFAULT nextval('public.temp_order_products_id_seq'::regclass);


--
-- Name: temp_orders id; Type: DEFAULT; Schema: public; Owner: postgres
--

ALTER TABLE ONLY public.temp_orders ALTER COLUMN id SET DEFAULT nextval('public.temp_orders_id_seq'::regclass);


--
-- Name: temp_users id; Type: DEFAULT; Schema: public; Owner: postgres
--

ALTER TABLE ONLY public.temp_users ALTER COLUMN id SET DEFAULT nextval('public.temp_users_id_seq'::regclass);


--
-- Name: user_address id; Type: DEFAULT; Schema: public; Owner: postgres
--

ALTER TABLE ONLY public.user_address ALTER COLUMN id SET DEFAULT nextval('public.user_address_id_seq'::regclass);


--
-- Name: user_favorites id; Type: DEFAULT; Schema: public; Owner: postgres
--

ALTER TABLE ONLY public.user_favorites ALTER COLUMN id SET DEFAULT nextval('public.user_favorites_id_seq'::regclass);


--
-- Name: user_follows id; Type: DEFAULT; Schema: public; Owner: postgres
--

ALTER TABLE ONLY public.user_follows ALTER COLUMN id SET DEFAULT nextval('public.user_follows_id_seq'::regclass);


--
-- Name: user_locations id; Type: DEFAULT; Schema: public; Owner: postgres
--

ALTER TABLE ONLY public.user_locations ALTER COLUMN id SET DEFAULT nextval('public.user_locations_id_seq'::regclass);


--
-- Name: user_privileges id; Type: DEFAULT; Schema: public; Owner: postgres
--

ALTER TABLE ONLY public.user_privileges ALTER COLUMN id SET DEFAULT nextval('public.user_privileges_id_seq'::regclass);


--
-- Name: user_profile_view_insights id; Type: DEFAULT; Schema: public; Owner: postgres
--

ALTER TABLE ONLY public.user_profile_view_insights ALTER COLUMN id SET DEFAULT nextval('public.user_profile_view_insights_id_seq'::regclass);


--
-- Name: user_reports id; Type: DEFAULT; Schema: public; Owner: postgres
--

ALTER TABLE ONLY public.user_reports ALTER COLUMN id SET DEFAULT nextval('public.user_reports_id_seq'::regclass);


--
-- Name: user_vehicle id; Type: DEFAULT; Schema: public; Owner: postgres
--

ALTER TABLE ONLY public.user_vehicle ALTER COLUMN id SET DEFAULT nextval('public.user_vehicle_id_seq'::regclass);


--
-- Name: users id; Type: DEFAULT; Schema: public; Owner: postgres
--

ALTER TABLE ONLY public.users ALTER COLUMN id SET DEFAULT nextval('public.users_id_seq'::regclass);


--
-- Name: users_role id; Type: DEFAULT; Schema: public; Owner: postgres
--

ALTER TABLE ONLY public.users_role ALTER COLUMN id SET DEFAULT nextval('public.users_role_id_seq'::regclass);


--
-- Name: vendor_details id; Type: DEFAULT; Schema: public; Owner: postgres
--

ALTER TABLE ONLY public.vendor_details ALTER COLUMN id SET DEFAULT nextval('public.vendor_details_id_seq'::regclass);


--
-- Name: vendor_holiday_dates id; Type: DEFAULT; Schema: public; Owner: postgres
--

ALTER TABLE ONLY public.vendor_holiday_dates ALTER COLUMN id SET DEFAULT nextval('public.vendor_holiday_dates_id_seq'::regclass);


--
-- Name: vendor_service_timings id; Type: DEFAULT; Schema: public; Owner: postgres
--

ALTER TABLE ONLY public.vendor_service_timings ALTER COLUMN id SET DEFAULT nextval('public.vendor_service_timings_id_seq'::regclass);


--
-- Name: videos id; Type: DEFAULT; Schema: public; Owner: postgres
--

ALTER TABLE ONLY public.videos ALTER COLUMN id SET DEFAULT nextval('public.videos_id_seq'::regclass);


--
-- Name: wallet_histories id; Type: DEFAULT; Schema: public; Owner: postgres
--

ALTER TABLE ONLY public.wallet_histories ALTER COLUMN id SET DEFAULT nextval('public.wallet_histories_id_seq'::regclass);


--
-- Name: wallet_payment_report id; Type: DEFAULT; Schema: public; Owner: postgres
--

ALTER TABLE ONLY public.wallet_payment_report ALTER COLUMN id SET DEFAULT nextval('public.wallet_payment_report_id_seq'::regclass);


--
-- Name: web_banners id; Type: DEFAULT; Schema: public; Owner: postgres
--

ALTER TABLE ONLY public.web_banners ALTER COLUMN id SET DEFAULT nextval('public.web_banners_id_seq'::regclass);


--
-- Name: websockets_statistics_entries id; Type: DEFAULT; Schema: public; Owner: postgres
--

ALTER TABLE ONLY public.websockets_statistics_entries ALTER COLUMN id SET DEFAULT nextval('public.websockets_statistics_entries_id_seq'::regclass);


--
-- Name: wholesale_order_items id; Type: DEFAULT; Schema: public; Owner: postgres
--

ALTER TABLE ONLY public.wholesale_order_items ALTER COLUMN id SET DEFAULT nextval('public.wholesale_order_items_id_seq'::regclass);


--
-- Name: wholesale_orders id; Type: DEFAULT; Schema: public; Owner: postgres
--

ALTER TABLE ONLY public.wholesale_orders ALTER COLUMN id SET DEFAULT nextval('public.wholesale_orders_id_seq'::regclass);


--
-- Data for Name: account_type; Type: TABLE DATA; Schema: public; Owner: postgres
--

COPY public.account_type (id, name, description, deleted, created_at, updated_at) FROM stdin;
\.


--
-- Data for Name: activity_type; Type: TABLE DATA; Schema: public; Owner: postgres
--

COPY public.activity_type (id, name, description, deleted, created_at, updated_at, account_id) FROM stdin;
\.


--
-- Data for Name: admin_designation; Type: TABLE DATA; Schema: public; Owner: postgres
--

COPY public.admin_designation (id, name, is_deletd) FROM stdin;
1	Power Admin	0
2	Senior doctor	0
3	Senior phramacist	0
4	Senior care taker	0
5	user testq1	1
6	demo	1
7	test	1
\.


--
-- Data for Name: amount_type; Type: TABLE DATA; Schema: public; Owner: postgres
--

COPY public.amount_type (id, name) FROM stdin;
1	%
2	Amount
\.


--
-- Data for Name: app_banners; Type: TABLE DATA; Schema: public; Owner: postgres
--

COPY public.app_banners (id, banner_title, banner_image, active, created_by, updated_by, created_at, updated_at, category_id, product_id) FROM stdin;
3		16857131606479f10824055_banner.png	1	1	0	2023-06-02 13:39:20	\N	4	4
5	\N	1685793962647b2caa6f0fe_banner.png	1	1	1	2023-06-03 12:06:02	2023-08-04 07:59:40	4	3
4	\N	1685793949647b2c9d7a65e_banner.png	1	1	1	2023-06-03 12:05:49	2023-08-11 07:45:10	4	13
\.


--
-- Data for Name: appointment_times; Type: TABLE DATA; Schema: public; Owner: postgres
--

COPY public.appointment_times (id, name, minutes_required, active, deleted, created_at, updated_at) FROM stdin;
1	One Hour	60	1	0	2023-06-09 02:43:11	2023-06-09 02:43:11
2	Half Hour	30	1	0	2023-06-09 02:43:24	2023-09-19 16:08:46
\.


--
-- Data for Name: appointment_types; Type: TABLE DATA; Schema: public; Owner: postgres
--

COPY public.appointment_types (id, name, active, deleted, created_at, updated_at) FROM stdin;
1	Urgent Care	1	0	2023-05-11 01:12:02	2023-05-11 01:12:02
3	Grooming	1	0	2023-05-11 01:12:22	2023-05-11 10:47:31
2	Nail Clipping	1	0	2023-05-11 01:12:12	2023-05-11 10:47:58
4	Deworming	1	0	2023-05-16 14:07:27	2023-08-17 13:15:37
\.


--
-- Data for Name: articles; Type: TABLE DATA; Schema: public; Owner: postgres
--

COPY public.articles (id, title_en, title_ar, status, desc_en, desc_ar, meta_title, meta_keyword, meta_description, created_at, updated_at) FROM stdin;
1	About Us		1	<p style="box-sizing: border-box; margin: 0px 0px 10px; font-size: 17px; line-height: 34px; color: #989797; font-family: Lato, sans-serif;">Our Staff has been providing professional &amp; trusted pet care from last 7 years. Since then, we have cared for thousands of pets, as well as some homes and yards. Over the years, multiple services were added to help you.<br style="box-sizing: border-box;" />Our team has taken numerous measures to ensure your pets are always in a safe, balanced and nurturing environment. With years of experience, knowledge and service, we have, and continuously learn and update our practices to keep your pet friends happy, healthy, balanced and fun loving.</p>\r\n<p style="box-sizing: border-box; margin: 0px 0px 10px; font-size: 17px; line-height: 34px; color: #989797; font-family: Lato, sans-serif;">We look forward to a lifetime of helping you care for your pet friends, home and yard.</p>		\N	\N	\N	2023-05-31 01:57:13	2023-08-20 09:17:15
3	Privacy		1	<p style="box-sizing: border-box; margin: 0px 0px 10px; font-size: 17px; line-height: 34px; color: #989797; font-family: Lato, sans-serif;"><strong style="box-sizing: border-box;">Dog Boarding</strong>-Check in directly at the kennels,Nigeria.</p>\r\n<p style="box-sizing: border-box; margin: 0px 0px 10px; font-size: 17px; line-height: 34px; color: #989797; font-family: Lato, sans-serif;"><strong style="box-sizing: border-box;">Cat Boarding</strong>-Check in directly at the cattety,Nigeria.</p>\r\n<p style="box-sizing: border-box; margin: 0px 0px 10px; font-size: 17px; line-height: 34px; color: #989797; font-family: Lato, sans-serif;">Office hours 7am-6pm. Collecton or dropping off out of these hours,plese call in advance to arrange.</p>\r\n<p style="box-sizing: border-box; margin: 0px 0px 10px; font-size: 17px; line-height: 34px; color: #989797; font-family: Lato, sans-serif;"><strong style="box-sizing: border-box;">Collection</strong>:if collection is booked,we will call you the day before arrval to arrange a convenient time.</p>\r\n<p style="box-sizing: border-box; margin: 0px 0px 10px; font-size: 17px; line-height: 34px; color: #989797; font-family: Lato, sans-serif;"><strong style="box-sizing: border-box;">Delivery</strong>: if you have fook for delivery please contact us when you arrive back home so we can arrange a convenient time</p>\r\n<p style="box-sizing: border-box; margin: 0px 0px 10px; font-size: 17px; line-height: 34px; color: #989797; font-family: Lato, sans-serif;"><strong style="box-sizing: border-box;">Vaccination Certificate</strong>:The only thing you need to bring with you is the up-to-date vaccination card for all of your pets.We will no be able tto allow your pets to board if we do not have this on site for the duration of their stay.</p>\r\n<p style="box-sizing: border-box; margin: 0px 0px 10px; font-size: 17px; line-height: 34px; color: #989797; font-family: Lato, sans-serif;"><strong style="box-sizing: border-box;">Frontline-Flea &amp; Tick treatment:</strong>All pets bording will be adminstered frontline upon arrival unless owner provides on arrival.</p>\r\n<p style="box-sizing: border-box; margin: 0px 0px 10px; font-size: 17px; line-height: 34px; color: #989797; font-family: Lato, sans-serif;"><strong style="box-sizing: border-box;">Vaccinations:(General pet laws)</strong><br style="box-sizing: border-box;" />It is compulsory to vaccinate dogs and cats of all ages. Dogs and puppies must be vaccinated against the following:</p>\r\n<ul style="box-sizing: border-box; margin-top: 0px; margin-bottom: 10px; font-size: 17px; line-height: 34px; color: #989797; font-family: Lato, sans-serif;">\r\n<li style="box-sizing: border-box; width: 1100px;">Distemper</li>\r\n<li style="box-sizing: border-box; width: 1100px;">Hepatitis</li>\r\n<li style="box-sizing: border-box; width: 1100px;">Leptospirosis</li>\r\n<li style="box-sizing: border-box; width: 1100px;">Parainfluenza</li>\r\n<li style="box-sizing: border-box; width: 1100px;">parvovirus and rabies</li>\r\n</ul>\r\n<p style="box-sizing: border-box; margin: 0px 0px 10px; font-size: 17px; line-height: 34px; color: #989797; font-family: Lato, sans-serif;">Cats and kittens must be vaccinated against:</p>\r\n<ul style="box-sizing: border-box; margin-top: 0px; margin-bottom: 10px; font-size: 17px; line-height: 34px; color: #989797; font-family: Lato, sans-serif;">\r\n<li style="box-sizing: border-box; width: 1100px;">Calicivirus</li>\r\n<li style="box-sizing: border-box; width: 1100px;">Panleukopenia (also known as feline distemper)</li>\r\n<li style="box-sizing: border-box; width: 1100px;">Rabies</li>\r\n<li style="box-sizing: border-box; width: 1100px;">Rhinotracheitis</li>\r\n</ul>\r\n<p style="box-sizing: border-box; margin: 0px 0px 10px; font-size: 17px; line-height: 34px; color: #989797; font-family: Lato, sans-serif;">&nbsp;</p>\r\n<p style="box-sizing: border-box; margin: 0px 0px 10px; font-size: 17px; line-height: 34px; color: #989797; font-family: Lato, sans-serif;"><strong style="box-sizing: border-box;">Failure to collect family pet:</strong>If the owner fails to collecat their pet within 7 days of the agreed departure date from our facility,this will result in our re-homin,selling or diposing of the animal at our discretion.</p>\r\n<p style="box-sizing: border-box; margin: 0px 0px 10px; font-size: 17px; line-height: 34px; color: #989797; font-family: Lato, sans-serif;"><strong style="box-sizing: border-box;">General Care</strong></p>\r\n<p style="box-sizing: border-box; margin: 0px 0px 10px; font-size: 17px; line-height: 34px; color: #989797; font-family: Lato, sans-serif;">Any medicines will be given as per instructions to animals boarding with us, but it must be understood that&nbsp;<br style="box-sizing: border-box;" />we are NOT a Veterinary Kennels.</p>\r\n<p style="box-sizing: border-box; margin: 0px 0px 10px; font-size: 17px; line-height: 34px; color: #989797; font-family: Lato, sans-serif;">In the event of illness, including kennel cough, or injury, your cat or dog will be taken to Heath and Reach&nbsp;<br style="box-sizing: border-box;" />Veterinary Surgery, and all charges incurred will be paid by the customer.</p>\r\n<p style="box-sizing: border-box; margin: 0px 0px 10px; font-size: 17px; line-height: 34px; color: #989797; font-family: Lato, sans-serif;">Please note, dogs/cats showing signs of a contagious disease i.e. Ringworm, Fox Mange etc., will not be&nbsp;<br style="box-sizing: border-box;" />accepted for boarding.</p>\r\n<p style="box-sizing: border-box; margin: 0px 0px 10px; font-size: 17px; line-height: 34px; color: #989797; font-family: Lato, sans-serif;">Any owner requiring that their dogs/cats share accommodation does so at their own risk.</p>\r\n<p style="box-sizing: border-box; margin: 0px 0px 10px; font-size: 17px; line-height: 34px; color: #989797; font-family: Lato, sans-serif;">By agreeing to our Terms &amp; conditions you have confirmed you are happy for us to use photographs of your&nbsp;<br style="box-sizing: border-box;" />pet for publicity.</p>\r\n<p style="box-sizing: border-box; margin: 0px 0px 10px; font-size: 17px; line-height: 34px; color: #989797; font-family: Lato, sans-serif;">Please note all of our new dog customers along with the dog they wish to board must visit the&nbsp;<br style="box-sizing: border-box;" />kennels/cattery before the first boarding date. Failure to make a visit may result in us NOT taking your dog.&nbsp;<br style="box-sizing: border-box;" />We will assess your dog to make sure we are happy to kennel them.</p>\r\n<p style="box-sizing: border-box; margin: 0px 0px 10px; font-size: 17px; line-height: 34px; color: #989797; font-family: Lato, sans-serif;">I agree to the terms and conditions of boarding at&nbsp;<strong>House of Pluto</strong>.</p>		\N	\N	\N	2023-05-31 01:57:35	2023-08-20 09:19:14
2	Terms and conditions		1	<p style="box-sizing: border-box; margin: 0px 0px 10px; font-size: 17px; line-height: 34px; color: #989797; font-family: Lato, sans-serif;"><strong style="box-sizing: border-box;"><em style="box-sizing: border-box;">Vaccination:</em></strong></p>\r\n<p style="box-sizing: border-box; margin: 0px 0px 10px; font-size: 17px; line-height: 34px; color: #989797; font-family: Lato, sans-serif;">No animal will be accepted unless proof of an up to date vaccination is provided prior to or upon arrival. This is required by law. House of Pluto for Cats and Dogs also requires up to date Kennel Cough vaccination for dogs.you for choosing Pet Care Kennels and Cattery to take care of your Cat and Dog.</p>\r\n<p style="box-sizing: border-box; margin: 0px 0px 10px; font-size: 17px; line-height: 34px; color: #989797; font-family: Lato, sans-serif;"><em style="box-sizing: border-box;">&nbsp;<strong style="box-sizing: border-box;">Flea /TicksTreatments:</strong></em></p>\r\n<p style="box-sizing: border-box; margin: 0px 0px 10px; font-size: 17px; line-height: 34px; color: #989797; font-family: Lato, sans-serif;">All Animals must be covered by a knownTicks and flea treatment, such as&nbsp;<strong style="box-sizing: border-box;">Frontline/Advantix&nbsp;</strong>before they are boarded. These products have varying lengths of effectiveness. Animals that arrive with fleas will be administered such a product and charged accordingly.</p>\r\n<p style="box-sizing: border-box; margin: 0px 0px 10px; font-size: 17px; line-height: 34px; color: #989797; font-family: Lato, sans-serif;"><strong style="box-sizing: border-box;"><em style="box-sizing: border-box;">Veterinary Fees:</em></strong></p>\r\n<p style="box-sizing: border-box; margin: 0px 0px 10px; font-size: 17px; line-height: 34px; color: #989797; font-family: Lato, sans-serif;">You agree that we may take your dog to a veterinary surgeon if we suspect he or she is not well and you agree to accept full responsibility for payment of any veterinary fees incurred.</p>\r\n<p style="box-sizing: border-box; margin: 0px 0px 10px; font-size: 17px; line-height: 34px; color: #989797; font-family: Lato, sans-serif;"><strong style="box-sizing: border-box;"><em style="box-sizing: border-box;">Payment:</em></strong></p>\r\n<p style="box-sizing: border-box; margin: 0px 0px 10px; font-size: 17px; line-height: 34px; color: #989797; font-family: Lato, sans-serif;">We will require full payment for the booking by cash when you leave your animal with us.</p>\r\n<p style="box-sizing: border-box; margin: 0px 0px 10px; font-size: 17px; line-height: 34px; color: #989797; font-family: Lato, sans-serif;"><strong style="box-sizing: border-box;"><em style="box-sizing: border-box;">Non Collocation:</em></strong></p>\r\n<p style="box-sizing: border-box; margin: 0px 0px 10px; font-size: 17px; line-height: 34px; color: #989797; font-family: Lato, sans-serif;">Pet Care Boarding for Cats and Dogs reserves the right to re-home any animal not collected within 15 days of the stated departure dates if no communication from the owner, or owner&rsquo;s agent, is received and if efforts to contact the owner fail.</p>\r\n<p style="box-sizing: border-box; margin: 0px 0px 10px; font-size: 17px; line-height: 34px; color: #989797; font-family: Lato, sans-serif;"><strong style="box-sizing: border-box;"><em style="box-sizing: border-box;">Socialization&nbsp; and Exercises</em></strong></p>\r\n<p style="box-sizing: border-box; margin: 0px 0px 10px; font-size: 17px; line-height: 34px; color: #989797; font-family: Lato, sans-serif;">I agree to my dog(s) being exercised under supervision with other compatible dogs within a secure area.</p>\r\n<p style="box-sizing: border-box; margin: 0px 0px 10px; font-size: 17px; line-height: 34px; color: #989797; font-family: Lato, sans-serif;"><strong style="box-sizing: border-box;"><em style="box-sizing: border-box;">Opening hours</em></strong></p>\r\n<p style="box-sizing: border-box; margin: 0px 0px 10px; font-size: 17px; line-height: 34px; color: #989797; font-family: Lato, sans-serif;">Drop and collect between 07.00 to 12.00 + 13.00 to 18.00 &ndash; 7 days.</p>\r\n<p style="box-sizing: border-box; margin: 0px 0px 10px; font-size: 17px; line-height: 34px; color: #989797; font-family: Lato, sans-serif;"><strong style="box-sizing: border-box;"><em style="box-sizing: border-box;">Our Commitment To You</em></strong><em style="box-sizing: border-box;">:</em></p>\r\n<p style="box-sizing: border-box; margin: 0px 0px 10px; font-size: 17px; line-height: 34px; color: #989797; font-family: Lato, sans-serif;">We aim to meet the highest standards of care in the course of operating as a pet care company and promise to use all reasonable endeavor&nbsp; in providing a suitable care to board your dog/cat based on the information provided by you in the Booking Form.</p>		\N	\N	\N	2023-05-31 01:57:26	2023-08-20 09:21:31
4	Veterinary Service Description		1	<p>Your one-stop solution for comprehensive veterinary care, including check-ups, surgeries, diagnostics, and more. We also provide grooming, behavioral support, and compassionate end-of-life care for your beloved animals.</p>		\N	\N	\N	2023-09-04 09:51:31	2023-09-16 05:06:10
\.


--
-- Data for Name: attribute_type; Type: TABLE DATA; Schema: public; Owner: postgres
--

COPY public.attribute_type (id, attribute_type_name, attribute_type_uid, attribute_type_status) FROM stdin;
1	Dropdown	dropdown	1
2	Button	radio	1
3	Image Selection	radio_image	1
4	Color Box	radio_button_group	1
\.


--
-- Data for Name: attribute_values; Type: TABLE DATA; Schema: public; Owner: postgres
--

COPY public.attribute_values (id, attribute_id, attribute_values, attribute_value_in, attribute_value_color, deleted, created_uid, updated_uid, created_at, updated_at) FROM stdin;
\.


--
-- Data for Name: attributes; Type: TABLE DATA; Schema: public; Owner: postgres
--

COPY public.attributes (id, attribute_name, active, attribute_type, industry_type, company_id, store_id, is_common, deleted, created_uid, updated_uid, created_at, updated_at) FROM stdin;
\.


--
-- Data for Name: bad_words; Type: TABLE DATA; Schema: public; Owner: postgres
--

COPY public.bad_words (id, word, created_at, updated_at) FROM stdin;
\.


--
-- Data for Name: bank; Type: TABLE DATA; Schema: public; Owner: postgres
--

COPY public.bank (id, name, created_at, updated_at) FROM stdin;
\.


--
-- Data for Name: bank_code_types; Type: TABLE DATA; Schema: public; Owner: postgres
--

COPY public.bank_code_types (id, name, country_id, active, deleted, created_at, updated_at) FROM stdin;
1	IFSC (India)	0	0	0	\N	\N
2	SORT CODE (UK)	0	0	0	\N	\N
3	SWIFT CODE	0	0	0	\N	\N
\.


--
-- Data for Name: bank_details; Type: TABLE DATA; Schema: public; Owner: postgres
--

COPY public.bank_details (id, bank_name, company_account, code_type, account_no, branch_code, branch_name, bank_statement_doc, credit_card_sta_doc, country, user_id, created_at, updated_at, iban_code) FROM stdin;
1	0		0				\N	\N	0	3	2023-05-10 12:57:06	2023-05-10 12:57:06	\N
\.


--
-- Data for Name: block_users; Type: TABLE DATA; Schema: public; Owner: postgres
--

COPY public.block_users (id, user_id, blocked_user_id, created_at, updated_at) FROM stdin;
\.


--
-- Data for Name: brand; Type: TABLE DATA; Schema: public; Owner: postgres
--

COPY public.brand (id, name, industry_type, image, active, created_at, updated_at, deleted) FROM stdin;
6	Drools	1	/uploads/brand/64631d2ea7837_1684217134.png	1	2023-05-16 06:05:34	2023-05-16 06:05:34	0
7	Me-O	1	/uploads/brand/64631d916c071_1684217233.png	1	2023-05-16 06:07:13	2023-05-16 06:07:13	0
8	Whiskas	1	/uploads/brand/64631dc3b14ae_1684217283.png	1	2023-05-16 06:08:03	2023-05-16 06:08:03	0
1	Pedigree	1	/uploads/brand/64631e20c9fcb_1684217376.png	1	2023-05-14 17:57:29	2023-05-16 06:09:36	0
2	IAMS	1	/uploads/brand/6464588aa2b46_1684297866.png	1	2023-05-14 17:57:57	2023-05-17 04:31:06	0
3	Lactol	1	/uploads/brand/64645aeecde66_1684298478.png	1	2023-05-14 17:58:41	2023-05-17 04:41:18	0
11	Purina	3	/uploads/brand/64645d40ae3ed_1684299072.png	1	2023-05-17 04:51:12	2023-05-17 04:51:12	0
5	Vivaldis	1	/uploads/brand/64631cdcd67e9_1684217052.png	0	2023-05-16 06:04:12	2023-08-21 04:31:01	0
9	Royal Canin	3	\N	0	2023-05-16 14:03:31	2023-08-21 04:34:36	0
4	ACANA	1	/uploads/brand/64645a1f2ce8e_1684298271.png	0	2023-05-14 17:59:23	2023-08-21 04:34:42	0
10	Percuro	3	/uploads/brand/64645cea7d33e_1684298986.png	0	2023-05-17 04:49:46	2023-08-21 04:34:54	0
12	Ziwipeak	3	/uploads/brand/64645d719b7b4_1684299121.png	0	2023-05-17 04:52:01	2023-08-21 04:35:03	0
13	Hill's	3	/uploads/brand/64645dcf7df81_1684299215.png	0	2023-05-17 04:53:35	2023-08-21 04:35:07	0
14	Trixie	2	/uploads/brand/64d9b17e0828e_1691988350.png	0	2023-08-14 04:45:50	2023-08-21 04:35:33	0
15	HUFT	2	/uploads/brand/64d9b2b1cd68d_1691988657.png	0	2023-08-14 04:50:57	2023-08-21 04:35:37	0
\.


--
-- Data for Name: breeds; Type: TABLE DATA; Schema: public; Owner: postgres
--

COPY public.breeds (id, name, active, deleted, created_at, updated_at, species, room_type_id, appoint_time_id) FROM stdin;
2	Persian	1	0	2023-05-16 11:37:52	2023-06-09 02:43:38	2	2	2
1	Huskey	1	0	2023-05-10 12:49:43	2023-06-09 02:43:48	1	1	1
3	AFFENPINSCHER	1	0	2023-08-03 11:08:01	2023-08-03 11:08:01	1	2	2
4	AKITA	1	0	2023-08-03 11:08:01	2023-08-03 11:08:01	1	2	2
5	ALASKAN M ALAM UTE	1	0	2023-08-03 11:08:01	2023-08-03 11:08:01	1	2	2
6	AMERICAN WIREHAIRD	1	0	2023-08-03 11:08:01	2023-08-03 11:08:01	1	2	2
7	ARGENTINE DOGO	1	0	2023-08-03 11:08:01	2023-08-03 11:08:01	1	2	2
8	AUSTRALIAN CATTLE DOG	1	0	2023-08-03 11:08:01	2023-08-03 11:08:01	1	2	2
9	BASENJI	1	0	2023-08-03 11:08:01	2023-08-03 11:08:01	1	2	2
10	BEAGLE	1	0	2023-08-03 11:08:01	2023-08-03 11:08:01	1	2	2
11	BELGIAN TERVERUEN	1	0	2023-08-03 11:08:01	2023-08-03 11:08:01	1	2	2
12	BERNESE MOUNTIAN DOG	1	0	2023-08-03 11:08:01	2023-08-03 11:08:01	1	2	2
13	BICHON FISE	1	0	2023-08-03 11:08:01	2023-08-03 11:08:01	1	2	2
14	BOLOGNESE	1	0	2023-08-03 11:08:01	2023-08-03 11:08:01	1	2	2
15	BORZOI	1	0	2023-08-03 11:08:01	2023-08-03 11:08:01	1	2	2
16	BOUVIER DES FLANDERS	1	0	2023-08-03 11:08:01	2023-08-03 11:08:01	1	2	2
17	BOXER	1	0	2023-08-03 11:08:01	2023-08-03 11:08:01	1	2	2
18	BRIARD	1	0	2023-08-03 11:08:01	2023-08-03 11:08:01	1	2	2
19	BULLDOG, AMERICAN	1	0	2023-08-03 11:08:01	2023-08-03 11:08:01	1	2	2
20	BULLDOG, ENGLISH	1	0	2023-08-03 11:08:01	2023-08-03 11:08:01	1	2	2
21	BULLDOG, FRENCH	1	0	2023-08-03 11:08:01	2023-08-03 11:08:01	1	2	2
22	CANAAN DOG	1	0	2023-08-03 11:08:01	2023-08-03 11:08:01	1	2	2
23	CHIHUAHUA, SHORTHAIR	1	0	2023-08-03 11:08:01	2023-08-03 11:08:01	1	2	2
24	CHIHUAHUA, LONGHAIR	1	0	2023-08-03 11:08:01	2023-08-03 11:08:01	1	2	2
25	CHIHUAHUA, MEXICAN HAIRLESS	1	0	2023-08-03 11:08:01	2023-08-03 11:08:01	1	2	2
26	CHINESE CRESTED	1	0	2023-08-03 11:08:01	2023-08-03 11:08:01	1	2	2
27	CHOW CHOW	1	0	2023-08-03 11:08:01	2023-08-03 11:08:01	1	2	2
28	COLLIE, BEARDED	1	0	2023-08-03 11:08:01	2023-08-03 11:08:01	1	2	2
29	COLLIE, BORDER	1	0	2023-08-03 11:08:01	2023-08-03 11:08:01	1	2	2
30	COLLIE, ROUGH	1	0	2023-08-03 11:08:01	2023-08-03 11:08:01	1	2	2
31	COLLIE, SMOOTH	1	0	2023-08-03 11:08:01	2023-08-03 11:08:01	1	2	2
32	COTON DE TULEIRE	1	0	2023-08-03 11:08:01	2023-08-03 11:08:01	1	2	2
33	CORGI, CARDIGAN WELSH	1	0	2023-08-03 11:08:01	2023-08-03 11:08:01	1	2	2
34	CORGI, PEMBROKE WELSH	1	0	2023-08-03 11:08:01	2023-08-03 11:08:01	1	2	2
35	DACHSHUND, LONGHAIR	1	0	2023-08-03 11:08:01	2023-08-03 11:08:01	1	2	2
36	DACHSHUND, MINIATURE	1	0	2023-08-03 11:08:01	2023-08-03 11:08:01	1	2	2
37	DACHSHUND, SMOOTH	1	0	2023-08-03 11:08:01	2023-08-03 11:08:01	1	2	2
38	DACHSHUND, WIREHAIRED	1	0	2023-08-03 11:08:01	2023-08-03 11:08:01	1	2	2
39	DALMATIAN	1	0	2023-08-03 11:08:01	2023-08-03 11:08:01	1	2	2
40	DOBERMAN PINSCHER	1	0	2023-08-03 11:08:01	2023-08-03 11:08:01	1	2	2
41	DOGUE DE BORDEAUX	1	0	2023-08-03 11:08:01	2023-08-03 11:08:01	1	2	2
42	ESKIMO, AMERICAN	1	0	2023-08-03 11:08:01	2023-08-03 11:08:01	1	2	2
43	FILA BRASILEIRO	1	0	2023-08-03 11:08:01	2023-08-03 11:08:01	1	2	2
44	FOXHOUND, AMERICAN	1	0	2023-08-03 11:08:01	2023-08-03 11:08:01	1	2	2
45	FOXHOUND, ENGLISH	1	0	2023-08-03 11:08:01	2023-08-03 11:08:01	1	2	2
46	GREAT DANE	1	0	2023-08-03 11:08:01	2023-08-03 11:08:01	1	2	2
47	GREAT PYRANESE	1	0	2023-08-03 11:08:01	2023-08-03 11:08:01	1	2	2
48	GRIFFON, BRUSSELS	1	0	2023-08-03 11:08:01	2023-08-03 11:08:01	1	2	2
49	GRIFFON VENDEEN, PETITE	1	0	2023-08-03 11:08:01	2023-08-03 11:08:01	1	2	2
50	BASSETT	1	0	2023-08-03 11:08:01	2023-08-03 11:08:01	1	2	2
51	GRIFFON, WIREHAIRED	1	0	2023-08-03 11:08:01	2023-08-03 11:08:01	1	2	2
52	POINTING	1	0	2023-08-03 11:08:01	2023-08-03 11:08:01	1	2	2
53	HARRIER	1	0	2023-08-03 11:08:01	2023-08-03 11:08:01	1	2	2
54	HAVANESE	1	0	2023-08-03 11:08:01	2023-08-03 11:08:01	1	2	2
55	HOUND, AFGHAN	1	0	2023-08-03 11:08:01	2023-08-03 11:08:01	1	2	2
56	HOUND, BASSET	1	0	2023-08-03 11:08:01	2023-08-03 11:08:01	1	2	2
57	HOUND, BLOOD	1	0	2023-08-03 11:08:01	2023-08-03 11:08:01	1	2	2
58	HOUND, CATAHOULA	1	0	2023-08-03 11:08:01	2023-08-03 11:08:01	1	2	2
59	HOUND, COON	1	0	2023-08-03 11:08:01	2023-08-03 11:08:01	1	2	2
60	HOUND, GREY	1	0	2023-08-03 11:08:01	2023-08-03 11:08:01	1	2	2
61	HOUND, IBIZAN	1	0	2023-08-03 11:08:01	2023-08-03 11:08:01	1	2	2
62	HOUND, IRISH WOLF	1	0	2023-08-03 11:08:01	2023-08-03 11:08:01	1	2	2
63	HOUND, ITALIAN GREY	1	0	2023-08-03 11:08:01	2023-08-03 11:08:01	1	2	2
64	HOUND, NORWEGIAN ELK	1	0	2023-08-03 11:08:01	2023-08-03 11:08:01	1	2	2
65	HOUND, OTTER	1	0	2023-08-03 11:08:01	2023-08-03 11:08:01	1	2	2
66	HOUND, PHAROAH	1	0	2023-08-03 11:08:01	2023-08-03 11:08:01	1	2	2
67	HOUND, PLOTT	1	0	2023-08-03 11:08:01	2023-08-03 11:08:01	1	2	2
68	HOUND, SCOTTISH DEER	1	0	2023-08-03 11:08:01	2023-08-03 11:08:01	1	2	2
69	JAPANESE CHIN	1	0	2023-08-03 11:08:01	2023-08-03 11:08:01	1	2	2
70	JINDO	1	0	2023-08-03 11:08:01	2023-08-03 11:08:01	1	2	2
71	KEESHOUND	1	0	2023-08-03 11:08:01	2023-08-03 11:08:01	1	2	2
72	KELPIE	1	0	2023-08-03 11:08:01	2023-08-03 11:08:01	1	2	2
73	KOMONDOR	1	0	2023-08-03 11:08:01	2023-08-03 11:08:01	1	2	2
74	KUVASZ	1	0	2023-08-03 11:08:01	2023-08-03 11:08:01	1	2	2
75	KYUSHU	1	0	2023-08-03 11:08:01	2023-08-03 11:08:01	1	2	2
76	LANDSEER	1	0	2023-08-03 11:08:01	2023-08-03 11:08:01	1	2	2
77	LEONBERGER	1	0	2023-08-03 11:08:01	2023-08-03 11:08:01	1	2	2
78	LHASA APSO	1	0	2023-08-03 11:08:01	2023-08-03 11:08:01	1	2	2
79	LOWCHEN	1	0	2023-08-03 11:08:01	2023-08-03 11:08:01	1	2	2
80	MALTESE	1	0	2023-08-03 11:08:01	2023-08-03 11:08:01	1	2	2
81	MASTIFF, BULL	1	0	2023-08-03 11:08:01	2023-08-03 11:08:01	1	2	2
82	MASTIFF, FRENCH	1	0	2023-08-03 11:08:01	2023-08-03 11:08:01	1	2	2
83	MASTIFF, NEAPOLITAN	1	0	2023-08-03 11:08:01	2023-08-03 11:08:01	1	2	2
84	MASTIFF, OLD ENGLISH	1	0	2023-08-03 11:08:01	2023-08-03 11:08:01	1	2	2
85	MASTIFF, S. AFRICAN BOERBOEL	1	0	2023-08-03 11:08:01	2023-08-03 11:08:01	1	2	2
86	MINIATURE PINSCHER	1	0	2023-08-03 11:08:01	2023-08-03 11:08:01	1	2	2
87	MIXED BREED	1	0	2023-08-03 11:08:01	2023-08-03 11:08:01	1	2	2
88	NEWFOUNDLAND	1	0	2023-08-03 11:08:01	2023-08-03 11:08:01	1	2	2
89	NEW GUINEA SINGING	1	0	2023-08-03 11:08:01	2023-08-03 11:08:01	1	2	2
90	PAPILLION	1	0	2023-08-03 11:08:01	2023-08-03 11:08:01	1	2	2
91	PEKINGESE	1	0	2023-08-03 11:08:01	2023-08-03 11:08:01	1	2	2
92	PERRO DE PRESA CANARIO	1	0	2023-08-03 11:08:01	2023-08-03 11:08:01	1	2	2
93	POINTER	1	0	2023-08-03 11:08:01	2023-08-03 11:08:01	1	2	2
94	POINTER, GERMAN	1	0	2023-08-03 11:08:01	2023-08-03 11:08:01	1	2	2
95	SHORTHAIRED	1	0	2023-08-03 11:08:01	2023-08-03 11:08:01	1	2	2
96	POINTER, GERMAN WIREHAIRED	1	0	2023-08-03 11:08:01	2023-08-03 11:08:01	1	2	2
97	POMERANIAN	1	0	2023-08-03 11:08:01	2023-08-03 11:08:01	1	2	2
98	POODLE, MINIATURE	1	0	2023-08-03 11:08:01	2023-08-03 11:08:01	1	2	2
99	POODLE, STANDARD	1	0	2023-08-03 11:08:01	2023-08-03 11:08:01	1	2	2
100	POODLE, TOY	1	0	2023-08-03 11:08:01	2023-08-03 11:08:01	1	2	2
101	PORTUGESE WATER DOG	1	0	2023-08-03 11:08:01	2023-08-03 11:08:01	1	2	2
102	PUG	1	0	2023-08-03 11:08:01	2023-08-03 11:08:01	1	2	2
103	PULI	1	0	2023-08-03 11:08:01	2023-08-03 11:08:01	1	2	2
104	RETRIEVER, CHESAPEAKE BAY	1	0	2023-08-03 11:08:01	2023-08-03 11:08:01	1	2	2
105	RETRIEVER, CURLY COAT	1	0	2023-08-03 11:08:01	2023-08-03 11:08:01	1	2	2
106	RETRIEVER, FLATCOATED	1	0	2023-08-03 11:08:01	2023-08-03 11:08:01	1	2	2
107	RETRIEVER, GOLDEN	1	0	2023-08-03 11:08:01	2023-08-03 11:08:01	1	2	2
108	RETRIEVER,LABRADAR	1	0	2023-08-03 11:08:01	2023-08-03 11:08:01	1	2	2
109	RHODESIAN RIDGEBACK	1	0	2023-08-03 11:08:01	2023-08-03 11:08:01	1	2	2
110	ROTTWEILER	1	0	2023-08-03 11:08:01	2023-08-03 11:08:01	1	2	2
111	SALUKI	1	0	2023-08-03 11:08:01	2023-08-03 11:08:01	1	2	2
112	SAMOYED	1	0	2023-08-03 11:08:01	2023-08-03 11:08:01	1	2	2
113	SCHIPPERKE	1	0	2023-08-03 11:08:01	2023-08-03 11:08:01	1	2	2
114	SCHNAUZER, GIANT	1	0	2023-08-03 11:08:01	2023-08-03 11:08:01	1	2	2
115	SCHNAUZER, MINIATURE	1	0	2023-08-03 11:08:01	2023-08-03 11:08:01	1	2	2
116	SCHNAUZER, STANDARD	1	0	2023-08-03 11:08:01	2023-08-03 11:08:01	1	2	2
117	SETTER, ENGLISH	1	0	2023-08-03 11:08:01	2023-08-03 11:08:01	1	2	2
118	SETTER, GORDON	1	0	2023-08-03 11:08:01	2023-08-03 11:08:01	1	2	2
119	SETTER, IRISH	1	0	2023-08-03 11:08:01	2023-08-03 11:08:01	1	2	2
120	SHEPHERD, ANATOLIAN	1	0	2023-08-03 11:08:01	2023-08-03 11:08:01	1	2	2
121	SHEPHERD, AUSTRALIAN	1	0	2023-08-03 11:08:01	2023-08-03 11:08:01	1	2	2
122	SHEPHERD, BELGIAN	1	0	2023-08-03 11:08:01	2023-08-03 11:08:01	1	2	2
124	SHAR-PEI	1	0	2023-08-03 11:08:01	2023-08-03 11:08:01	1	2	2
125	SHEEPDOG, BELGIAN	1	0	2023-08-03 11:08:01	2023-08-03 11:08:01	1	2	2
126	SHEEPDOG, OLD ENGLISH	1	0	2023-08-03 11:08:01	2023-08-03 11:08:01	1	2	2
127	SHEEPDOG, SHETLAND	1	0	2023-08-03 11:08:01	2023-08-03 11:08:01	1	2	2
128	SHIBA-INU	1	0	2023-08-03 11:08:01	2023-08-03 11:08:01	1	2	2
129	SHIH-TZU	1	0	2023-08-03 11:08:01	2023-08-03 11:08:01	1	2	2
130	SIBERIAN HUSKY	1	0	2023-08-03 11:08:01	2023-08-03 11:08:01	1	2	2
131	SPANIEL, AMERICAN WATER	1	0	2023-08-03 11:08:01	2023-08-03 11:08:01	1	2	2
132	SPANIEL, BRITTANY	1	0	2023-08-03 11:08:01	2023-08-03 11:08:01	1	2	2
133	SPANIEL, CLUMBER	1	0	2023-08-03 11:08:01	2023-08-03 11:08:01	1	2	2
134	SPANIEL, COCKER	1	0	2023-08-03 11:08:01	2023-08-03 11:08:01	1	2	2
135	SPANIEL, ENGLISH COCKER	1	0	2023-08-03 11:08:01	2023-08-03 11:08:01	1	2	2
136	SPANIEL, ENGLISH SPRINGER	1	0	2023-08-03 11:08:01	2023-08-03 11:08:01	1	2	2
137	SPANIEL, ENGLISH TOY	1	0	2023-08-03 11:08:01	2023-08-03 11:08:01	1	2	2
138	SPANIEL, FIELD	1	0	2023-08-03 11:08:01	2023-08-03 11:08:01	1	2	2
139	SPANIEL, IRISH WATER	1	0	2023-08-03 11:08:01	2023-08-03 11:08:01	1	2	2
140	SPANIEL, KING CHARLES	1	0	2023-08-03 11:08:01	2023-08-03 11:08:01	1	2	2
141	SPANIEL, SUSSEX	1	0	2023-08-03 11:08:01	2023-08-03 11:08:01	1	2	2
142	SPANIEL, TIBETAN	1	0	2023-08-03 11:08:01	2023-08-03 11:08:01	1	2	2
143	SPANIEL, WATER	1	0	2023-08-03 11:08:01	2023-08-03 11:08:01	1	2	2
144	SPANIEL, WELSH SPRINGER	1	0	2023-08-03 11:08:01	2023-08-03 11:08:01	1	2	2
145	SPITZ	1	0	2023-08-03 11:08:01	2023-08-03 11:08:01	1	2	2
146	ST. BERNARD	1	0	2023-08-03 11:08:01	2023-08-03 11:08:01	1	2	2
147	TERRIER, AIRDALE	1	0	2023-08-03 11:08:01	2023-08-03 11:08:01	1	2	2
148	TERRIER, AUSTRALIAN	1	0	2023-08-03 11:08:01	2023-08-03 11:08:01	1	2	2
149	TERRIER, BEDLINGTON	1	0	2023-08-03 11:08:01	2023-08-03 11:08:01	1	2	2
150	TERRIER, BORDER	1	0	2023-08-03 11:08:01	2023-08-03 11:08:01	1	2	2
151	TERRIER, BOSTON BULL	1	0	2023-08-03 11:08:01	2023-08-03 11:08:01	1	2	2
152	TERRIER, BULL	1	0	2023-08-03 11:08:01	2023-08-03 11:08:01	1	2	2
153	TERRIER, CAIRN	1	0	2023-08-03 11:08:01	2023-08-03 11:08:01	1	2	2
154	TERRIER, DANDIE DINMONT	1	0	2023-08-03 11:08:01	2023-08-03 11:08:01	1	2	2
155	TERRIER, GERMAN JAGD	1	0	2023-08-03 11:08:01	2023-08-03 11:08:01	1	2	2
156	TERRIER, IRISH	1	0	2023-08-03 11:08:01	2023-08-03 11:08:01	1	2	2
157	TERRIER, JACK RUSSELL	1	0	2023-08-03 11:08:01	2023-08-03 11:08:01	1	2	2
158	TERRIER, KERRY BLUE	1	0	2023-08-03 11:08:01	2023-08-03 11:08:01	1	2	2
159	TERRIER, LAKELAND	1	0	2023-08-03 11:08:01	2023-08-03 11:08:01	1	2	2
160	TERRIER, MANCHESTER	1	0	2023-08-03 11:08:01	2023-08-03 11:08:01	1	2	2
161	TERRIER, NORFOLK	1	0	2023-08-03 11:08:01	2023-08-03 11:08:01	1	2	2
162	TERRIER, NORWICH	1	0	2023-08-03 11:08:01	2023-08-03 11:08:01	1	2	2
163	TERRIER, PIT BULL	1	0	2023-08-03 11:08:01	2023-08-03 11:08:01	1	2	2
164	TERRIER, RAT	1	0	2023-08-03 11:08:01	2023-08-03 11:08:01	1	2	2
165	TERRIER, SCOTTISH	1	0	2023-08-03 11:08:01	2023-08-03 11:08:01	1	2	2
166	TERRIER, SELYHAM	1	0	2023-08-03 11:08:01	2023-08-03 11:08:01	1	2	2
167	TERRIER, SILKY	1	0	2023-08-03 11:08:01	2023-08-03 11:08:01	1	2	2
168	TERRIER, SKYE	1	0	2023-08-03 11:08:01	2023-08-03 11:08:01	1	2	2
169	TERRIER, SMOOTH FOX	1	0	2023-08-03 11:08:01	2023-08-03 11:08:01	1	2	2
170	TERRIER, SOFT COATED WHEATEN	1	0	2023-08-03 11:08:01	2023-08-03 11:08:01	1	2	2
171	TERRIER, TIBETAN	1	0	2023-08-03 11:08:01	2023-08-03 11:08:01	1	2	2
172	TERRIER, TOY FOX	1	0	2023-08-03 11:08:01	2023-08-03 11:08:01	1	2	2
173	TERRIER, TOY MANCHESTER	1	0	2023-08-03 11:08:01	2023-08-03 11:08:01	1	2	2
174	TERRIER, WELSH	1	0	2023-08-03 11:08:01	2023-08-03 11:08:01	1	2	2
175	TERRIER, WEST HIGHLAND WHITE	1	0	2023-08-03 11:08:01	2023-08-03 11:08:01	1	2	2
176	TERRIER, WIREHAIRED FOX	1	0	2023-08-03 11:08:01	2023-08-03 11:08:01	1	2	2
177	TERRIER, YORKSHIRE	1	0	2023-08-03 11:08:01	2023-08-03 11:08:01	1	2	2
178	TERRIER,AMERICAN STAFFORD SHIRE	1	0	2023-08-03 11:08:01	2023-08-03 11:08:01	1	2	2
179	TOSA	1	0	2023-08-03 11:08:01	2023-08-03 11:08:01	1	2	2
180	VIZSLA	1	0	2023-08-03 11:08:01	2023-08-03 11:08:01	1	2	2
181	WEIMARANER	1	0	2023-08-03 11:08:01	2023-08-03 11:08:01	1	2	2
182	WHIPPET	1	0	2023-08-03 11:08:01	2023-08-03 11:08:01	1	2	2
183	ABBYSSINIAN	1	0	2023-08-03 11:08:01	2023-08-03 11:08:01	2	2	2
184	AMERICAN BOBTAIL	1	0	2023-08-03 11:08:01	2023-08-03 11:08:01	2	2	2
185	AMERICAN CURL	1	0	2023-08-03 11:08:01	2023-08-03 11:08:01	2	2	2
186	AMERICAN SHORTHAIR	1	0	2023-08-03 11:08:01	2023-08-03 11:08:01	2	2	2
187	BALINESE	1	0	2023-08-03 11:08:01	2023-08-03 11:08:01	2	2	2
188	BIRMAN BOMBAY	1	0	2023-08-03 11:08:01	2023-08-03 11:08:01	2	2	2
189	BRITISH SHORTHAIR	1	0	2023-08-03 11:08:01	2023-08-03 11:08:01	2	2	2
190	BURMESE	1	0	2023-08-03 11:08:01	2023-08-03 11:08:01	2	2	2
191	CHARTRAUX	1	0	2023-08-03 11:08:01	2023-08-03 11:08:01	2	2	2
192	COLOR-POINT SHORTHAIR	1	0	2023-08-03 11:08:01	2023-08-03 11:08:01	2	2	2
193	CORNISH REX	1	0	2023-08-03 11:08:01	2023-08-03 11:08:01	2	2	2
194	CYMRIC	1	0	2023-08-03 11:08:01	2023-08-03 11:08:01	2	2	2
195	DEVON REX	1	0	2023-08-03 11:08:01	2023-08-03 11:08:01	2	2	2
196	DOMESTIC LONGHAIR	1	0	2023-08-03 11:08:01	2023-08-03 11:08:01	2	2	2
197	DOMESTIC MEDIUM HAIR	1	0	2023-08-03 11:08:01	2023-08-03 11:08:01	2	2	2
198	DOMESTIC SHORTHAIR	1	0	2023-08-03 11:08:01	2023-08-03 11:08:01	2	2	2
199	EGYPTIAN MAU	1	0	2023-08-03 11:08:01	2023-08-03 11:08:01	2	2	2
200	EXOTIC SHORTHAIR	1	0	2023-08-03 11:08:01	2023-08-03 11:08:01	2	2	2
201	HAVANA BROWN	1	0	2023-08-03 11:08:01	2023-08-03 11:08:01	2	2	2
202	HIMALAYAN	1	0	2023-08-03 11:08:01	2023-08-03 11:08:01	2	2	2
203	JAPANESE BOBTAIL	1	0	2023-08-03 11:08:01	2023-08-03 11:08:01	2	2	2
204	JAVANESE	1	0	2023-08-03 11:08:01	2023-08-03 11:08:01	2	2	2
205	KO RAT	1	0	2023-08-03 11:08:01	2023-08-03 11:08:01	2	2	2
206	LONGHAIRED SCOTTISH FOLD	1	0	2023-08-03 11:08:01	2023-08-03 11:08:01	2	2	2
207	MAINE COON	1	0	2023-08-03 11:08:01	2023-08-03 11:08:01	2	2	2
208	MANX	1	0	2023-08-03 11:08:01	2023-08-03 11:08:01	2	2	2
209	NORWEGIAN FOREST CAT	1	0	2023-08-03 11:08:01	2023-08-03 11:08:01	2	2	2
210	OCICAT	1	0	2023-08-03 11:08:01	2023-08-03 11:08:01	2	2	2
211	ORIENTAL LONGHAIR	1	0	2023-08-03 11:08:01	2023-08-03 11:08:01	2	2	2
212	ORIENTAL SHORTHAIR	1	0	2023-08-03 11:08:01	2023-08-03 11:08:01	2	2	2
214	RAGDOLL	1	0	2023-08-03 11:08:01	2023-08-03 11:08:01	2	2	2
215	RUSSIAN BLUE	1	0	2023-08-03 11:08:01	2023-08-03 11:08:01	2	2	2
216	SHORTHAIRED SCOTTISH FOLD	1	0	2023-08-03 11:08:01	2023-08-03 11:08:01	2	2	2
217	SIAMESE	1	0	2023-08-03 11:08:01	2023-08-03 11:08:01	2	2	2
218	SINGAPURA	1	0	2023-08-03 11:08:01	2023-08-03 11:08:01	2	2	2
219	SNOSHOE	1	0	2023-08-03 11:08:01	2023-08-03 11:08:01	2	2	2
220	SOMALI	1	0	2023-08-03 11:08:01	2023-08-03 11:08:01	2	2	2
221	SPHYNX	1	0	2023-08-03 11:08:01	2023-08-03 11:08:01	2	2	2
222	TIFFANY	1	0	2023-08-03 11:08:01	2023-08-03 11:08:01	2	2	2
223	TONKINESE	1	0	2023-08-03 11:08:01	2023-08-03 11:08:01	2	2	2
224	TURKISH ANGORA	1	0	2023-08-03 11:08:01	2023-08-03 11:08:01	2	2	2
225	TUXEDO	1	0	2023-08-03 11:08:01	2023-08-03 11:08:01	2	2	2
226	TURKISH VAN	1	0	2023-08-03 11:08:01	2023-08-03 11:08:01	2	2	2
213	PERSIAN	0	1	2023-08-03 11:08:01	2023-08-03 11:08:52	2	2	2
123	SHEPHERD, GERMAN	1	0	2023-08-03 11:08:01	2023-08-17 09:36:16	1	1	1
\.


--
-- Data for Name: cart; Type: TABLE DATA; Schema: public; Owner: postgres
--

COPY public.cart (id, product_id, product_attribute_id, quantity, user_id, store_id, device_cart_id, created_at, updated_at) FROM stdin;
408	3	3	1	147	0	2636579fb9c3348f	2023-10-23 05:57:11	2023-10-23 05:57:58
294	13	13	2	0	0	67eb682f83cfd7af	2023-08-22 07:02:34	2023-08-22 07:03:21
405	13	13	3	0	0	1f6cf10bb07a91476068	2023-09-25 11:41:31	2023-09-25 11:41:36
391	13	13	1	103	0	80b1c57550d10af2	2023-09-19 10:42:57	2023-09-19 12:28:35
406	7	7	3	0	0	1f6cf10bb07a91476068	2023-09-25 11:41:44	2023-09-25 11:41:50
88	4	4	2	0	0	A644CC54-7447-49AA-A1A7-CAFB0C56CEF3	2023-06-16 09:12:52	2023-06-16 09:12:53
398	12	14	1	122	0	a07664d29f64357d3eed	2023-09-19 12:27:38	2023-11-06 11:14:27
403	3	3	1	146	0	926335654f806901	2023-09-20 05:59:30	2023-09-20 08:23:01
400	16	19	1	140	0	F1557FB7-4F75-4C52-9FB3-3D177AD5546B	2023-09-19 12:38:00	2023-09-20 08:46:18
392	13	13	1	55	0	f95b7915cc34bc56	2023-09-19 11:50:38	2023-09-20 09:23:05
401	12	14	2	108	0	6ED9072A-9B74-442B-81E3-D16FB7A5BF12	2023-09-19 17:44:24	2023-09-20 11:32:38
194	13	13	3	0	0	78c2dc92a381e3b80cd3	2023-08-12 11:28:50	2023-08-12 11:29:54
195	13	13	1	0	0	80d470b9d6d32d9780d4	2023-08-12 11:30:08	2023-08-12 11:30:08
196	12	14	1	0	0	78c2dc92a381e3b80cd3	2023-08-12 11:30:44	2023-08-12 11:30:44
197	12	12	1	0	0	78c2dc92a381e3b80cd3	2023-08-12 11:57:46	2023-08-12 11:57:46
101	13	13	2	0	0	1ABA0851-77F7-4373-A156-39403626EC04	2023-07-20 05:05:30	2023-07-20 05:05:31
198	10	10	1	0	0	78c2dc92a381e3b80cd3	2023-08-12 13:20:16	2023-08-12 13:20:16
50	5	5	1	58	0	CB24DA52-79ED-4375-848D-BAA633567171	2023-06-06 12:00:35	2023-06-06 12:00:40
404	13	13	4	122	0	72ea3fee193f49fa1bb1	2023-09-25 06:39:15	2023-09-26 17:42:44
358	3	3	1	54	0	D022AA04-3C13-4B25-9D5C-906882F84CA3	2023-08-23 12:18:52	2023-08-24 12:59:15
352	17	20	1	54	0	D022AA04-3C13-4B25-9D5C-906882F84CA3	2023-08-23 10:12:11	2023-08-24 12:59:15
218	5	5	1	107	0	67ad63082e22a43e704f	2023-08-15 12:46:03	2023-08-15 12:46:11
407	13	13	1	122	0	bc8781fd55e7eee19f2f	2023-09-26 09:53:18	2023-10-28 04:29:35
409	17	20	2	147	0	2636579fb9c3348f	2023-10-23 05:57:25	2023-11-01 08:55:45
353	13	13	5	54	0	D022AA04-3C13-4B25-9D5C-906882F84CA3	2023-08-23 10:12:23	2023-08-24 12:59:15
354	4	4	11	54	0	D022AA04-3C13-4B25-9D5C-906882F84CA3	2023-08-23 10:12:46	2023-08-24 12:59:15
\.


--
-- Data for Name: cart_food; Type: TABLE DATA; Schema: public; Owner: postgres
--

COPY public.cart_food (id, product_id, quantity, user_id, store_id, device_cart_id, created_at, updated_at) FROM stdin;
\.


--
-- Data for Name: category; Type: TABLE DATA; Schema: public; Owner: postgres
--

COPY public.category (id, name, image, banner_image, parent_id, active, deleted, sort_order, created_uid, updated_uid, created_at, updated_at, slug) FROM stdin;
2	Pedigree	\N	\N	1	0	1	0	1	1	2023-05-15 02:29:34	2023-05-16 11:36:56	
5	Wet Cat Food	/uploads/category/64d9ae28d4e0d_1691987496.jpg	/uploads/category/64636ac54cf0a_1684236997.jpg	0	0	1	4	1	1	2023-05-16 11:36:37	2023-08-21 04:30:44	wet-cat-food
1	Cats	/uploads/category/64e4949845f64_1692701848.png	\N	0	1	0	2	1	1	2023-05-14 18:04:22	2023-08-22 10:57:28	cats
4	Dogs	/uploads/category/64e4949ea7c2c_1692701854.png	/uploads/category/646313ea7360f_1684214762.jpg	0	1	0	3	1	1	2023-05-16 05:26:02	2023-08-22 10:57:34	dogs
8	All Products	/uploads/category/64e4948d3c2be_1692701837.png	\N	0	0	0	1	1	1	2023-08-18 05:54:21	2023-08-22 10:58:05	all-products
7	Dog Toys	/uploads/category/64d9af5646961_1691987798.jpg	\N	0	0	1	6	1	1	2023-08-14 04:36:38	2023-08-19 09:45:53	dog-toys
6	Cat Toys	/uploads/category/64d9ae83e2e59_1691987587.jpg	\N	0	0	1	5	1	1	2023-08-14 04:33:07	2023-08-19 09:45:59	cat-toys
3	Dry Food	/uploads/category/64d9ad8e81687_1691987342.jpg	/uploads/category/6463131f7002a_1684214559.jpg	0	0	1	3	1	1	2023-05-16 05:22:39	2023-08-19 09:49:57	dry-food
\.


--
-- Data for Name: cities; Type: TABLE DATA; Schema: public; Owner: postgres
--

COPY public.cities (id, name, active, country_id, state_id, created_uid, updated_uid, deleted, created_at, updated_at, delivery_charge) FROM stdin;
4	Agaie	1	158	3	1	1	0	2023-09-17 15:54:13	2023-09-19 10:30:52	10
1	JLT	0	158	5	1	1	0	2023-05-10 12:45:41	2023-09-19 10:31:03	10
15	Chikun	1	158	6	1	1	0	2023-09-17 16:09:11	2023-09-19 10:31:09	15
3	Dubai	0	158	4	1	1	0	2023-05-31 11:01:36	2023-09-19 10:31:19	20
14	Birnin Gwari	1	158	6	1	1	0	2023-09-17 16:08:33	2023-09-19 10:31:29	12
2	Nagpur	0	98	2	1	\N	0	2023-05-16 14:14:38	2023-09-19 10:31:39	0
5	Agwara	1	158	3	1	1	0	2023-09-17 15:54:41	2023-09-19 10:31:46	15
13	Gashaka	1	158	5	1	1	0	2023-09-17 16:08:08	2023-09-19 10:31:57	5
12	Donga	1	158	5	1	1	0	2023-09-17 16:07:13	2023-09-19 10:32:05	10
11	Bali	1	158	5	1	1	0	2023-09-17 16:06:33	2023-09-19 10:32:14	12
10	Ardo Kola	1	158	5	1	1	0	2023-09-17 16:06:03	2023-09-19 10:32:22	10
8	Ngala	1	158	4	1	1	0	2023-09-17 15:56:02	2023-09-19 10:32:39	12
7	Maiduguri	1	158	4	1	1	0	2023-09-17 15:55:35	2023-09-19 10:32:48	8
6	Bida	1	158	3	1	1	0	2023-09-17 15:55:11	2023-09-19 10:32:57	6
9	Mafa	1	158	4	1	1	0	2023-09-17 16:05:16	2023-09-19 10:45:17	16
\.


--
-- Data for Name: comment_likes; Type: TABLE DATA; Schema: public; Owner: postgres
--

COPY public.comment_likes (id, comment_id, user_id, created_at, updated_at) FROM stdin;
\.


--
-- Data for Name: comment_taged_users; Type: TABLE DATA; Schema: public; Owner: postgres
--

COPY public.comment_taged_users (id, comment_id, user_id) FROM stdin;
\.


--
-- Data for Name: contact_us; Type: TABLE DATA; Schema: public; Owner: postgres
--

COPY public.contact_us (id, name, email, dial_code, mobile, message, created_at, updated_at) FROM stdin;
1	Irfan	test@test.com	91	1122334455	Test message	2023-06-20 12:42:22	2023-06-20 12:42:22
2	Sunil Sharma	sunil123@gmail.com	213	94646464	hey	2023-06-20 12:51:54	2023-06-20 12:51:54
3	Srijaul haque Gazi	srijaul1@gmail.com	971	6296323804	shshs	2023-06-21 10:59:14	2023-06-21 10:59:14
4	Aamir Anwar	aamir.dxbapps@gmail.com	971	0564005096	Message Message Message Message Message Message Message Message Message	2023-08-11 14:44:55	2023-08-11 14:44:56
5	rajitha	rajitharaji1998@gmail.com	971	551794838	hi	2023-08-18 06:53:02	2023-08-18 06:53:02
6	raj	testdxb18@gmail.com	971	551432678	inquiry	2023-08-21 05:34:58	2023-08-21 05:34:58
7	Kevin K.	pat@aneesho.com	234	8102440753	Just wanted to ask if you would be interested in getting external help with graphic design? We do all design work like banners, advertisements, photo edits, logos, flyers, etc. for a fixed monthly fee. \r\n\r\nWe don't charge for each task. What kind of work do you need on a regular basis? Let me know and I'll share my portfolio with you.	2024-01-02 08:18:17	2024-01-02 08:18:17
\.


--
-- Data for Name: contact_us_settings; Type: TABLE DATA; Schema: public; Owner: postgres
--

COPY public.contact_us_settings (id, title_en, title_ar, email, mobile, desc_en, desc_ar, location, latitude, longitude, twitter, instagram, facebook, youtube, linkedin, created_at, updated_at, pet_size_info) FROM stdin;
1	HOP	\N	info@hop.com	122345366	\N	\N	Lobby - 673C+W8P - Dubai World Trade Centre - Dubai - United Arab Emirates	25.204819	55.270931	https://twitter.com/	https://www.instagram.com/	https://www.facebook.com/	https://www.youtube.com/	https://www.linkedin.com/	\N	2023-10-27 10:38:57	Small: small\r\nlarge:arge\r\nmed:med
\.


--
-- Data for Name: country; Type: TABLE DATA; Schema: public; Owner: postgres
--

COPY public.country (id, name, prefix, dial_code, active, created_at, updated_at, deleted) FROM stdin;
229	United Arab Emirates	AE	971	1	2023-05-09 00:50:35	2023-10-27 10:48:03	0
158	Nigeria	NG	234	1	2023-05-09 00:50:35	2023-05-09 00:50:35	0
195	Sierra Leone	SL	232	0	2023-05-09 00:50:35	2023-05-09 00:50:35	0
1	Afghanistan	AF	93	0	2023-05-09 00:50:35	2023-05-09 00:50:35	0
2	Aland Islands	AX	358	0	2023-05-09 00:50:35	2023-05-09 00:50:35	0
3	Albania	AL	355	0	2023-05-09 00:50:35	2023-05-09 00:50:35	0
4	Algeria	DZ	213	0	2023-05-09 00:50:35	2023-05-09 00:50:35	0
5	AmericanSamoa	AS	1684	0	2023-05-09 00:50:35	2023-05-09 00:50:35	0
6	Andorra	AD	376	0	2023-05-09 00:50:35	2023-05-09 00:50:35	0
7	Angola	AO	244	0	2023-05-09 00:50:35	2023-05-09 00:50:35	0
8	Anguilla	AI	1264	0	2023-05-09 00:50:35	2023-05-09 00:50:35	0
9	Antarctica	AQ	672	0	2023-05-09 00:50:35	2023-05-09 00:50:35	0
10	Antigua and Barbuda	AG	1268	0	2023-05-09 00:50:35	2023-05-09 00:50:35	0
11	Argentina	AR	54	0	2023-05-09 00:50:35	2023-05-09 00:50:35	0
12	Armenia	AM	374	0	2023-05-09 00:50:35	2023-05-09 00:50:35	0
13	Aruba	AW	297	0	2023-05-09 00:50:35	2023-05-09 00:50:35	0
14	Australia	AU	61	0	2023-05-09 00:50:35	2023-05-09 00:50:35	0
15	Austria	AT	43	0	2023-05-09 00:50:35	2023-05-09 00:50:35	0
16	Azerbaijan	AZ	994	0	2023-05-09 00:50:35	2023-05-09 00:50:35	0
17	Bahamas	BS	1242	0	2023-05-09 00:50:35	2023-05-09 00:50:35	0
18	Bahrain	BH	973	0	2023-05-09 00:50:35	2023-05-09 00:50:35	0
19	Bangladesh	BD	880	0	2023-05-09 00:50:35	2023-05-09 00:50:35	0
20	Barbados	BB	1246	0	2023-05-09 00:50:35	2023-05-09 00:50:35	0
21	Belarus	BY	375	0	2023-05-09 00:50:35	2023-05-09 00:50:35	0
22	Belgium	BE	32	0	2023-05-09 00:50:35	2023-05-09 00:50:35	0
23	Belize	BZ	501	0	2023-05-09 00:50:35	2023-05-09 00:50:35	0
24	Benin	BJ	229	0	2023-05-09 00:50:35	2023-05-09 00:50:35	0
25	Bermuda	BM	1441	0	2023-05-09 00:50:35	2023-05-09 00:50:35	0
26	Bhutan	BT	975	0	2023-05-09 00:50:35	2023-05-09 00:50:35	0
27	Bolivia, Plurinational State of	BO	591	0	2023-05-09 00:50:35	2023-05-09 00:50:35	0
28	Bosnia and Herzegovina	BA	387	0	2023-05-09 00:50:35	2023-05-09 00:50:35	0
29	Botswana	BW	267	0	2023-05-09 00:50:35	2023-05-09 00:50:35	0
30	Brazil	BR	55	0	2023-05-09 00:50:35	2023-05-09 00:50:35	0
31	British Indian Ocean Territory	IO	246	0	2023-05-09 00:50:35	2023-05-09 00:50:35	0
32	Brunei Darussalam	BN	673	0	2023-05-09 00:50:35	2023-05-09 00:50:35	0
33	Bulgaria	BG	359	0	2023-05-09 00:50:35	2023-05-09 00:50:35	0
34	Burkina Faso	BF	226	0	2023-05-09 00:50:35	2023-05-09 00:50:35	0
35	Burundi	BI	257	0	2023-05-09 00:50:35	2023-05-09 00:50:35	0
36	Cambodia	KH	855	0	2023-05-09 00:50:35	2023-05-09 00:50:35	0
37	Cameroon	CM	237	0	2023-05-09 00:50:35	2023-05-09 00:50:35	0
38	Canada	CA	1	0	2023-05-09 00:50:35	2023-05-09 00:50:35	0
39	Cape Verde	CV	238	0	2023-05-09 00:50:35	2023-05-09 00:50:35	0
40	Cayman Islands	KY	 345	0	2023-05-09 00:50:35	2023-05-09 00:50:35	0
41	Central African Republic	CF	236	0	2023-05-09 00:50:35	2023-05-09 00:50:35	0
42	Chad	TD	235	0	2023-05-09 00:50:35	2023-05-09 00:50:35	0
43	Chile	CL	56	0	2023-05-09 00:50:35	2023-05-09 00:50:35	0
44	China	CN	86	0	2023-05-09 00:50:35	2023-05-09 00:50:35	0
45	Christmas Island	CX	61	0	2023-05-09 00:50:35	2023-05-09 00:50:35	0
196	Singapore	SG	65	0	2023-05-09 00:50:35	2023-05-09 00:50:35	0
46	Cocos (Keeling) Islands	CC	61	0	2023-05-09 00:50:35	2023-05-09 00:50:35	0
47	Colombia	CO	57	0	2023-05-09 00:50:35	2023-05-09 00:50:35	0
48	Comoros	KM	269	0	2023-05-09 00:50:35	2023-05-09 00:50:35	0
49	Congo	CG	242	0	2023-05-09 00:50:35	2023-05-09 00:50:35	0
50	Congo, The Democratic Republic of the Congo	CD	243	0	2023-05-09 00:50:35	2023-05-09 00:50:35	0
51	Cook Islands	CK	682	0	2023-05-09 00:50:35	2023-05-09 00:50:35	0
52	Costa Rica	CR	506	0	2023-05-09 00:50:35	2023-05-09 00:50:35	0
53	Cote d'Ivoire	CI	225	0	2023-05-09 00:50:35	2023-05-09 00:50:35	0
54	Croatia	HR	385	0	2023-05-09 00:50:35	2023-05-09 00:50:35	0
55	Cuba	CU	53	0	2023-05-09 00:50:35	2023-05-09 00:50:35	0
56	Cyprus	CY	357	0	2023-05-09 00:50:35	2023-05-09 00:50:35	0
57	Czech Republic	CZ	420	0	2023-05-09 00:50:35	2023-05-09 00:50:35	0
58	Denmark	DK	45	0	2023-05-09 00:50:35	2023-05-09 00:50:35	0
59	Djibouti	DJ	253	0	2023-05-09 00:50:35	2023-05-09 00:50:35	0
60	Dominica	DM	1767	0	2023-05-09 00:50:35	2023-05-09 00:50:35	0
61	Dominican Republic	DO	1849	0	2023-05-09 00:50:35	2023-05-09 00:50:35	0
62	Ecuador	EC	593	0	2023-05-09 00:50:35	2023-05-09 00:50:35	0
63	Egypt	EG	20	0	2023-05-09 00:50:35	2023-05-09 00:50:35	0
64	El Salvador	SV	503	0	2023-05-09 00:50:35	2023-05-09 00:50:35	0
65	Equatorial Guinea	GQ	240	0	2023-05-09 00:50:35	2023-05-09 00:50:35	0
66	Eritrea	ER	291	0	2023-05-09 00:50:35	2023-05-09 00:50:35	0
67	Estonia	EE	372	0	2023-05-09 00:50:35	2023-05-09 00:50:35	0
68	Ethiopia	ET	251	0	2023-05-09 00:50:35	2023-05-09 00:50:35	0
69	Falkland Islands (Malvinas)	FK	500	0	2023-05-09 00:50:35	2023-05-09 00:50:35	0
70	Faroe Islands	FO	298	0	2023-05-09 00:50:35	2023-05-09 00:50:35	0
71	Fiji	FJ	679	0	2023-05-09 00:50:35	2023-05-09 00:50:35	0
72	Finland	FI	358	0	2023-05-09 00:50:35	2023-05-09 00:50:35	0
73	France	FR	33	0	2023-05-09 00:50:35	2023-05-09 00:50:35	0
74	French Guiana	GF	594	0	2023-05-09 00:50:35	2023-05-09 00:50:35	0
75	French Polynesia	PF	689	0	2023-05-09 00:50:35	2023-05-09 00:50:35	0
76	Gabon	GA	241	0	2023-05-09 00:50:35	2023-05-09 00:50:35	0
77	Gambia	GM	220	0	2023-05-09 00:50:35	2023-05-09 00:50:35	0
78	Georgia	GE	995	0	2023-05-09 00:50:35	2023-05-09 00:50:35	0
79	Germany	DE	49	0	2023-05-09 00:50:35	2023-05-09 00:50:35	0
80	Ghana	GH	233	0	2023-05-09 00:50:35	2023-05-09 00:50:35	0
81	Gibraltar	GI	350	0	2023-05-09 00:50:35	2023-05-09 00:50:35	0
82	Greece	GR	30	0	2023-05-09 00:50:35	2023-05-09 00:50:35	0
83	Greenland	GL	299	0	2023-05-09 00:50:35	2023-05-09 00:50:35	0
84	Grenada	GD	1473	0	2023-05-09 00:50:35	2023-05-09 00:50:35	0
85	Guadeloupe	GP	590	0	2023-05-09 00:50:35	2023-05-09 00:50:35	0
86	Guam	GU	1671	0	2023-05-09 00:50:35	2023-05-09 00:50:35	0
87	Guatemala	GT	502	0	2023-05-09 00:50:35	2023-05-09 00:50:35	0
88	Guernsey	GG	44	0	2023-05-09 00:50:35	2023-05-09 00:50:35	0
89	Guinea	GN	224	0	2023-05-09 00:50:35	2023-05-09 00:50:35	0
90	Guinea-Bissau	GW	245	0	2023-05-09 00:50:35	2023-05-09 00:50:35	0
91	Guyana	GY	595	0	2023-05-09 00:50:35	2023-05-09 00:50:35	0
92	Haiti	HT	509	0	2023-05-09 00:50:35	2023-05-09 00:50:35	0
93	Holy See (Vatican City State)	VA	379	0	2023-05-09 00:50:35	2023-05-09 00:50:35	0
94	Honduras	HN	504	0	2023-05-09 00:50:35	2023-05-09 00:50:35	0
95	Hong Kong	HK	852	0	2023-05-09 00:50:35	2023-05-09 00:50:35	0
96	Hungary	HU	36	0	2023-05-09 00:50:35	2023-05-09 00:50:35	0
97	Iceland	IS	354	0	2023-05-09 00:50:35	2023-05-09 00:50:35	0
98	India	IN	91	0	2023-05-09 00:50:35	2023-05-09 00:50:35	0
99	Indonesia	ID	62	0	2023-05-09 00:50:35	2023-05-09 00:50:35	0
100	Iran, Islamic Republic of Persian Gulf	IR	98	0	2023-05-09 00:50:35	2023-05-09 00:50:35	0
101	Iraq	IQ	964	0	2023-05-09 00:50:35	2023-05-09 00:50:35	0
102	Ireland	IE	353	0	2023-05-09 00:50:35	2023-05-09 00:50:35	0
103	Isle of Man	IM	44	0	2023-05-09 00:50:35	2023-05-09 00:50:35	0
104	Israel	IL	972	0	2023-05-09 00:50:35	2023-05-09 00:50:35	0
105	Italy	IT	39	0	2023-05-09 00:50:35	2023-05-09 00:50:35	0
106	Jamaica	JM	1876	0	2023-05-09 00:50:35	2023-05-09 00:50:35	0
107	Japan	JP	81	0	2023-05-09 00:50:35	2023-05-09 00:50:35	0
108	Jersey	JE	44	0	2023-05-09 00:50:35	2023-05-09 00:50:35	0
109	Jordan	JO	962	0	2023-05-09 00:50:35	2023-05-09 00:50:35	0
110	Kazakhstan	KZ	77	0	2023-05-09 00:50:35	2023-05-09 00:50:35	0
111	Kenya	KE	254	0	2023-05-09 00:50:35	2023-05-09 00:50:35	0
112	Kiribati	KI	686	0	2023-05-09 00:50:35	2023-05-09 00:50:35	0
113	Korea, Democratic People's Republic of Korea	KP	850	0	2023-05-09 00:50:35	2023-05-09 00:50:35	0
114	Korea, Republic of South Korea	KR	82	0	2023-05-09 00:50:35	2023-05-09 00:50:35	0
115	Kuwait	KW	965	0	2023-05-09 00:50:35	2023-05-09 00:50:35	0
116	Kyrgyzstan	KG	996	0	2023-05-09 00:50:35	2023-05-09 00:50:35	0
117	Laos	LA	856	0	2023-05-09 00:50:35	2023-05-09 00:50:35	0
118	Latvia	LV	371	0	2023-05-09 00:50:35	2023-05-09 00:50:35	0
119	Lebanon	LB	961	0	2023-05-09 00:50:35	2023-05-09 00:50:35	0
120	Lesotho	LS	266	0	2023-05-09 00:50:35	2023-05-09 00:50:35	0
121	Liberia	LR	231	0	2023-05-09 00:50:35	2023-05-09 00:50:35	0
122	Libyan Arab Jamahiriya	LY	218	0	2023-05-09 00:50:35	2023-05-09 00:50:35	0
123	Liechtenstein	LI	423	0	2023-05-09 00:50:35	2023-05-09 00:50:35	0
124	Lithuania	LT	370	0	2023-05-09 00:50:35	2023-05-09 00:50:35	0
125	Luxembourg	LU	352	0	2023-05-09 00:50:35	2023-05-09 00:50:35	0
126	Macao	MO	853	0	2023-05-09 00:50:35	2023-05-09 00:50:35	0
127	Macedonia	MK	389	0	2023-05-09 00:50:35	2023-05-09 00:50:35	0
128	Madagascar	MG	261	0	2023-05-09 00:50:35	2023-05-09 00:50:35	0
129	Malawi	MW	265	0	2023-05-09 00:50:35	2023-05-09 00:50:35	0
130	Malaysia	MY	60	0	2023-05-09 00:50:35	2023-05-09 00:50:35	0
131	Maldives	MV	960	0	2023-05-09 00:50:35	2023-05-09 00:50:35	0
132	Mali	ML	223	0	2023-05-09 00:50:35	2023-05-09 00:50:35	0
133	Malta	MT	356	0	2023-05-09 00:50:35	2023-05-09 00:50:35	0
134	Marshall Islands	MH	692	0	2023-05-09 00:50:35	2023-05-09 00:50:35	0
135	Martinique	MQ	596	0	2023-05-09 00:50:35	2023-05-09 00:50:35	0
136	Mauritania	MR	222	0	2023-05-09 00:50:35	2023-05-09 00:50:35	0
137	Mauritius	MU	230	0	2023-05-09 00:50:35	2023-05-09 00:50:35	0
138	Mayotte	YT	262	0	2023-05-09 00:50:35	2023-05-09 00:50:35	0
139	Mexico	MX	52	0	2023-05-09 00:50:35	2023-05-09 00:50:35	0
140	Micronesia, Federated States of Micronesia	FM	691	0	2023-05-09 00:50:35	2023-05-09 00:50:35	0
141	Moldova	MD	373	0	2023-05-09 00:50:35	2023-05-09 00:50:35	0
142	Monaco	MC	377	0	2023-05-09 00:50:35	2023-05-09 00:50:35	0
143	Mongolia	MN	976	0	2023-05-09 00:50:35	2023-05-09 00:50:35	0
144	Montenegro	ME	382	0	2023-05-09 00:50:35	2023-05-09 00:50:35	0
145	Montserrat	MS	1664	0	2023-05-09 00:50:35	2023-05-09 00:50:35	0
146	Morocco	MA	212	0	2023-05-09 00:50:35	2023-05-09 00:50:35	0
147	Mozambique	MZ	258	0	2023-05-09 00:50:35	2023-05-09 00:50:35	0
148	Myanmar	MM	95	0	2023-05-09 00:50:35	2023-05-09 00:50:35	0
149	Namibia	NA	264	0	2023-05-09 00:50:35	2023-05-09 00:50:35	0
150	Nauru	NR	674	0	2023-05-09 00:50:35	2023-05-09 00:50:35	0
151	Nepal	NP	977	0	2023-05-09 00:50:35	2023-05-09 00:50:35	0
152	Netherlands	NL	31	0	2023-05-09 00:50:35	2023-05-09 00:50:35	0
153	Netherlands Antilles	AN	599	0	2023-05-09 00:50:35	2023-05-09 00:50:35	0
154	New Caledonia	NC	687	0	2023-05-09 00:50:35	2023-05-09 00:50:35	0
155	New Zealand	NZ	64	0	2023-05-09 00:50:35	2023-05-09 00:50:35	0
156	Nicaragua	NI	505	0	2023-05-09 00:50:35	2023-05-09 00:50:35	0
157	Niger	NE	227	0	2023-05-09 00:50:35	2023-05-09 00:50:35	0
159	Niue	NU	683	0	2023-05-09 00:50:35	2023-05-09 00:50:35	0
160	Norfolk Island	NF	672	0	2023-05-09 00:50:35	2023-05-09 00:50:35	0
161	Northern Mariana Islands	MP	1670	0	2023-05-09 00:50:35	2023-05-09 00:50:35	0
162	Norway	NO	47	0	2023-05-09 00:50:35	2023-05-09 00:50:35	0
163	Oman	OM	968	0	2023-05-09 00:50:35	2023-05-09 00:50:35	0
164	Pakistan	PK	92	0	2023-05-09 00:50:35	2023-05-09 00:50:35	0
165	Palau	PW	680	0	2023-05-09 00:50:35	2023-05-09 00:50:35	0
166	Palestinian Territory, Occupied	PS	970	0	2023-05-09 00:50:35	2023-05-09 00:50:35	0
167	Panama	PA	507	0	2023-05-09 00:50:35	2023-05-09 00:50:35	0
168	Papua New Guinea	PG	675	0	2023-05-09 00:50:35	2023-05-09 00:50:35	0
169	Paraguay	PY	595	0	2023-05-09 00:50:35	2023-05-09 00:50:35	0
170	Peru	PE	51	0	2023-05-09 00:50:35	2023-05-09 00:50:35	0
171	Philippines	PH	63	0	2023-05-09 00:50:35	2023-05-09 00:50:35	0
172	Pitcairn	PN	872	0	2023-05-09 00:50:35	2023-05-09 00:50:35	0
173	Poland	PL	48	0	2023-05-09 00:50:35	2023-05-09 00:50:35	0
174	Portugal	PT	351	0	2023-05-09 00:50:35	2023-05-09 00:50:35	0
175	Puerto Rico	PR	1939	0	2023-05-09 00:50:35	2023-05-09 00:50:35	0
176	Qatar	QA	974	0	2023-05-09 00:50:35	2023-05-09 00:50:35	0
177	Romania	RO	40	0	2023-05-09 00:50:35	2023-05-09 00:50:35	0
178	Russia	RU	7	0	2023-05-09 00:50:35	2023-05-09 00:50:35	0
179	Rwanda	RW	250	0	2023-05-09 00:50:35	2023-05-09 00:50:35	0
180	Reunion	RE	262	0	2023-05-09 00:50:35	2023-05-09 00:50:35	0
181	Saint Barthelemy	BL	590	0	2023-05-09 00:50:35	2023-05-09 00:50:35	0
182	Saint Helena, Ascension and Tristan Da Cunha	SH	290	0	2023-05-09 00:50:35	2023-05-09 00:50:35	0
183	Saint Kitts and Nevis	KN	1869	0	2023-05-09 00:50:35	2023-05-09 00:50:35	0
184	Saint Lucia	LC	1758	0	2023-05-09 00:50:35	2023-05-09 00:50:35	0
185	Saint Martin	MF	590	0	2023-05-09 00:50:35	2023-05-09 00:50:35	0
186	Saint Pierre and Miquelon	PM	508	0	2023-05-09 00:50:35	2023-05-09 00:50:35	0
187	Saint Vincent and the Grenadines	VC	1784	0	2023-05-09 00:50:35	2023-05-09 00:50:35	0
188	Samoa	WS	685	0	2023-05-09 00:50:35	2023-05-09 00:50:35	0
189	San Marino	SM	378	0	2023-05-09 00:50:35	2023-05-09 00:50:35	0
190	Sao Tome and Principe	ST	239	0	2023-05-09 00:50:35	2023-05-09 00:50:35	0
191	Saudi Arabia	SA	966	0	2023-05-09 00:50:35	2023-05-09 00:50:35	0
192	Senegal	SN	221	0	2023-05-09 00:50:35	2023-05-09 00:50:35	0
193	Serbia	RS	381	0	2023-05-09 00:50:35	2023-05-09 00:50:35	0
194	Seychelles	SC	248	0	2023-05-09 00:50:35	2023-05-09 00:50:35	0
197	Slovakia	SK	421	0	2023-05-09 00:50:35	2023-05-09 00:50:35	0
198	Slovenia	SI	386	0	2023-05-09 00:50:35	2023-05-09 00:50:35	0
199	Solomon Islands	SB	677	0	2023-05-09 00:50:35	2023-05-09 00:50:35	0
200	Somalia	SO	252	0	2023-05-09 00:50:35	2023-05-09 00:50:35	0
201	South Africa	ZA	27	0	2023-05-09 00:50:35	2023-05-09 00:50:35	0
202	South Sudan	SS	211	0	2023-05-09 00:50:35	2023-05-09 00:50:35	0
203	South Georgia and the South Sandwich Islands	GS	500	0	2023-05-09 00:50:35	2023-05-09 00:50:35	0
204	Spain	ES	34	0	2023-05-09 00:50:35	2023-05-09 00:50:35	0
205	Sri Lanka	LK	94	0	2023-05-09 00:50:35	2023-05-09 00:50:35	0
206	Sudan	SD	249	0	2023-05-09 00:50:35	2023-05-09 00:50:35	0
207	Suriname	SR	597	0	2023-05-09 00:50:35	2023-05-09 00:50:35	0
208	Svalbard and Jan Mayen	SJ	47	0	2023-05-09 00:50:35	2023-05-09 00:50:35	0
209	Swaziland	SZ	268	0	2023-05-09 00:50:35	2023-05-09 00:50:35	0
210	Sweden	SE	46	0	2023-05-09 00:50:35	2023-05-09 00:50:35	0
211	Switzerland	CH	41	0	2023-05-09 00:50:35	2023-05-09 00:50:35	0
212	Syrian Arab Republic	SY	963	0	2023-05-09 00:50:35	2023-05-09 00:50:35	0
213	Taiwan	TW	886	0	2023-05-09 00:50:35	2023-05-09 00:50:35	0
214	Tajikistan	TJ	992	0	2023-05-09 00:50:35	2023-05-09 00:50:35	0
215	Tanzania, United Republic of Tanzania	TZ	255	0	2023-05-09 00:50:35	2023-05-09 00:50:35	0
216	Thailand	TH	66	0	2023-05-09 00:50:35	2023-05-09 00:50:35	0
217	Timor-Leste	TL	670	0	2023-05-09 00:50:35	2023-05-09 00:50:35	0
218	Togo	TG	228	0	2023-05-09 00:50:35	2023-05-09 00:50:35	0
219	Tokelau	TK	690	0	2023-05-09 00:50:35	2023-05-09 00:50:35	0
220	Tonga	TO	676	0	2023-05-09 00:50:35	2023-05-09 00:50:35	0
221	Trinidad and Tobago	TT	1868	0	2023-05-09 00:50:35	2023-05-09 00:50:35	0
222	Tunisia	TN	216	0	2023-05-09 00:50:35	2023-05-09 00:50:35	0
223	Turkey	TR	90	0	2023-05-09 00:50:35	2023-05-09 00:50:35	0
224	Turkmenistan	TM	993	0	2023-05-09 00:50:35	2023-05-09 00:50:35	0
225	Turks and Caicos Islands	TC	1649	0	2023-05-09 00:50:35	2023-05-09 00:50:35	0
226	Tuvalu	TV	688	0	2023-05-09 00:50:35	2023-05-09 00:50:35	0
227	Uganda	UG	256	0	2023-05-09 00:50:35	2023-05-09 00:50:35	0
228	Ukraine	UA	380	0	2023-05-09 00:50:35	2023-05-09 00:50:35	0
230	United Kingdom	GB	44	0	2023-05-09 00:50:35	2023-05-09 00:50:35	0
231	United States	US	1	0	2023-05-09 00:50:35	2023-05-09 00:50:35	0
232	Uruguay	UY	598	0	2023-05-09 00:50:35	2023-05-09 00:50:35	0
233	Uzbekistan	UZ	998	0	2023-05-09 00:50:35	2023-05-09 00:50:35	0
234	Vanuatu	VU	678	0	2023-05-09 00:50:35	2023-05-09 00:50:35	0
235	Venezuela, Bolivarian Republic of Venezuela	VE	58	0	2023-05-09 00:50:35	2023-05-09 00:50:35	0
236	Vietnam	VN	84	0	2023-05-09 00:50:35	2023-05-09 00:50:35	0
237	Virgin Islands, British	VG	1284	0	2023-05-09 00:50:35	2023-05-09 00:50:35	0
238	Virgin Islands, U.S.	VI	1340	0	2023-05-09 00:50:35	2023-05-09 00:50:35	0
239	Wallis and Futuna	WF	681	0	2023-05-09 00:50:35	2023-05-09 00:50:35	0
240	Yemen	YE	967	0	2023-05-09 00:50:35	2023-05-09 00:50:35	0
241	Zambia	ZM	260	0	2023-05-09 00:50:35	2023-05-09 00:50:35	0
242	Zimbabwe	ZW	263	0	2023-05-09 00:50:35	2023-05-09 00:50:35	0
243	Britain	BRI	1234	0	2023-05-16 14:11:51	2023-05-16 14:12:44	0
\.


--
-- Data for Name: coupon; Type: TABLE DATA; Schema: public; Owner: postgres
--

COPY public.coupon (coupon_id, coupon_title, coupon_description, coupon_end_date, coupon_amount, coupon_minimum_spend, coupon_maximum_spend, coupon_usage_percoupon, coupon_usage_perx, coupon_usage_peruser, coupon_created_date, coupon_vender_id, coupon_code, coupon_status, individual_use, amount_type, created_at, updated_at, applied_to, start_date, minimum_amount) FROM stdin;
4	Testing	Testing	2023-08-31 00:00:00	50	\N	\N	\N	\N	\N	\N	0	CODE50	1	0	1	2023-08-17 06:45:38	2023-08-22 06:44:52	2	2023-08-17 00:00:00	1000
\.


--
-- Data for Name: coupon_category; Type: TABLE DATA; Schema: public; Owner: postgres
--

COPY public.coupon_category (id, coupon_id, category_id) FROM stdin;
\.


--
-- Data for Name: coupon_histories; Type: TABLE DATA; Schema: public; Owner: postgres
--

COPY public.coupon_histories (id, order_id, coupon_id, user_id, coupon_code, discount, created_at, updated_at) FROM stdin;
1	7	1	11	X236243HF56	552.75	2023-06-03 11:33:24	2023-06-03 11:33:24
2	22	1	59	X236243HF56	26.25	2023-06-13 11:56:14	2023-06-13 11:56:14
3	95	3	115	raj	120	2023-08-22 06:16:27	2023-08-22 06:16:27
4	100	4	126	CODE50	542	2023-08-22 08:59:14	2023-08-22 08:59:14
\.


--
-- Data for Name: coupon_products; Type: TABLE DATA; Schema: public; Owner: postgres
--

COPY public.coupon_products (id, product_id, coupon_id, created_at, updated_at) FROM stdin;
\.


--
-- Data for Name: db_notifications; Type: TABLE DATA; Schema: public; Owner: postgres
--

COPY public.db_notifications (id, type, notifiable_type, notifiable_id, related_to, data, read_at, created_at, updated_at) FROM stdin;
4	Day Care	\N	423	Day Care	"{\\"related_id\\":423,\\"related_to\\":\\"Day Care\\",\\"title\\":\\"New DayCare service\\",\\"message\\":\\"Your DayCare Service quote received\\"}"	2023-09-14 03:07:07	2023-09-14 02:36:13	2023-09-14 03:07:07
14	Boarding	\N	429	Boarding	"{\\"related_id\\":429,\\"related_to\\":\\"Boarding\\",\\"title\\":\\"New Boarding service\\",\\"message\\":\\"Your Boarding Service quote received\\"}"	2023-09-14 08:30:03	2023-09-14 08:29:27	2023-09-14 08:30:03
3	Boarding	\N	422	Boarding	"{\\"related_id\\":422,\\"related_to\\":\\"Boarding\\",\\"title\\":\\"New Boarding service\\",\\"message\\":\\"Your Boarding Service quote received\\"}"	2023-09-14 03:07:15	2023-09-14 02:35:37	2023-09-14 03:07:15
23	DoggyPlay	\N	438	DoggyPlay	"{\\"related_id\\":438,\\"related_to\\":\\"DoggyPlay\\",\\"title\\":\\"New booking received\\",\\"message\\":\\"Doggy Play time service slot\\\\\\/s has been booked\\"}"	\N	2023-09-14 11:07:32	2023-09-14 11:07:32
24	Veterinary	\N	439	Veterinary	"{\\"related_id\\":439,\\"related_to\\":\\"Veterinary\\",\\"title\\":\\"New Veterinary service\\",\\"message\\":\\"Your Veterinary Service quote received\\"}"	\N	2023-09-14 11:08:24	2023-09-14 11:08:24
25	Veterinary	\N	440	Veterinary	"{\\"related_id\\":440,\\"related_to\\":\\"Veterinary\\",\\"title\\":\\"New Veterinary service\\",\\"message\\":\\"Your Veterinary Service quote received\\"}"	\N	2023-09-14 11:25:07	2023-09-14 11:25:07
2	DoggyPlay	\N	421	DoggyPlay	"{\\"related_id\\":421,\\"related_to\\":\\"DoggyPlay\\",\\"title\\":\\"New booking received\\",\\"message\\":\\"Doggy Play time service slot\\\\\\/s has been booked\\"}"	2023-09-14 03:11:55	2023-09-14 02:23:15	2023-09-14 03:11:55
7	order	\N	126	order	"{\\"related_id\\":126,\\"related_to\\":\\"order\\",\\"title\\":\\"Order received\\",\\"message\\":\\"New Order received\\"}"	\N	2023-09-14 04:51:44	2023-09-14 04:51:44
26	Veterinary	\N	441	Veterinary	"{\\"related_id\\":441,\\"related_to\\":\\"Veterinary\\",\\"title\\":\\"New Veterinary service\\",\\"message\\":\\"Your Veterinary Service quote received\\"}"	\N	2023-09-14 11:25:54	2023-09-14 11:25:54
5	DoggyPlay	\N	424	DoggyPlay	"{\\"related_id\\":424,\\"related_to\\":\\"DoggyPlay\\",\\"title\\":\\"New booking received\\",\\"message\\":\\"Doggy Play time service slot\\\\\\/s has been booked\\"}"	2023-09-14 07:34:45	2023-09-14 03:12:44	2023-09-14 07:34:45
27	Veterinary	\N	442	Veterinary	"{\\"related_id\\":442,\\"related_to\\":\\"Veterinary\\",\\"title\\":\\"New Veterinary service\\",\\"message\\":\\"Your Veterinary Service quote received\\"}"	\N	2023-09-14 11:26:46	2023-09-14 11:26:46
9	Order	\N	128	Order	"{\\"related_id\\":128,\\"related_to\\":\\"Order\\",\\"title\\":\\"Order received\\",\\"message\\":\\"New Order received\\"}"	2023-09-14 07:50:22	2023-09-14 07:42:21	2023-09-14 07:50:22
8	Order	\N	127	Order	"{\\"related_id\\":127,\\"related_to\\":\\"Order\\",\\"title\\":\\"Order received\\",\\"message\\":\\"New Order received\\"}"	2023-09-14 07:50:25	2023-09-14 07:32:49	2023-09-14 07:50:25
28	Veterinary	\N	443	Veterinary	"{\\"related_id\\":443,\\"related_to\\":\\"Veterinary\\",\\"title\\":\\"New Veterinary service\\",\\"message\\":\\"Your Veterinary Service quote received\\"}"	\N	2023-09-14 11:27:58	2023-09-14 11:27:58
6	Boarding	\N	425	Boarding	"{\\"related_id\\":425,\\"related_to\\":\\"Boarding\\",\\"title\\":\\"New Boarding service\\",\\"message\\":\\"Your Boarding Service quote received\\"}"	2023-09-14 07:50:41	2023-09-14 04:05:11	2023-09-14 07:50:41
12	Veterinary	\N	427	Veterinary	"{\\"related_id\\":427,\\"related_to\\":\\"Veterinary\\",\\"title\\":\\"New Veterinary service\\",\\"message\\":\\"Your Veterinary Service quote received\\"}"	2023-09-14 08:40:28	2023-09-14 08:12:52	2023-09-14 08:40:28
11	Veterinary	\N	426	Veterinary	"{\\"related_id\\":426,\\"related_to\\":\\"Veterinary\\",\\"title\\":\\"New Veterinary service\\",\\"message\\":\\"Your Veterinary Service quote received\\"}"	2023-09-14 08:29:41	2023-09-14 08:11:37	2023-09-14 08:29:41
29	Veterinary	\N	444	Veterinary	"{\\"related_id\\":444,\\"related_to\\":\\"Veterinary\\",\\"title\\":\\"New Veterinary service\\",\\"message\\":\\"Your Veterinary Service quote received\\"}"	\N	2023-09-14 11:34:42	2023-09-14 11:34:42
15	Grooming	\N	430	Grooming	"{\\"related_id\\":430,\\"related_to\\":\\"Grooming\\",\\"title\\":\\"New Grooming service\\",\\"message\\":\\"Your Grooming Service quote received\\"}"	2023-09-14 08:47:09	2023-09-14 08:37:30	2023-09-14 08:47:09
16	Veterinary	\N	431	Veterinary	"{\\"related_id\\":431,\\"related_to\\":\\"Veterinary\\",\\"title\\":\\"New Veterinary service\\",\\"message\\":\\"Your Veterinary Service quote received\\"}"	2023-09-14 08:47:12	2023-09-14 08:47:00	2023-09-14 08:47:12
17	Veterinary	\N	432	Veterinary	"{\\"related_id\\":432,\\"related_to\\":\\"Veterinary\\",\\"title\\":\\"New Veterinary service\\",\\"message\\":\\"Your Veterinary Service quote received\\"}"	\N	2023-09-14 08:59:19	2023-09-14 08:59:19
18	Grooming	\N	433	Grooming	"{\\"related_id\\":433,\\"related_to\\":\\"Grooming\\",\\"title\\":\\"New Grooming service\\",\\"message\\":\\"Your Grooming Service quote received\\"}"	\N	2023-09-14 08:59:58	2023-09-14 08:59:58
13	Day Care	\N	428	Day Care	"{\\"related_id\\":428,\\"related_to\\":\\"Day Care\\",\\"title\\":\\"New DayCare service\\",\\"message\\":\\"Your DayCare Service quote received\\"}"	2023-09-14 09:01:49	2023-09-14 08:15:18	2023-09-14 09:01:49
19	Veterinary	\N	434	Veterinary	"{\\"related_id\\":434,\\"related_to\\":\\"Veterinary\\",\\"title\\":\\"New Veterinary service\\",\\"message\\":\\"Your Veterinary Service quote received\\"}"	\N	2023-09-14 09:08:47	2023-09-14 09:08:47
21	Veterinary	\N	436	Veterinary	"{\\"related_id\\":436,\\"related_to\\":\\"Veterinary\\",\\"title\\":\\"New Veterinary service\\",\\"message\\":\\"Your Veterinary Service quote received\\"}"	\N	2023-09-14 10:27:04	2023-09-14 10:27:04
22	Veterinary	\N	437	Veterinary	"{\\"related_id\\":437,\\"related_to\\":\\"Veterinary\\",\\"title\\":\\"New Veterinary service\\",\\"message\\":\\"Your Veterinary Service quote received\\"}"	\N	2023-09-14 10:28:04	2023-09-14 10:28:04
30	Veterinary	\N	445	Veterinary	"{\\"related_id\\":445,\\"related_to\\":\\"Veterinary\\",\\"title\\":\\"New Veterinary service\\",\\"message\\":\\"Your Veterinary Service quote received\\"}"	\N	2023-09-14 11:43:04	2023-09-14 11:43:04
35	Boarding	\N	449	Boarding	"{\\"related_id\\":449,\\"related_to\\":\\"Boarding\\",\\"title\\":\\"New Boarding service\\",\\"message\\":\\"Your Boarding Service quote received\\"}"	\N	2023-09-14 20:43:21	2023-09-14 20:43:21
31	Veterinary	\N	446	Veterinary	"{\\"related_id\\":446,\\"related_to\\":\\"Veterinary\\",\\"title\\":\\"New Veterinary service\\",\\"message\\":\\"Your Veterinary Service quote received\\"}"	2023-09-16 06:46:22	2023-09-14 11:49:12	2023-09-16 06:46:22
34	Day Care	\N	448	Day Care	"{\\"related_id\\":448,\\"related_to\\":\\"Day Care\\",\\"title\\":\\"New DayCare service\\",\\"message\\":\\"Your DayCare Service quote received\\"}"	2023-09-15 04:22:16	2023-09-14 20:40:57	2023-09-15 04:22:16
33	Order	\N	130	Order	"{\\"related_id\\":130,\\"related_to\\":\\"Order\\",\\"title\\":\\"Order received\\",\\"message\\":\\"New Order received\\"}"	2023-09-19 07:11:19	2023-09-14 13:13:17	2023-09-19 07:11:19
20	Grooming	\N	435	Grooming	"{\\"related_id\\":435,\\"related_to\\":\\"Grooming\\",\\"title\\":\\"New Grooming service\\",\\"message\\":\\"Your Grooming Service quote received\\"}"	2023-09-16 06:44:16	2023-09-14 09:09:16	2023-09-16 06:44:16
10	Order	\N	129	Order	"{\\"related_id\\":129,\\"related_to\\":\\"Order\\",\\"title\\":\\"Order received\\",\\"message\\":\\"New Order received\\"}"	2023-09-19 08:24:24	2023-09-14 08:01:34	2023-09-19 08:24:24
43	Veterinary	\N	457	Veterinary	"{\\"related_id\\":457,\\"related_to\\":\\"Veterinary\\",\\"title\\":\\"New Veterinary service\\",\\"message\\":\\"You have new veterinary service request\\"}"	\N	2023-09-16 09:56:47	2023-09-16 09:56:47
44	Veterinary	\N	458	Veterinary	"{\\"related_id\\":458,\\"related_to\\":\\"Veterinary\\",\\"title\\":\\"New Veterinary service\\",\\"message\\":\\"You have new veterinary service request\\"}"	\N	2023-09-16 09:59:16	2023-09-16 09:59:16
45	Grooming	\N	459	Grooming	"{\\"related_id\\":459,\\"related_to\\":\\"Grooming\\",\\"title\\":\\"New Grooming service\\",\\"message\\":\\"You have new grooming service request\\"}"	\N	2023-09-16 10:36:51	2023-09-16 10:36:51
46	Grooming	\N	460	Grooming	"{\\"related_id\\":460,\\"related_to\\":\\"Grooming\\",\\"title\\":\\"New Grooming service\\",\\"message\\":\\"You have new grooming service request\\"}"	\N	2023-09-16 10:39:17	2023-09-16 10:39:17
47	Day Care	\N	461	Day Care	"{\\"related_id\\":461,\\"related_to\\":\\"Day Care\\",\\"title\\":\\"New DayCare service\\",\\"message\\":\\"You have new  dayCare service request\\"}"	\N	2023-09-16 10:40:40	2023-09-16 10:40:40
36	Veterinary	\N	450	Veterinary	"{\\"related_id\\":450,\\"related_to\\":\\"Veterinary\\",\\"title\\":\\"New Veterinary service\\",\\"message\\":\\"Your Veterinary Service quote received\\"}"	2023-09-15 09:20:02	2023-09-15 04:32:19	2023-09-15 09:20:02
48	Grooming	\N	462	Grooming	"{\\"related_id\\":462,\\"related_to\\":\\"Grooming\\",\\"title\\":\\"New Grooming service\\",\\"message\\":\\"You have new grooming service request\\"}"	\N	2023-09-16 10:44:45	2023-09-16 10:44:45
49	Grooming	\N	463	Grooming	"{\\"related_id\\":463,\\"related_to\\":\\"Grooming\\",\\"title\\":\\"New Grooming service\\",\\"message\\":\\"You have new grooming service request\\"}"	\N	2023-09-16 11:04:48	2023-09-16 11:04:48
50	Boarding	\N	464	Boarding	"{\\"related_id\\":464,\\"related_to\\":\\"Boarding\\",\\"title\\":\\"New Boarding service\\",\\"message\\":\\"You have new  boarding service request\\"}"	\N	2023-09-16 11:09:55	2023-09-16 11:09:55
37	Day Care	\N	451	Day Care	"{\\"related_id\\":451,\\"related_to\\":\\"Day Care\\",\\"title\\":\\"New DayCare service\\",\\"message\\":\\"Your DayCare Service quote received\\"}"	2023-09-15 09:39:25	2023-09-15 04:33:57	2023-09-15 09:39:25
39	Grooming	\N	453	Grooming	"{\\"related_id\\":453,\\"related_to\\":\\"Grooming\\",\\"title\\":\\"New Grooming service\\",\\"message\\":\\"Your Grooming Service quote received\\"}"	\N	2023-09-15 10:11:09	2023-09-15 10:11:09
51	Day Care	\N	465	Day Care	"{\\"related_id\\":465,\\"related_to\\":\\"Day Care\\",\\"title\\":\\"New DayCare service\\",\\"message\\":\\"You have new  dayCare service request\\"}"	\N	2023-09-16 11:11:09	2023-09-16 11:11:09
52	Day Care	\N	466	Day Care	"{\\"related_id\\":466,\\"related_to\\":\\"Day Care\\",\\"title\\":\\"New DayCare service\\",\\"message\\":\\"You have new  dayCare service request\\"}"	\N	2023-09-16 11:14:34	2023-09-16 11:14:34
53	Day Care	\N	467	Day Care	"{\\"related_id\\":467,\\"related_to\\":\\"Day Care\\",\\"title\\":\\"New DayCare service\\",\\"message\\":\\"You have new  dayCare service request\\"}"	\N	2023-09-16 11:17:21	2023-09-16 11:17:21
54	Day Care	\N	468	Day Care	"{\\"related_id\\":468,\\"related_to\\":\\"Day Care\\",\\"title\\":\\"New DayCare service\\",\\"message\\":\\"You have new  dayCare service request\\"}"	\N	2023-09-16 11:22:03	2023-09-16 11:22:03
55	Veterinary	\N	469	Veterinary	"{\\"related_id\\":469,\\"related_to\\":\\"Veterinary\\",\\"title\\":\\"New Veterinary service\\",\\"message\\":\\"You have new veterinary service request\\"}"	2023-09-17 16:50:22	2023-09-17 16:48:35	2023-09-17 16:50:22
56	Veterinary	\N	470	Veterinary	"{\\"related_id\\":470,\\"related_to\\":\\"Veterinary\\",\\"title\\":\\"New Veterinary service\\",\\"message\\":\\"You have new veterinary service request\\"}"	\N	2023-09-18 05:14:03	2023-09-18 05:14:03
57	Veterinary	\N	471	Veterinary	"{\\"related_id\\":471,\\"related_to\\":\\"Veterinary\\",\\"title\\":\\"New Veterinary service\\",\\"message\\":\\"You have new veterinary service request\\"}"	\N	2023-09-18 05:32:11	2023-09-18 05:32:11
38	Veterinary	\N	452	Veterinary	"{\\"related_id\\":452,\\"related_to\\":\\"Veterinary\\",\\"title\\":\\"New Veterinary service\\",\\"message\\":\\"Your Veterinary Service quote received\\"}"	2023-09-16 06:43:41	2023-09-15 07:25:20	2023-09-16 06:43:41
32	Veterinary	\N	447	Veterinary	"{\\"related_id\\":447,\\"related_to\\":\\"Veterinary\\",\\"title\\":\\"New Veterinary service\\",\\"message\\":\\"Your Veterinary Service quote received\\"}"	2023-09-16 06:44:00	2023-09-14 11:59:27	2023-09-16 06:44:00
40	Veterinary	\N	454	Veterinary	"{\\"related_id\\":454,\\"related_to\\":\\"Veterinary\\",\\"title\\":\\"New Veterinary service\\",\\"message\\":\\"Your Veterinary Service quote received\\"}"	2023-09-16 08:50:19	2023-09-16 08:45:21	2023-09-16 08:50:19
41	Veterinary	\N	455	Veterinary	"{\\"related_id\\":455,\\"related_to\\":\\"Veterinary\\",\\"title\\":\\"New Veterinary service\\",\\"message\\":\\"Your Veterinary Service quote received\\"}"	\N	2023-09-16 09:47:51	2023-09-16 09:47:51
42	Veterinary	\N	456	Veterinary	"{\\"related_id\\":456,\\"related_to\\":\\"Veterinary\\",\\"title\\":\\"New Veterinary service\\",\\"message\\":\\"Your Veterinary Service request received\\"}"	\N	2023-09-16 09:49:32	2023-09-16 09:49:32
61	Grooming	\N	474	Grooming	"{\\"related_id\\":474,\\"related_to\\":\\"Grooming\\",\\"title\\":\\"New Grooming service\\",\\"message\\":\\"You have new grooming service request\\"}"	2023-09-18 08:36:52	2023-09-18 08:36:19	2023-09-18 08:36:52
60	Grooming	\N	473	Grooming	"{\\"related_id\\":473,\\"related_to\\":\\"Grooming\\",\\"title\\":\\"New Grooming service\\",\\"message\\":\\"You have new grooming service request\\"}"	2023-09-18 08:34:03	2023-09-18 08:33:18	2023-09-18 08:34:03
63	Veterinary	\N	476	Veterinary	"{\\"related_id\\":476,\\"related_to\\":\\"Veterinary\\",\\"title\\":\\"New Veterinary service\\",\\"message\\":\\"You have new veterinary service request\\"}"	\N	2023-09-18 09:26:55	2023-09-18 09:26:55
62	Boarding	\N	475	Boarding	"{\\"related_id\\":475,\\"related_to\\":\\"Boarding\\",\\"title\\":\\"New Boarding service\\",\\"message\\":\\"You have new  boarding service request\\"}"	2023-09-18 09:31:22	2023-09-18 08:38:09	2023-09-18 09:31:22
64	Grooming	\N	477	Grooming	"{\\"related_id\\":477,\\"related_to\\":\\"Grooming\\",\\"title\\":\\"New Grooming service\\",\\"message\\":\\"You have new grooming service request\\"}"	2023-09-18 09:31:28	2023-09-18 09:30:07	2023-09-18 09:31:28
59	Grooming	\N	472	Grooming	"{\\"related_id\\":472,\\"related_to\\":\\"Grooming\\",\\"title\\":\\"New Grooming service\\",\\"message\\":\\"You have new grooming service request\\"}"	2023-09-18 09:46:43	2023-09-18 08:22:35	2023-09-18 09:46:43
65	Grooming	\N	478	Grooming	"{\\"related_id\\":478,\\"related_to\\":\\"Grooming\\",\\"title\\":\\"New Grooming service\\",\\"message\\":\\"You have new grooming service request\\"}"	2023-09-18 09:45:14	2023-09-18 09:38:43	2023-09-18 09:45:14
66	Grooming	\N	479	Grooming	"{\\"related_id\\":479,\\"related_to\\":\\"Grooming\\",\\"title\\":\\"New Grooming service\\",\\"message\\":\\"You have new grooming service request\\"}"	\N	2023-09-18 10:16:44	2023-09-18 10:16:44
67	Grooming	\N	480	Grooming	"{\\"related_id\\":480,\\"related_to\\":\\"Grooming\\",\\"title\\":\\"New Grooming service\\",\\"message\\":\\"You have new grooming service request\\"}"	\N	2023-09-18 10:25:55	2023-09-18 10:25:55
58	Order	\N	131	Order	"{\\"related_id\\":131,\\"related_to\\":\\"Order\\",\\"title\\":\\"Order received\\",\\"message\\":\\"New Order received\\"}"	2023-09-19 05:23:43	2023-09-18 06:44:30	2023-09-19 05:23:43
68	Grooming	\N	481	Grooming	"{\\"related_id\\":481,\\"related_to\\":\\"Grooming\\",\\"title\\":\\"New Grooming service\\",\\"message\\":\\"You have new grooming service request\\"}"	\N	2023-09-18 10:33:11	2023-09-18 10:33:11
69	Grooming	\N	482	Grooming	"{\\"related_id\\":482,\\"related_to\\":\\"Grooming\\",\\"title\\":\\"New Grooming service\\",\\"message\\":\\"You have new grooming service request\\"}"	\N	2023-09-18 10:33:50	2023-09-18 10:33:50
70	Grooming	\N	483	Grooming	"{\\"related_id\\":483,\\"related_to\\":\\"Grooming\\",\\"title\\":\\"New Grooming service\\",\\"message\\":\\"You have new grooming service request\\"}"	\N	2023-09-18 10:37:54	2023-09-18 10:37:54
71	Grooming	\N	484	Grooming	"{\\"related_id\\":484,\\"related_to\\":\\"Grooming\\",\\"title\\":\\"New Grooming service\\",\\"message\\":\\"You have new grooming service request\\"}"	\N	2023-09-18 10:39:42	2023-09-18 10:39:42
72	Grooming	\N	485	Grooming	"{\\"related_id\\":485,\\"related_to\\":\\"Grooming\\",\\"title\\":\\"New Grooming service\\",\\"message\\":\\"You have new grooming service request\\"}"	\N	2023-09-18 10:48:34	2023-09-18 10:48:34
74	Grooming	\N	487	Grooming	"{\\"related_id\\":487,\\"related_to\\":\\"Grooming\\",\\"title\\":\\"New Grooming service\\",\\"message\\":\\"You have new grooming service request\\"}"	\N	2023-09-18 11:21:35	2023-09-18 11:21:35
75	Veterinary	\N	488	Veterinary	"{\\"related_id\\":488,\\"related_to\\":\\"Veterinary\\",\\"title\\":\\"New Veterinary service\\",\\"message\\":\\"You have new veterinary service request\\"}"	\N	2023-09-18 11:23:10	2023-09-18 11:23:10
76	Veterinary	\N	489	Veterinary	"{\\"related_id\\":489,\\"related_to\\":\\"Veterinary\\",\\"title\\":\\"New Veterinary service\\",\\"message\\":\\"You have new veterinary service request\\"}"	\N	2023-09-18 11:42:46	2023-09-18 11:42:46
77	Veterinary	\N	490	Veterinary	"{\\"related_id\\":490,\\"related_to\\":\\"Veterinary\\",\\"title\\":\\"New Veterinary service\\",\\"message\\":\\"You have new veterinary service request\\"}"	\N	2023-09-18 11:47:04	2023-09-18 11:47:04
78	Grooming	\N	491	Grooming	"{\\"related_id\\":491,\\"related_to\\":\\"Grooming\\",\\"title\\":\\"New Grooming service\\",\\"message\\":\\"You have new grooming service request\\"}"	\N	2023-09-18 11:47:54	2023-09-18 11:47:54
79	Grooming	\N	492	Grooming	"{\\"related_id\\":492,\\"related_to\\":\\"Grooming\\",\\"title\\":\\"New Grooming service\\",\\"message\\":\\"You have new grooming service request\\"}"	\N	2023-09-18 11:52:52	2023-09-18 11:52:52
80	Grooming	\N	493	Grooming	"{\\"related_id\\":493,\\"related_to\\":\\"Grooming\\",\\"title\\":\\"New Grooming service\\",\\"message\\":\\"You have new grooming service request\\"}"	\N	2023-09-18 12:00:07	2023-09-18 12:00:07
81	Grooming	\N	494	Grooming	"{\\"related_id\\":494,\\"related_to\\":\\"Grooming\\",\\"title\\":\\"New Grooming service\\",\\"message\\":\\"You have new grooming service request\\"}"	\N	2023-09-18 12:02:48	2023-09-18 12:02:48
82	Grooming	\N	495	Grooming	"{\\"related_id\\":495,\\"related_to\\":\\"Grooming\\",\\"title\\":\\"New Grooming service\\",\\"message\\":\\"You have new grooming service request\\"}"	\N	2023-09-18 12:07:52	2023-09-18 12:07:52
83	Veterinary	\N	496	Veterinary	"{\\"related_id\\":496,\\"related_to\\":\\"Veterinary\\",\\"title\\":\\"New Veterinary service\\",\\"message\\":\\"You have new veterinary service request\\"}"	\N	2023-09-18 12:09:25	2023-09-18 12:09:25
84	Veterinary	\N	497	Veterinary	"{\\"related_id\\":497,\\"related_to\\":\\"Veterinary\\",\\"title\\":\\"New Veterinary service\\",\\"message\\":\\"You have new veterinary service request\\"}"	\N	2023-09-18 12:12:17	2023-09-18 12:12:17
85	Grooming	\N	498	Grooming	"{\\"related_id\\":498,\\"related_to\\":\\"Grooming\\",\\"title\\":\\"New Grooming service\\",\\"message\\":\\"You have new grooming service request\\"}"	\N	2023-09-18 12:17:04	2023-09-18 12:17:04
86	Veterinary	\N	499	Veterinary	"{\\"related_id\\":499,\\"related_to\\":\\"Veterinary\\",\\"title\\":\\"New Veterinary service\\",\\"message\\":\\"You have new veterinary service request\\"}"	\N	2023-09-18 12:21:49	2023-09-18 12:21:49
87	Veterinary	\N	500	Veterinary	"{\\"related_id\\":500,\\"related_to\\":\\"Veterinary\\",\\"title\\":\\"New Veterinary service\\",\\"message\\":\\"You have new veterinary service request\\"}"	\N	2023-09-18 12:57:25	2023-09-18 12:57:25
88	Veterinary	\N	501	Veterinary	"{\\"related_id\\":501,\\"related_to\\":\\"Veterinary\\",\\"title\\":\\"New Veterinary service\\",\\"message\\":\\"You have new veterinary service request\\"}"	\N	2023-09-18 13:00:11	2023-09-18 13:00:11
90	Veterinary	\N	503	Veterinary	"{\\"related_id\\":503,\\"related_to\\":\\"Veterinary\\",\\"title\\":\\"New Veterinary service\\",\\"message\\":\\"You have new veterinary service request\\"}"	\N	2023-09-18 13:15:41	2023-09-18 13:15:41
91	Grooming	\N	504	Grooming	"{\\"related_id\\":504,\\"related_to\\":\\"Grooming\\",\\"title\\":\\"New Grooming service\\",\\"message\\":\\"You have new grooming service request\\"}"	\N	2023-09-18 13:58:07	2023-09-18 13:58:07
73	DoggyPlay	\N	486	DoggyPlay	"{\\"related_id\\":486,\\"related_to\\":\\"DoggyPlay\\",\\"title\\":\\"New booking received\\",\\"message\\":\\"You have new doggy play time service request\\"}"	2023-09-19 05:10:17	2023-09-18 11:14:59	2023-09-19 05:10:17
95	Veterinary	\N	508	Veterinary	"{\\"related_id\\":508,\\"related_to\\":\\"Veterinary\\",\\"title\\":\\"New Veterinary service\\",\\"message\\":\\"You have new veterinary service request\\"}"	\N	2023-09-19 05:11:28	2023-09-19 05:11:28
98	DoggyPlay	\N	510	DoggyPlay	"{\\"related_id\\":510,\\"related_to\\":\\"DoggyPlay\\",\\"title\\":\\"New booking received\\",\\"message\\":\\"You have new doggy play time service request\\"}"	\N	2023-09-19 05:31:35	2023-09-19 05:31:35
97	Day Care	\N	509	Day Care	"{\\"related_id\\":509,\\"related_to\\":\\"Day Care\\",\\"title\\":\\"New DayCare service\\",\\"message\\":\\"You have new  dayCare service request\\"}"	2023-09-19 05:29:05	2023-09-19 05:28:08	2023-09-19 05:29:05
96	Order	\N	132	Order	"{\\"related_id\\":132,\\"related_to\\":\\"Order\\",\\"title\\":\\"Order received\\",\\"message\\":\\"New Order received\\"}"	2023-09-19 05:26:11	2023-09-19 05:16:40	2023-09-19 05:26:11
101	Boarding	\N	513	Boarding	"{\\"related_id\\":513,\\"related_to\\":\\"Boarding\\",\\"title\\":\\"New Boarding service\\",\\"message\\":\\"You have new  boarding service request\\"}"	\N	2023-09-19 05:40:16	2023-09-19 05:40:16
99	Day Care	\N	511	Day Care	"{\\"related_id\\":511,\\"related_to\\":\\"Day Care\\",\\"title\\":\\"New DayCare service\\",\\"message\\":\\"You have new  dayCare service request\\"}"	2023-09-19 07:03:28	2023-09-19 05:37:51	2023-09-19 07:03:28
94	Grooming	\N	507	Grooming	"{\\"related_id\\":507,\\"related_to\\":\\"Grooming\\",\\"title\\":\\"New Grooming service\\",\\"message\\":\\"You have new grooming service request\\"}"	2023-09-19 08:18:04	2023-09-18 14:14:14	2023-09-19 08:18:04
92	Grooming	\N	505	Grooming	"{\\"related_id\\":505,\\"related_to\\":\\"Grooming\\",\\"title\\":\\"New Grooming service\\",\\"message\\":\\"You have new grooming service request\\"}"	2023-09-19 11:18:08	2023-09-18 14:11:37	2023-09-19 11:18:08
89	Veterinary	\N	502	Veterinary	"{\\"related_id\\":502,\\"related_to\\":\\"Veterinary\\",\\"title\\":\\"New Veterinary service\\",\\"message\\":\\"You have new veterinary service request\\"}"	2023-09-20 09:48:52	2023-09-18 13:12:26	2023-09-20 09:48:52
102	Veterinary	\N	514	Veterinary	"{\\"related_id\\":514,\\"related_to\\":\\"Veterinary\\",\\"title\\":\\"New Veterinary service\\",\\"message\\":\\"You have new veterinary service request\\"}"	\N	2023-09-19 05:41:21	2023-09-19 05:41:21
126	DoggyPlay	\N	537	DoggyPlay	"{\\"related_id\\":537,\\"related_to\\":\\"DoggyPlay\\",\\"title\\":\\"New booking received\\",\\"message\\":\\"You have new doggy play time service request\\"}"	2023-09-19 06:32:45	2023-09-19 06:32:37	2023-09-19 06:32:45
104	Boarding	\N	516	Boarding	"{\\"related_id\\":516,\\"related_to\\":\\"Boarding\\",\\"title\\":\\"New Boarding service\\",\\"message\\":\\"You have new  boarding service request\\"}"	2023-09-19 05:43:19	2023-09-19 05:41:36	2023-09-19 05:43:19
121	Boarding	\N	533	Boarding	"{\\"related_id\\":533,\\"related_to\\":\\"Boarding\\",\\"title\\":\\"New Boarding service\\",\\"message\\":\\"You have new  boarding service request\\"}"	\N	2023-09-19 06:17:29	2023-09-19 06:17:29
106	Veterinary	\N	518	Veterinary	"{\\"related_id\\":518,\\"related_to\\":\\"Veterinary\\",\\"title\\":\\"New Veterinary service\\",\\"message\\":\\"You have new veterinary service request\\"}"	\N	2023-09-19 05:47:55	2023-09-19 05:47:55
107	Veterinary	\N	519	Veterinary	"{\\"related_id\\":519,\\"related_to\\":\\"Veterinary\\",\\"title\\":\\"New Veterinary service\\",\\"message\\":\\"You have new veterinary service request\\"}"	\N	2023-09-19 05:48:38	2023-09-19 05:48:38
108	DoggyPlay	\N	520	DoggyPlay	"{\\"related_id\\":520,\\"related_to\\":\\"DoggyPlay\\",\\"title\\":\\"New booking received\\",\\"message\\":\\"You have new doggy play time service request\\"}"	2023-09-19 05:56:57	2023-09-19 05:53:19	2023-09-19 05:56:57
110	Boarding	\N	522	Boarding	"{\\"related_id\\":522,\\"related_to\\":\\"Boarding\\",\\"title\\":\\"New Boarding service\\",\\"message\\":\\"You have new  boarding service request\\"}"	\N	2023-09-19 05:58:46	2023-09-19 05:58:46
122	Boarding	\N	534	Boarding	"{\\"related_id\\":534,\\"related_to\\":\\"Boarding\\",\\"title\\":\\"New Boarding service\\",\\"message\\":\\"You have new  boarding service request\\"}"	\N	2023-09-19 06:17:38	2023-09-19 06:17:38
112	Boarding	\N	524	Boarding	"{\\"related_id\\":524,\\"related_to\\":\\"Boarding\\",\\"title\\":\\"New Boarding service\\",\\"message\\":\\"You have new  boarding service request\\"}"	\N	2023-09-19 06:05:30	2023-09-19 06:05:30
111	Grooming	\N	523	Grooming	"{\\"related_id\\":523,\\"related_to\\":\\"Grooming\\",\\"title\\":\\"New Grooming service\\",\\"message\\":\\"You have new grooming service request\\"}"	2023-09-19 06:05:30	2023-09-19 06:05:03	2023-09-19 06:05:30
113	Boarding	\N	525	Boarding	"{\\"related_id\\":525,\\"related_to\\":\\"Boarding\\",\\"title\\":\\"New Boarding service\\",\\"message\\":\\"You have new  boarding service request\\"}"	\N	2023-09-19 06:05:35	2023-09-19 06:05:35
114	Boarding	\N	526	Boarding	"{\\"related_id\\":526,\\"related_to\\":\\"Boarding\\",\\"title\\":\\"New Boarding service\\",\\"message\\":\\"You have new  boarding service request\\"}"	\N	2023-09-19 06:05:42	2023-09-19 06:05:42
115	Boarding	\N	527	Boarding	"{\\"related_id\\":527,\\"related_to\\":\\"Boarding\\",\\"title\\":\\"New Boarding service\\",\\"message\\":\\"You have new  boarding service request\\"}"	\N	2023-09-19 06:05:56	2023-09-19 06:05:56
103	Grooming	\N	515	Grooming	"{\\"related_id\\":515,\\"related_to\\":\\"Grooming\\",\\"title\\":\\"New Grooming service\\",\\"message\\":\\"You have new grooming service request\\"}"	2023-09-19 06:06:58	2023-09-19 05:41:23	2023-09-19 06:06:58
117	Boarding	\N	529	Boarding	"{\\"related_id\\":529,\\"related_to\\":\\"Boarding\\",\\"title\\":\\"New Boarding service\\",\\"message\\":\\"You have new  boarding service request\\"}"	\N	2023-09-19 06:07:53	2023-09-19 06:07:53
116	Veterinary	\N	528	Veterinary	"{\\"related_id\\":528,\\"related_to\\":\\"Veterinary\\",\\"title\\":\\"New Veterinary service\\",\\"message\\":\\"You have new veterinary service request\\"}"	2023-09-19 06:10:01	2023-09-19 06:07:31	2023-09-19 06:10:01
118	Boarding	\N	530	Boarding	"{\\"related_id\\":530,\\"related_to\\":\\"Boarding\\",\\"title\\":\\"New Boarding service\\",\\"message\\":\\"You have new  boarding service request\\"}"	\N	2023-09-19 06:12:09	2023-09-19 06:12:09
119	Boarding	\N	531	Boarding	"{\\"related_id\\":531,\\"related_to\\":\\"Boarding\\",\\"title\\":\\"New Boarding service\\",\\"message\\":\\"You have new  boarding service request\\"}"	\N	2023-09-19 06:12:55	2023-09-19 06:12:55
120	Boarding	\N	532	Boarding	"{\\"related_id\\":532,\\"related_to\\":\\"Boarding\\",\\"title\\":\\"New Boarding service\\",\\"message\\":\\"You have new  boarding service request\\"}"	\N	2023-09-19 06:14:31	2023-09-19 06:14:31
123	Boarding	\N	535	Boarding	"{\\"related_id\\":535,\\"related_to\\":\\"Boarding\\",\\"title\\":\\"New Boarding service\\",\\"message\\":\\"You have new  boarding service request\\"}"	\N	2023-09-19 06:19:25	2023-09-19 06:19:25
128	DoggyPlay	\N	539	DoggyPlay	"{\\"related_id\\":539,\\"related_to\\":\\"DoggyPlay\\",\\"title\\":\\"New booking received\\",\\"message\\":\\"You have new doggy play time service request\\"}"	2023-09-19 07:11:35	2023-09-19 06:47:28	2023-09-19 07:11:35
100	DoggyPlay	\N	512	DoggyPlay	"{\\"related_id\\":512,\\"related_to\\":\\"DoggyPlay\\",\\"title\\":\\"New booking received\\",\\"message\\":\\"You have new doggy play time service request\\"}"	2023-09-19 06:31:15	2023-09-19 05:40:02	2023-09-19 06:31:15
127	DoggyPlay	\N	538	DoggyPlay	"{\\"related_id\\":538,\\"related_to\\":\\"DoggyPlay\\",\\"title\\":\\"New booking received\\",\\"message\\":\\"You have new doggy play time service request\\"}"	2023-09-19 07:05:03	2023-09-19 06:38:36	2023-09-19 07:05:03
129	Boarding	\N	540	Boarding	"{\\"related_id\\":540,\\"related_to\\":\\"Boarding\\",\\"title\\":\\"New Boarding service\\",\\"message\\":\\"You have new  boarding service request\\"}"	2023-09-19 07:01:26	2023-09-19 07:00:06	2023-09-19 07:01:26
130	Day Care	\N	541	Day Care	"{\\"related_id\\":541,\\"related_to\\":\\"Day Care\\",\\"title\\":\\"New DayCare service\\",\\"message\\":\\"You have new  dayCare service request\\"}"	2023-09-19 07:05:55	2023-09-19 07:03:06	2023-09-19 07:05:55
124	Order	\N	133	Order	"{\\"related_id\\":133,\\"related_to\\":\\"Order\\",\\"title\\":\\"Order received\\",\\"message\\":\\"New Order received\\"}"	2023-09-19 07:08:10	2023-09-19 06:21:20	2023-09-19 07:08:10
125	DoggyPlay	\N	536	DoggyPlay	"{\\"related_id\\":536,\\"related_to\\":\\"DoggyPlay\\",\\"title\\":\\"New booking received\\",\\"message\\":\\"You have new doggy play time service request\\"}"	2023-09-19 07:10:21	2023-09-19 06:21:31	2023-09-19 07:10:21
105	Veterinary	\N	517	Veterinary	"{\\"related_id\\":517,\\"related_to\\":\\"Veterinary\\",\\"title\\":\\"New Veterinary service\\",\\"message\\":\\"You have new veterinary service request\\"}"	2023-09-19 07:42:15	2023-09-19 05:46:00	2023-09-19 07:42:15
131	DoggyPlay	\N	542	DoggyPlay	"{\\"related_id\\":542,\\"related_to\\":\\"DoggyPlay\\",\\"title\\":\\"New booking received\\",\\"message\\":\\"You have new doggy play time service request\\"}"	2023-09-19 07:35:21	2023-09-19 07:14:58	2023-09-19 07:35:21
132	Order	\N	134	Order	"{\\"related_id\\":134,\\"related_to\\":\\"Order\\",\\"title\\":\\"Order received\\",\\"message\\":\\"New Order received\\"}"	2023-09-19 07:48:26	2023-09-19 07:22:41	2023-09-19 07:48:26
109	Grooming	\N	521	Grooming	"{\\"related_id\\":521,\\"related_to\\":\\"Grooming\\",\\"title\\":\\"New Grooming service\\",\\"message\\":\\"You have new grooming service request\\"}"	2023-09-19 07:42:49	2023-09-19 05:56:33	2023-09-19 07:42:49
133	Day Care	\N	543	Day Care	"{\\"related_id\\":543,\\"related_to\\":\\"Day Care\\",\\"title\\":\\"New DayCare service\\",\\"message\\":\\"You have new  dayCare service request\\"}"	2023-09-19 07:29:08	2023-09-19 07:28:51	2023-09-19 07:29:08
154	DoggyPlay	\N	560	DoggyPlay	"{\\"related_id\\":560,\\"related_to\\":\\"DoggyPlay\\",\\"title\\":\\"New booking received\\",\\"message\\":\\"You have new doggy play time service request\\"}"	2023-09-19 12:39:53	2023-09-19 09:17:39	2023-09-19 12:39:53
143	Boarding	\N	552	Boarding	"{\\"related_id\\":552,\\"related_to\\":\\"Boarding\\",\\"title\\":\\"New Boarding service\\",\\"message\\":\\"You have new  boarding service request\\"}"	2023-09-19 08:05:36	2023-09-19 08:03:47	2023-09-19 08:05:36
152	DoggyPlay	\N	558	DoggyPlay	"{\\"related_id\\":558,\\"related_to\\":\\"DoggyPlay\\",\\"title\\":\\"New booking received\\",\\"message\\":\\"You have new doggy play time service request\\"}"	2023-09-19 12:39:57	2023-09-19 09:09:44	2023-09-19 12:39:57
134	DoggyPlay	\N	544	DoggyPlay	"{\\"related_id\\":544,\\"related_to\\":\\"DoggyPlay\\",\\"title\\":\\"New booking received\\",\\"message\\":\\"You have new doggy play time service request\\"}"	2023-09-19 07:44:57	2023-09-19 07:36:29	2023-09-19 07:44:57
135	DoggyPlay	\N	545	DoggyPlay	"{\\"related_id\\":545,\\"related_to\\":\\"DoggyPlay\\",\\"title\\":\\"New booking received\\",\\"message\\":\\"You have new doggy play time service request\\"}"	2023-09-19 07:47:58	2023-09-19 07:40:54	2023-09-19 07:47:58
136	Boarding	\N	546	Boarding	"{\\"related_id\\":546,\\"related_to\\":\\"Boarding\\",\\"title\\":\\"New Boarding service\\",\\"message\\":\\"You have new  boarding service request\\"}"	2023-09-19 07:48:57	2023-09-19 07:48:38	2023-09-19 07:48:57
139	Order	\N	135	Order	"{\\"related_id\\":135,\\"related_to\\":\\"Order\\",\\"title\\":\\"Order received\\",\\"message\\":\\"New Order received\\"}"	2023-09-19 08:11:33	2023-09-19 07:53:40	2023-09-19 08:11:33
137	DoggyPlay	\N	547	DoggyPlay	"{\\"related_id\\":547,\\"related_to\\":\\"DoggyPlay\\",\\"title\\":\\"New booking received\\",\\"message\\":\\"You have new doggy play time service request\\"}"	2023-09-19 07:53:14	2023-09-19 07:50:10	2023-09-19 07:53:14
138	DoggyPlay	\N	548	DoggyPlay	"{\\"related_id\\":548,\\"related_to\\":\\"DoggyPlay\\",\\"title\\":\\"New booking received\\",\\"message\\":\\"You have new doggy play time service request\\"}"	2023-09-19 07:53:34	2023-09-19 07:53:24	2023-09-19 07:53:34
140	DoggyPlay	\N	549	DoggyPlay	"{\\"related_id\\":549,\\"related_to\\":\\"DoggyPlay\\",\\"title\\":\\"New booking received\\",\\"message\\":\\"You have new doggy play time service request\\"}"	2023-09-19 07:55:55	2023-09-19 07:54:56	2023-09-19 07:55:55
141	DoggyPlay	\N	550	DoggyPlay	"{\\"related_id\\":550,\\"related_to\\":\\"DoggyPlay\\",\\"title\\":\\"New booking received\\",\\"message\\":\\"You have new doggy play time service request\\"}"	2023-09-19 07:56:42	2023-09-19 07:56:37	2023-09-19 07:56:42
144	Order	\N	136	Order	"{\\"related_id\\":136,\\"related_to\\":\\"Order\\",\\"title\\":\\"Order received\\",\\"message\\":\\"New Order received\\"}"	2023-09-19 08:12:50	2023-09-19 08:10:21	2023-09-19 08:12:50
149	Grooming	\N	555	Grooming	"{\\"related_id\\":555,\\"related_to\\":\\"Grooming\\",\\"title\\":\\"New Grooming service\\",\\"message\\":\\"You have new grooming service request\\"}"	2023-09-19 08:50:13	2023-09-19 08:48:45	2023-09-19 08:50:13
93	Grooming	\N	506	Grooming	"{\\"related_id\\":506,\\"related_to\\":\\"Grooming\\",\\"title\\":\\"New Grooming service\\",\\"message\\":\\"You have new grooming service request\\"}"	2023-09-19 08:23:38	2023-09-18 14:12:40	2023-09-19 08:23:38
145	Order	\N	137	Order	"{\\"related_id\\":137,\\"related_to\\":\\"Order\\",\\"title\\":\\"Order received\\",\\"message\\":\\"New Order received\\"}"	2023-09-19 08:24:17	2023-09-19 08:17:26	2023-09-19 08:24:17
146	Order	\N	138	Order	"{\\"related_id\\":138,\\"related_to\\":\\"Order\\",\\"title\\":\\"Order received\\",\\"message\\":\\"New Order received\\"}"	\N	2023-09-19 08:25:21	2023-09-19 08:25:21
142	DoggyPlay	\N	551	DoggyPlay	"{\\"related_id\\":551,\\"related_to\\":\\"DoggyPlay\\",\\"title\\":\\"New booking received\\",\\"message\\":\\"You have new doggy play time service request\\"}"	2023-09-19 12:40:34	2023-09-19 08:01:20	2023-09-19 12:40:34
147	Day Care	\N	553	Day Care	"{\\"related_id\\":553,\\"related_to\\":\\"Day Care\\",\\"title\\":\\"New DayCare service\\",\\"message\\":\\"You have new  dayCare service request\\"}"	2023-09-19 08:41:48	2023-09-19 08:37:11	2023-09-19 08:41:48
150	Boarding	\N	556	Boarding	"{\\"related_id\\":556,\\"related_to\\":\\"Boarding\\",\\"title\\":\\"New Boarding service\\",\\"message\\":\\"You have new  boarding service request\\"}"	2023-09-19 08:58:49	2023-09-19 08:50:02	2023-09-19 08:58:49
151	DoggyPlay	\N	557	DoggyPlay	"{\\"related_id\\":557,\\"related_to\\":\\"DoggyPlay\\",\\"title\\":\\"New booking received\\",\\"message\\":\\"You have new doggy play time service request\\"}"	\N	2023-09-19 09:04:58	2023-09-19 09:04:58
148	Day Care	\N	554	Day Care	"{\\"related_id\\":554,\\"related_to\\":\\"Day Care\\",\\"title\\":\\"New DayCare service\\",\\"message\\":\\"You have new  dayCare service request\\"}"	2023-09-19 09:05:32	2023-09-19 08:41:31	2023-09-19 09:05:32
153	DoggyPlay	\N	559	DoggyPlay	"{\\"related_id\\":559,\\"related_to\\":\\"DoggyPlay\\",\\"title\\":\\"New booking received\\",\\"message\\":\\"You have new doggy play time service request\\"}"	\N	2023-09-19 09:13:46	2023-09-19 09:13:46
155	Veterinary	\N	561	Veterinary	"{\\"related_id\\":561,\\"related_to\\":\\"Veterinary\\",\\"title\\":\\"New Veterinary service\\",\\"message\\":\\"You have new veterinary service request\\"}"	\N	2023-09-19 09:18:15	2023-09-19 09:18:15
156	Order	\N	139	Order	"{\\"related_id\\":139,\\"related_to\\":\\"Order\\",\\"title\\":\\"Order received\\",\\"message\\":\\"New Order received\\"}"	\N	2023-09-19 09:29:33	2023-09-19 09:29:33
158	Veterinary	\N	563	Veterinary	"{\\"related_id\\":563,\\"related_to\\":\\"Veterinary\\",\\"title\\":\\"New Veterinary service\\",\\"message\\":\\"You have new veterinary service request\\"}"	\N	2023-09-19 10:12:43	2023-09-19 10:12:43
159	Order	\N	140	Order	"{\\"related_id\\":140,\\"related_to\\":\\"Order\\",\\"title\\":\\"Order received\\",\\"message\\":\\"New Order received\\"}"	\N	2023-09-19 10:34:13	2023-09-19 10:34:13
160	Order	\N	141	Order	"{\\"related_id\\":141,\\"related_to\\":\\"Order\\",\\"title\\":\\"Order received\\",\\"message\\":\\"New Order received\\"}"	\N	2023-09-19 10:35:44	2023-09-19 10:35:44
161	Order	\N	142	Order	"{\\"related_id\\":142,\\"related_to\\":\\"Order\\",\\"title\\":\\"Order received\\",\\"message\\":\\"New Order received\\"}"	\N	2023-09-19 10:37:03	2023-09-19 10:37:03
184	Day Care	\N	578	Day Care	"{\\"related_id\\":578,\\"related_to\\":\\"Day Care\\",\\"title\\":\\"New DayCare service\\",\\"message\\":\\"You have new  dayCare service request\\"}"	2023-09-20 09:47:29	2023-09-20 08:49:27	2023-09-20 09:47:29
163	Order	\N	143	Order	"{\\"related_id\\":143,\\"related_to\\":\\"Order\\",\\"title\\":\\"Order received\\",\\"message\\":\\"New Order received\\"}"	2023-09-19 11:57:55	2023-09-19 11:57:49	2023-09-19 11:57:55
164	Order	\N	144	Order	"{\\"related_id\\":144,\\"related_to\\":\\"Order\\",\\"title\\":\\"Order received\\",\\"message\\":\\"New Order received\\"}"	2023-09-19 11:58:45	2023-09-19 11:58:37	2023-09-19 11:58:45
165	Order	\N	145	Order	"{\\"related_id\\":145,\\"related_to\\":\\"Order\\",\\"title\\":\\"Order received\\",\\"message\\":\\"New Order received\\"}"	\N	2023-09-19 12:02:24	2023-09-19 12:02:24
167	Order	\N	147	Order	"{\\"related_id\\":147,\\"related_to\\":\\"Order\\",\\"title\\":\\"Order received\\",\\"message\\":\\"New Order received\\"}"	\N	2023-09-19 12:27:29	2023-09-19 12:27:29
168	Order	\N	148	Order	"{\\"related_id\\":148,\\"related_to\\":\\"Order\\",\\"title\\":\\"Order received\\",\\"message\\":\\"New Order received\\"}"	\N	2023-09-19 12:28:49	2023-09-19 12:28:49
177	Veterinary	\N	571	Veterinary	"{\\"related_id\\":571,\\"related_to\\":\\"Veterinary\\",\\"title\\":\\"New Veterinary service\\",\\"message\\":\\"You have new veterinary service request\\"}"	2023-09-20 09:47:51	2023-09-20 08:20:33	2023-09-20 09:47:51
162	DoggyPlay	\N	564	DoggyPlay	"{\\"related_id\\":564,\\"related_to\\":\\"DoggyPlay\\",\\"title\\":\\"New booking received\\",\\"message\\":\\"You have new doggy play time service request\\"}"	2023-09-19 12:39:43	2023-09-19 10:55:26	2023-09-19 12:39:43
157	DoggyPlay	\N	562	DoggyPlay	"{\\"related_id\\":562,\\"related_to\\":\\"DoggyPlay\\",\\"title\\":\\"New booking received\\",\\"message\\":\\"You have new doggy play time service request\\"}"	2023-09-19 12:39:47	2023-09-19 09:47:40	2023-09-19 12:39:47
170	DoggyPlay	\N	565	DoggyPlay	"{\\"related_id\\":565,\\"related_to\\":\\"DoggyPlay\\",\\"title\\":\\"New booking received\\",\\"message\\":\\"You have new doggy play time service request\\"}"	\N	2023-09-19 14:47:30	2023-09-19 14:47:30
171	DoggyPlay	\N	566	DoggyPlay	"{\\"related_id\\":566,\\"related_to\\":\\"DoggyPlay\\",\\"title\\":\\"New booking received\\",\\"message\\":\\"You have new doggy play time service request\\"}"	\N	2023-09-19 15:07:45	2023-09-19 15:07:45
172	DoggyPlay	\N	567	DoggyPlay	"{\\"related_id\\":567,\\"related_to\\":\\"DoggyPlay\\",\\"title\\":\\"New booking received\\",\\"message\\":\\"You have new doggy play time service request\\"}"	\N	2023-09-19 19:38:51	2023-09-19 19:38:51
174	Day Care	\N	568	Day Care	"{\\"related_id\\":568,\\"related_to\\":\\"Day Care\\",\\"title\\":\\"New DayCare service\\",\\"message\\":\\"You have new  dayCare service request\\"}"	\N	2023-09-19 20:28:34	2023-09-19 20:28:34
176	Veterinary	\N	570	Veterinary	"{\\"related_id\\":570,\\"related_to\\":\\"Veterinary\\",\\"title\\":\\"New Veterinary service\\",\\"message\\":\\"You have new veterinary service request\\"}"	\N	2023-09-20 07:30:53	2023-09-20 07:30:53
179	Grooming	\N	573	Grooming	"{\\"related_id\\":573,\\"related_to\\":\\"Grooming\\",\\"title\\":\\"New Grooming service\\",\\"message\\":\\"You have new grooming service request\\"}"	\N	2023-09-20 08:27:02	2023-09-20 08:27:02
180	Boarding	\N	574	Boarding	"{\\"related_id\\":574,\\"related_to\\":\\"Boarding\\",\\"title\\":\\"New Boarding service\\",\\"message\\":\\"You have new  boarding service request\\"}"	\N	2023-09-20 08:33:24	2023-09-20 08:33:24
181	Boarding	\N	575	Boarding	"{\\"related_id\\":575,\\"related_to\\":\\"Boarding\\",\\"title\\":\\"New Boarding service\\",\\"message\\":\\"You have new  boarding service request\\"}"	\N	2023-09-20 08:36:15	2023-09-20 08:36:15
182	Boarding	\N	576	Boarding	"{\\"related_id\\":576,\\"related_to\\":\\"Boarding\\",\\"title\\":\\"New Boarding service\\",\\"message\\":\\"You have new  boarding service request\\"}"	\N	2023-09-20 08:47:41	2023-09-20 08:47:41
183	Boarding	\N	577	Boarding	"{\\"related_id\\":577,\\"related_to\\":\\"Boarding\\",\\"title\\":\\"New Boarding service\\",\\"message\\":\\"You have new  boarding service request\\"}"	\N	2023-09-20 08:48:28	2023-09-20 08:48:28
175	Veterinary	\N	569	Veterinary	"{\\"related_id\\":569,\\"related_to\\":\\"Veterinary\\",\\"title\\":\\"New Veterinary service\\",\\"message\\":\\"You have new veterinary service request\\"}"	2023-09-20 09:48:29	2023-09-20 04:52:44	2023-09-20 09:48:29
178	Grooming	\N	572	Grooming	"{\\"related_id\\":572,\\"related_to\\":\\"Grooming\\",\\"title\\":\\"New Grooming service\\",\\"message\\":\\"You have new grooming service request\\"}"	2023-09-20 09:49:23	2023-09-20 08:23:08	2023-09-20 09:49:23
173	Order	\N	150	Order	"{\\"related_id\\":150,\\"related_to\\":\\"Order\\",\\"title\\":\\"Order received\\",\\"message\\":\\"New Order received\\"}"	2025-04-16 07:27:18	2023-09-19 19:39:01	2025-04-16 07:27:18
169	Order	\N	149	Order	"{\\"related_id\\":149,\\"related_to\\":\\"Order\\",\\"title\\":\\"Order received\\",\\"message\\":\\"New Order received\\"}"	2025-04-16 07:27:30	2023-09-19 12:33:03	2025-04-16 07:27:30
166	Order	\N	146	Order	"{\\"related_id\\":146,\\"related_to\\":\\"Order\\",\\"title\\":\\"Order received\\",\\"message\\":\\"New Order received\\"}"	2025-04-16 07:27:37	2023-09-19 12:22:07	2025-04-16 07:27:37
185	Boarding	\N	579	Boarding	"{\\"related_id\\":579,\\"related_to\\":\\"Boarding\\",\\"title\\":\\"New Boarding service\\",\\"message\\":\\"You have new  boarding service request\\"}"	\N	2023-09-20 08:50:17	2023-09-20 08:50:17
186	Day Care	\N	580	Day Care	"{\\"related_id\\":580,\\"related_to\\":\\"Day Care\\",\\"title\\":\\"New DayCare service\\",\\"message\\":\\"You have new  dayCare service request\\"}"	\N	2023-09-20 08:54:37	2023-09-20 08:54:37
187	Boarding	\N	581	Boarding	"{\\"related_id\\":581,\\"related_to\\":\\"Boarding\\",\\"title\\":\\"New Boarding service\\",\\"message\\":\\"You have new  boarding service request\\"}"	\N	2023-09-20 09:12:42	2023-09-20 09:12:42
188	Boarding	\N	582	Boarding	"{\\"related_id\\":582,\\"related_to\\":\\"Boarding\\",\\"title\\":\\"New Boarding service\\",\\"message\\":\\"You have new  boarding service request\\"}"	\N	2023-09-20 09:16:55	2023-09-20 09:16:55
189	Boarding	\N	583	Boarding	"{\\"related_id\\":583,\\"related_to\\":\\"Boarding\\",\\"title\\":\\"New Boarding service\\",\\"message\\":\\"You have new  boarding service request\\"}"	\N	2023-09-20 09:20:12	2023-09-20 09:20:12
190	Boarding	\N	584	Boarding	"{\\"related_id\\":584,\\"related_to\\":\\"Boarding\\",\\"title\\":\\"New Boarding service\\",\\"message\\":\\"You have new  boarding service request\\"}"	\N	2023-09-20 09:36:22	2023-09-20 09:36:22
191	Veterinary	\N	585	Veterinary	"{\\"related_id\\":585,\\"related_to\\":\\"Veterinary\\",\\"title\\":\\"New Veterinary service\\",\\"message\\":\\"You have new veterinary service request\\"}"	\N	2023-09-20 09:51:36	2023-09-20 09:51:36
192	Boarding	\N	586	Boarding	"{\\"related_id\\":586,\\"related_to\\":\\"Boarding\\",\\"title\\":\\"New Boarding service\\",\\"message\\":\\"You have new  boarding service request\\"}"	\N	2023-09-20 09:52:47	2023-09-20 09:52:47
193	Boarding	\N	587	Boarding	"{\\"related_id\\":587,\\"related_to\\":\\"Boarding\\",\\"title\\":\\"New Boarding service\\",\\"message\\":\\"You have new  boarding service request\\"}"	\N	2023-09-20 09:54:06	2023-09-20 09:54:06
194	Boarding	\N	588	Boarding	"{\\"related_id\\":588,\\"related_to\\":\\"Boarding\\",\\"title\\":\\"New Boarding service\\",\\"message\\":\\"You have new  boarding service request\\"}"	\N	2023-09-20 09:58:54	2023-09-20 09:58:54
195	Day Care	\N	589	Day Care	"{\\"related_id\\":589,\\"related_to\\":\\"Day Care\\",\\"title\\":\\"New DayCare service\\",\\"message\\":\\"You have new  dayCare service request\\"}"	\N	2023-09-20 10:28:34	2023-09-20 10:28:34
196	Boarding	\N	590	Boarding	"{\\"related_id\\":590,\\"related_to\\":\\"Boarding\\",\\"title\\":\\"New Boarding service\\",\\"message\\":\\"You have new  boarding service request\\"}"	\N	2023-09-20 10:35:54	2023-09-20 10:35:54
197	Boarding	\N	591	Boarding	"{\\"related_id\\":591,\\"related_to\\":\\"Boarding\\",\\"title\\":\\"New Boarding service\\",\\"message\\":\\"You have new  boarding service request\\"}"	\N	2023-09-20 10:36:37	2023-09-20 10:36:37
198	Boarding	\N	592	Boarding	"{\\"related_id\\":592,\\"related_to\\":\\"Boarding\\",\\"title\\":\\"New Boarding service\\",\\"message\\":\\"You have new  boarding service request\\"}"	\N	2023-09-20 10:39:46	2023-09-20 10:39:46
199	Boarding	\N	593	Boarding	"{\\"related_id\\":593,\\"related_to\\":\\"Boarding\\",\\"title\\":\\"New Boarding service\\",\\"message\\":\\"You have new  boarding service request\\"}"	\N	2023-09-20 10:40:40	2023-09-20 10:40:40
201	Boarding	\N	595	Boarding	"{\\"related_id\\":595,\\"related_to\\":\\"Boarding\\",\\"title\\":\\"New Boarding service\\",\\"message\\":\\"You have new  boarding service request\\"}"	\N	2023-09-20 11:35:03	2023-09-20 11:35:03
203	Boarding	\N	597	Boarding	"{\\"related_id\\":597,\\"related_to\\":\\"Boarding\\",\\"title\\":\\"New Boarding service\\",\\"message\\":\\"You have new  boarding service request\\"}"	\N	2023-11-02 12:21:23	2023-11-02 12:21:23
202	Veterinary	\N	596	Veterinary	"{\\"related_id\\":596,\\"related_to\\":\\"Veterinary\\",\\"title\\":\\"New Veterinary service\\",\\"message\\":\\"You have new veterinary service request\\"}"	2024-04-23 10:17:46	2023-09-22 05:36:49	2024-04-23 10:17:46
200	Veterinary	\N	594	Veterinary	"{\\"related_id\\":594,\\"related_to\\":\\"Veterinary\\",\\"title\\":\\"New Veterinary service\\",\\"message\\":\\"You have new veterinary service request\\"}"	2024-04-23 10:33:47	2023-09-20 11:33:20	2024-04-23 10:33:47
\.


--
-- Data for Name: deligates; Type: TABLE DATA; Schema: public; Owner: postgres
--

COPY public.deligates (id, deligate_name, deligate_icon, deligate_status, created_at, updated_at, shipping_charge) FROM stdin;
\.


--
-- Data for Name: designations; Type: TABLE DATA; Schema: public; Owner: postgres
--

COPY public.designations (id, user_id, user_type, designation, status, created_at, updated_at, deleted_at) FROM stdin;
\.


--
-- Data for Name: doctor_calender_temps; Type: TABLE DATA; Schema: public; Owner: postgres
--

COPY public.doctor_calender_temps (id, doctor_id, event_date, start_time, end_time, device_id, event_title, created_at, updated_at) FROM stdin;
2	1	2023-05-29	01:00:00	01:00:00	647ac1c10383a1685766593	morning	2023-06-03 04:31:34	2023-06-03 04:31:34
3	1	2023-05-29	02:30:00	08:00:00	647ac1c10383a1685766593	break	2023-06-03 04:32:30	2023-06-03 04:32:30
4	1	2023-06-05	00:30:00	02:00:00	647aee3e5261c1685777982	jujj	2023-06-03 07:40:00	2023-06-03 07:40:00
6	1	2023-05-28	01:00:00	02:00:00	648995db9fcae1686738395	\N	2023-06-14 10:27:15	2023-06-14 10:27:15
7	1	2023-06-14	01:00:00	13:00:00	648996589b4f21686738520	\N	2023-06-14 10:29:53	2023-06-14 10:29:53
14	1	2023-06-26	01:00:00	01:30:00	6493a786bb1c51687398278	\N	2023-06-22 01:45:07	2023-06-22 01:45:35
15	1	2023-06-26	00:00:00	01:00:00	64b629157dfba1689659669	\N	2023-07-18 05:54:40	2023-07-18 05:54:40
16	1	2023-07-04	00:00:00	00:30:00	64b8df886185a1689837448	\N	2023-07-20 07:18:01	2023-07-20 07:18:01
17	1	2023-07-04	01:00:00	01:30:00	64b8df886185a1689837448	\N	2023-07-20 07:18:08	2023-07-20 07:18:08
30	2	2023-08-01	14:30:00	19:00:00	64c272d1c52441690464977	\N	2023-07-27 13:36:40	2023-07-27 13:36:40
41	3	2023-08-17	10:00:00	23:00:00	64db3b1432d551692089108	\N	2023-08-15 08:48:01	2023-08-15 08:48:01
42	3	2023-08-16	03:30:00	13:00:00	64db3b1432d551692089108	\N	2023-08-15 08:51:19	2023-08-15 08:51:19
59	3	2023-09-08	00:00:00	21:30:00	64f6fdf09da2f1693908464	\N	2023-09-05 10:08:06	2023-09-05 10:08:06
60	3	2023-09-09	07:00:00	16:00:00	64f6fdf09da2f1693908464	\N	2023-09-05 10:08:25	2023-09-05 10:08:25
134	4	2023-09-20	06:30:00	19:30:00	6509c2083fc451695138312	\N	2023-09-19 15:45:50	2023-09-19 15:45:50
136	2	2023-09-20	06:30:00	21:30:00	6509c427ad5f91695138855	\N	2023-09-19 15:54:30	2023-09-19 15:54:30
70	4	2023-09-14	09:00:00	17:00:00	6502bf48517d51694678856	\N	2023-09-14 08:10:33	2023-09-14 08:10:33
\.


--
-- Data for Name: doctor_calenders; Type: TABLE DATA; Schema: public; Owner: postgres
--

COPY public.doctor_calenders (id, doctor_id, event_date, start_time, end_time, event_title, created_at, updated_at) FROM stdin;
92	2	2023-09-18	09:00:00	13:00:00	\N	2023-09-18 05:32:26	2023-09-18 05:32:26
5	1	2023-06-25	10:00:00	12:30:00	\N	2023-06-21 10:54:57	2023-06-21 10:54:57
6	1	2023-06-25	14:30:00	16:30:00	\N	2023-06-21 10:54:57	2023-06-21 10:54:57
4	1	2023-06-25	07:00:00	09:00:00	\N	2023-06-21 10:54:57	2023-06-22 01:44:48
7	1	2023-07-22	01:00:00	01:30:00	\N	2023-07-20 11:59:43	2023-07-20 11:59:43
8	1	2023-07-23	02:00:00	03:00:00	\N	2023-07-20 11:59:43	2023-07-20 11:59:43
9	1	2023-07-23	03:30:00	04:00:00	\N	2023-07-20 12:09:23	2023-07-20 12:09:23
10	1	2023-07-26	08:00:00	13:00:00	\N	2023-07-21 13:20:41	2023-07-21 13:20:41
11	1	2023-07-26	14:00:00	17:00:00	\N	2023-07-21 13:20:41	2023-07-21 13:20:41
12	1	2023-07-25	09:00:00	12:30:00	\N	2023-07-21 13:20:41	2023-07-21 13:20:41
13	2	2023-07-27	12:00:00	19:00:00	\N	2023-07-21 13:21:20	2023-07-21 13:21:20
14	2	2023-07-30	01:30:00	02:30:00	\N	2023-07-27 08:23:55	2023-07-27 08:23:55
15	2	2023-07-31	02:00:00	05:30:00	\N	2023-07-27 08:23:55	2023-07-27 08:23:55
17	1	2023-07-29	01:30:00	02:00:00	\N	2023-07-27 08:27:30	2023-07-27 08:27:30
18	2	2023-07-29	01:00:00	02:00:00	\N	2023-07-27 09:19:31	2023-07-27 09:19:31
22	3	2023-08-07	10:00:00	23:00:00	\N	2023-08-03 13:59:18	2023-08-03 13:59:18
23	3	2023-08-08	10:00:00	23:00:00	\N	2023-08-03 13:59:18	2023-08-03 13:59:18
25	3	2023-08-16	01:00:00	01:30:00	\N	2023-08-12 15:37:14	2023-08-12 15:37:14
28	3	2023-08-16	02:00:00	15:00:00	\N	2023-08-12 15:45:09	2023-08-15 08:50:47
27	4	2023-08-24	09:00:00	12:00:00	\N	2023-08-12 15:38:50	2023-08-15 12:36:12
29	1	2023-08-15	09:00:00	18:00:00	\N	2023-08-15 14:04:46	2023-08-15 14:04:46
30	4	2023-08-17	09:00:00	14:30:00	\N	2023-08-17 07:40:29	2023-08-17 07:40:29
31	4	2023-08-18	09:00:00	16:00:00	\N	2023-08-17 07:40:29	2023-08-17 07:40:29
32	4	2023-08-25	09:00:00	13:00:00	\N	2023-08-18 05:37:08	2023-08-18 05:37:08
33	4	2023-08-23	09:00:00	13:00:00	\N	2023-08-18 11:16:40	2023-08-18 11:16:40
34	3	2023-08-23	09:00:00	12:00:00	\N	2023-08-18 11:20:30	2023-08-18 11:20:30
35	3	2023-08-24	09:00:00	14:00:00	\N	2023-08-18 11:24:44	2023-08-18 11:24:44
36	2	2023-08-24	09:00:00	14:00:00	\N	2023-08-18 11:26:18	2023-08-18 11:26:18
40	4	2023-08-21	09:00:00	12:00:00	\N	2023-08-19 05:15:53	2023-08-19 05:15:53
41	3	2023-08-21	09:00:00	13:00:00	\N	2023-08-19 05:16:36	2023-08-19 05:16:36
42	2	2023-08-21	09:00:00	12:00:00	\N	2023-08-19 05:16:59	2023-08-19 05:16:59
43	1	2023-08-21	08:00:00	12:00:00	\N	2023-08-19 05:17:24	2023-08-19 05:17:24
37	4	2023-08-22	10:00:00	18:00:00	\N	2023-08-18 11:30:48	2023-08-21 05:23:05
38	3	2023-08-22	10:00:00	18:00:00	\N	2023-08-18 11:31:45	2023-08-21 05:23:57
39	2	2023-08-22	10:00:00	18:00:00	\N	2023-08-18 11:32:18	2023-08-21 05:24:19
44	1	2023-08-22	09:00:00	18:30:00	\N	2023-08-21 05:24:53	2023-08-21 05:24:53
57	4	2023-09-18	09:00:00	13:00:00	\N	2023-09-17 19:41:08	2023-09-17 19:41:08
58	4	2023-09-18	14:00:00	18:00:00	\N	2023-09-17 19:41:08	2023-09-18 05:21:14
59	4	2023-09-19	09:00:00	13:00:00	\N	2023-09-17 19:54:32	2023-09-18 05:21:27
71	4	2023-09-19	14:00:00	18:00:00	\N	2023-09-18 05:24:59	2023-09-18 05:24:59
72	4	2023-09-25	09:00:00	13:00:00	\N	2023-09-18 05:24:59	2023-09-18 05:24:59
73	4	2023-09-25	14:00:00	18:00:00	\N	2023-09-18 05:24:59	2023-09-18 05:24:59
74	4	2023-09-26	09:00:00	13:00:00	\N	2023-09-18 05:24:59	2023-09-18 05:24:59
75	4	2023-09-26	14:00:00	18:00:00	\N	2023-09-18 05:24:59	2023-09-18 05:24:59
76	4	2023-10-02	09:00:00	13:00:00	\N	2023-09-18 05:24:59	2023-09-18 05:24:59
77	4	2023-10-02	14:00:00	18:00:00	\N	2023-09-18 05:24:59	2023-09-18 05:24:59
78	4	2023-10-03	09:00:00	13:00:00	\N	2023-09-18 05:24:59	2023-09-18 05:24:59
79	4	2023-10-03	14:00:00	18:00:00	\N	2023-09-18 05:24:59	2023-09-18 05:24:59
80	3	2023-09-18	09:00:00	13:00:00	\N	2023-09-18 05:29:28	2023-09-18 05:29:28
81	3	2023-09-18	14:00:00	18:00:00	\N	2023-09-18 05:29:28	2023-09-18 05:29:28
82	3	2023-09-19	09:00:00	13:00:00	\N	2023-09-18 05:29:28	2023-09-18 05:29:28
83	3	2023-09-19	14:00:00	18:00:00	\N	2023-09-18 05:29:28	2023-09-18 05:29:28
85	3	2023-09-26	09:00:00	13:00:00	\N	2023-09-18 05:29:28	2023-09-18 05:29:28
86	3	2023-09-25	14:00:00	18:00:00	\N	2023-09-18 05:29:28	2023-09-18 05:29:28
87	3	2023-09-26	14:00:00	18:00:00	\N	2023-09-18 05:29:28	2023-09-18 05:29:28
88	3	2023-10-02	09:00:00	13:00:00	\N	2023-09-18 05:29:28	2023-09-18 05:29:28
89	3	2023-10-02	14:00:00	18:00:00	\N	2023-09-18 05:29:28	2023-09-18 05:29:28
90	3	2023-10-03	09:00:00	13:00:00	\N	2023-09-18 05:29:28	2023-09-18 05:29:28
91	3	2023-10-03	14:00:00	18:00:00	\N	2023-09-18 05:29:28	2023-09-18 05:29:28
93	2	2023-09-19	09:00:00	13:00:00	\N	2023-09-18 05:32:26	2023-09-18 05:32:26
94	2	2023-09-25	09:00:00	13:00:00	\N	2023-09-18 05:32:26	2023-09-18 05:32:26
95	2	2023-09-26	09:00:00	13:00:00	\N	2023-09-18 05:32:26	2023-09-18 05:32:26
96	2	2023-10-02	09:00:00	13:00:00	\N	2023-09-18 05:32:26	2023-09-18 05:32:26
97	2	2023-10-03	09:00:00	13:00:00	\N	2023-09-18 05:32:26	2023-09-18 05:32:26
98	2	2023-09-18	14:00:00	18:00:00	\N	2023-09-18 05:32:26	2023-09-18 05:32:26
99	2	2023-09-19	14:00:00	18:00:00	\N	2023-09-18 05:32:26	2023-09-18 05:32:26
100	2	2023-09-25	14:00:00	18:00:00	\N	2023-09-18 05:32:26	2023-09-18 05:32:26
101	2	2023-09-26	14:00:00	18:00:00	\N	2023-09-18 05:32:26	2023-09-18 05:32:26
102	2	2023-10-02	14:00:00	18:00:00	\N	2023-09-18 05:32:26	2023-09-18 05:32:26
103	2	2023-10-03	14:00:00	18:00:00	\N	2023-09-18 05:32:26	2023-09-18 05:32:26
104	1	2023-09-18	09:00:00	13:00:00	\N	2023-09-18 05:38:20	2023-09-18 05:38:20
105	1	2023-09-19	09:00:00	13:00:00	\N	2023-09-18 05:38:20	2023-09-18 05:38:20
106	1	2023-09-25	09:00:00	13:00:00	\N	2023-09-18 05:38:20	2023-09-18 05:38:20
107	1	2023-09-26	09:00:00	13:00:00	\N	2023-09-18 05:38:20	2023-09-18 05:38:20
108	1	2023-10-02	09:00:00	13:00:00	\N	2023-09-18 05:38:20	2023-09-18 05:38:20
109	1	2023-10-03	09:00:00	13:00:00	\N	2023-09-18 05:38:20	2023-09-18 05:38:20
110	1	2023-09-18	14:00:00	18:00:00	\N	2023-09-18 05:38:20	2023-09-18 05:38:20
111	1	2023-09-19	14:00:00	18:00:00	\N	2023-09-18 05:38:20	2023-09-18 05:38:20
112	1	2023-09-25	14:00:00	18:00:00	\N	2023-09-18 05:38:20	2023-09-18 05:38:20
113	1	2023-09-26	14:00:00	18:00:00	\N	2023-09-18 05:38:20	2023-09-18 05:38:20
114	1	2023-10-02	14:00:00	18:00:00	\N	2023-09-18 05:38:20	2023-09-18 05:38:20
115	1	2023-10-03	14:00:00	18:00:00	\N	2023-09-18 05:38:20	2023-09-18 05:38:20
116	3	2023-09-20	09:00:00	18:00:00	\N	2023-09-19 15:48:35	2023-09-19 16:09:57
117	4	2023-09-28	09:00:00	18:00:00	\N	2023-09-19 16:12:04	2023-09-19 16:12:04
118	3	2023-09-30	09:00:00	10:30:00	\N	2023-09-19 16:12:47	2023-09-19 16:13:27
84	3	2023-09-25	09:00:00	13:00:00	\N	2023-09-18 05:29:28	2023-09-20 07:36:51
\.


--
-- Data for Name: doctors; Type: TABLE DATA; Schema: public; Owner: postgres
--

COPY public.doctors (id, name, sunday, sun_from, sun_to, monday, mon_from, mon_to, tuesday, tues_from, tues_to, wednesday, wed_from, wed_to, thursday, thurs_from, thurs_to, friday, fri_from, fri_to, saturday, sat_from, sat_to, vendor, active, deleted, created_at, updated_at, type, qualification, image, document, user_id) FROM stdin;
4	dr 4	0	00:00	00:00	0	00:00	00:00	0	00:00	00:00	0	00:00	00:00	0	00:00	00:00	0	00:00	00:00	0	00:00	00:00	3	1	0	2023-08-12 15:38:50	2023-09-19 16:12:04	3	MBBS	169185473064d7a78aac449_img.jpg	\N	102
3	Dr.Fathima	0	00:00	00:00	0	00:00	00:00	0	00:00	00:00	0	00:00	00:00	0	00:00	00:00	0	00:00	00:00	0	00:00	00:00	3	1	0	2023-08-03 13:59:18	2023-09-20 07:36:56	1	MBBS	169107115864cbb2b6e51cd_img.jpg	169107115864cbb2b6e5d52_doc.jpg	99
2	ABC	0	00:00	00:00	0	00:00	00:00	0	00:00	00:00	0	00:00	00:00	0	00:00	00:00	0	00:00	00:00	0	00:00	00:00	3	1	0	2023-07-21 13:21:20	2023-09-20 07:37:11	1	MBBS	\N	\N	100
1	Philip	1	07:00 am	10:00 am	1	04:00 pm	08:00 pm	0	00:00	00:00	0	00:00	00:00	0	00:00	00:00	0	00:00	00:00	0	00:00	00:00	3	1	0	2023-05-11 01:15:10	2023-09-20 07:37:27	1	MBBS	\N	\N	101
\.


--
-- Data for Name: doggy_play_time_dates; Type: TABLE DATA; Schema: public; Owner: postgres
--

COPY public.doggy_play_time_dates (id, vendor_id, service_id, date, price, total_seats, seats, guests_booking, time_start, time_end, deleted_at, created_at, updated_at, slote, total_seats_medium, total_seats_big) FROM stdin;
1	3	5	2023-08-01 12:17:00	200	15	0	0	12:17:00	12:17:00	\N	2023-08-01 12:17:00	2023-08-01 12:17:00	\N	0	0
2	3	5	2023-08-02 12:17:00	200	15	0	0	12:17:00	12:17:00	\N	2023-08-01 12:17:00	2023-08-01 12:17:00	\N	0	0
51	3	5	2023-09-26 11:31:11	50	4	0	0	11:31:11	11:31:11	\N	2023-09-19 11:31:11	2023-09-19 11:31:11	0	5	6
5	3	5	2023-08-05 10:31:43	200	5	0	0	10:31:43	10:31:43	\N	2023-08-01 12:17:00	2023-08-03 10:31:43	\N	0	0
25	3	5	2023-08-04 12:53:50	200	5	0	0	12:53:50	12:53:50	\N	2023-08-04 12:53:50	2023-08-04 12:53:50	\N	0	0
26	3	5	2023-08-09 12:34:03	120	10	0	0	12:34:03	12:34:03	\N	2023-08-05 12:34:03	2023-08-05 12:34:03	\N	0	0
27	3	5	2023-08-10 10:35:39	1111	11	0	0	10:35:39	10:35:39	\N	2023-08-09 10:35:39	2023-08-09 10:35:39	\N	0	0
28	3	5	2023-08-16 07:52:11	40	20	0	0	07:52:11	07:52:11	\N	2023-08-16 07:52:11	2023-08-16 07:52:11	\N	0	0
30	3	5	2023-08-23 07:53:40	40	20	0	0	07:53:40	07:53:40	\N	2023-08-16 07:53:40	2023-08-16 07:53:40	\N	0	0
29	3	5	2023-08-18 07:58:49	40	15	0	0	07:58:49	07:58:49	\N	2023-08-16 07:53:40	2023-08-16 07:58:49	\N	0	0
31	3	5	2023-08-24 08:09:57	50	10	0	0	08:09:57	08:09:57	\N	2023-08-22 08:09:57	2023-08-22 08:09:57	\N	0	0
32	3	5	2023-08-25 08:09:57	50	10	0	0	08:09:57	08:09:57	\N	2023-08-22 08:09:57	2023-08-22 08:09:57	\N	0	0
33	3	5	2023-08-26 08:09:57	50	10	0	0	08:09:57	08:09:57	\N	2023-08-22 08:09:57	2023-08-22 08:09:57	\N	0	0
34	3	5	2023-08-27 08:09:57	50	10	0	0	08:09:57	08:09:57	\N	2023-08-22 08:09:57	2023-08-22 08:09:57	\N	0	0
35	3	5	2023-09-02 06:40:43	100	10	0	0	06:40:43	06:40:43	\N	2023-08-30 06:40:43	2023-08-30 06:40:43	\N	0	0
36	3	5	2023-09-08 10:10:38	100	10	0	0	10:10:38	10:10:38	\N	2023-09-05 10:10:38	2023-09-05 10:10:38	\N	0	0
37	3	5	2023-09-09 10:11:20	100	10	0	0	10:11:20	10:11:20	\N	2023-09-05 10:11:20	2023-09-05 10:11:20	\N	0	0
38	3	5	2023-09-13 13:15:01	100	10	0	0	13:15:01	13:15:01	\N	2023-09-11 13:15:01	2023-09-11 13:15:01	\N	0	0
39	3	5	2023-09-14 13:21:42	100	10	0	0	13:21:42	13:21:42	\N	2023-09-11 13:21:42	2023-09-11 13:21:42	\N	0	0
52	3	5	2023-09-27 11:51:46	10	5	0	0	11:51:46	11:51:46	\N	2023-09-19 11:51:46	2023-09-19 11:51:46	0	8	3
40	3	5	2023-09-15 02:30:47	100	12	0	0	02:30:47	02:30:47	\N	2023-09-11 13:22:03	2023-09-12 02:30:47	0	10	11
50	3	5	2023-09-25 15:52:29	100	10	0	0	15:52:29	15:52:29	\N	2023-09-19 11:30:25	2023-09-19 15:52:29	0	5	7
42	3	5	2023-09-17 07:11:42	100	1	0	0	07:11:42	07:11:42	\N	2023-09-12 02:35:34	2023-09-12 07:11:42	1	0	0
41	3	5	2023-09-16 07:11:48	100	1	0	0	07:11:48	07:11:48	\N	2023-09-12 02:31:39	2023-09-12 07:11:48	3	1	1
43	3	5	2023-09-18 09:36:30	100	10	0	0	09:36:30	09:36:30	\N	2023-09-13 04:51:59	2023-09-13 09:36:30	1	12	13
44	3	5	2023-09-19 09:13:14	100	10	0	0	09:13:14	09:13:14	\N	2023-09-14 09:13:14	2023-09-14 09:13:14	3	10	5
45	3	5	2023-09-20 06:21:14	50	10	0	0	06:21:14	06:21:14	\N	2023-09-18 06:21:02	2023-09-18 06:21:14	0	22	10
47	3	5	2023-09-22 02:46:02	40	2	0	0	02:46:02	02:46:02	\N	2023-09-19 02:46:02	2023-09-19 02:46:02	0	6	2
48	3	5	2023-09-23 03:06:31	20	2	0	0	03:06:31	03:06:31	\N	2023-09-19 03:06:31	2023-09-19 03:06:31	0	4	1
46	3	5	2023-09-21 04:54:44	90	10	0	0	04:54:44	04:54:44	\N	2023-09-18 06:44:11	2023-09-19 04:54:44	0	2	0
49	3	5	2023-09-24 10:38:52	10	7	0	0	10:38:52	10:38:52	\N	2023-09-19 10:04:14	2023-09-19 10:38:52	0	4	8
\.


--
-- Data for Name: doggy_play_time_temp_bookings; Type: TABLE DATA; Schema: public; Owner: postgres
--

COPY public.doggy_play_time_temp_bookings (id, user_id, vendor_id, service_id, total, request_data, payment_id, payment_status, receipt_url, payment_response, created_at, updated_at) FROM stdin;
1	69	\N	5	200	{"user_id":69,"service_id":5,"pet_id":0,"pet_ids":["16"],"seats":"2","total":"200","vat":0,"discount":0,"paid_price":"200","grand_total":"200","date":"2023-08-02","status":0,"created_at":"2023-08-01 12:43:15"}	\N	\N	\N	\N	2023-08-01 12:43:15	2023-08-01 12:43:15
2	69	\N	5	200	{"user_id":69,"service_id":5,"pet_id":0,"pet_ids":["16"],"seats":"2","total":"200","vat":0,"discount":0,"paid_price":"200","grand_total":"200","date":"2023-08-02","status":0,"created_at":"2023-08-01 12:46:03"}	pi_3NaHxfBjsMxFtgBe1IUk1hyv_secret_wSvYlDntTVKV4MjkSznMvVyAg	\N	\N	\N	2023-08-01 12:46:03	2023-08-01 12:46:04
3	69	\N	5	400	{"user_id":69,"service_id":5,"pet_id":0,"pet_ids":["16"],"seats":"2","total":400,"vat":0,"discount":0,"paid_price":400,"grand_total":400,"date":"2023-08-03","status":0,"created_at":"2023-08-01 12:48:53"}	pi_3NaI0PBjsMxFtgBe1A3geqAa_secret_UdbnuHZQW3kQQ6F1uSJRx3xls	\N	\N	\N	2023-08-01 12:48:53	2023-08-01 12:48:54
4	77	\N	5	400	{"user_id":77,"service_id":5,"pet_id":0,"pet_ids":["11"],"seats":"2","total":400,"vat":0,"discount":0,"paid_price":400,"grand_total":400,"date":"2023-08-02","status":0,"created_at":"2023-08-02 06:20:49"}	pi_3NaYQPBjsMxFtgBe0d2cxzEQ_secret_fxOPTSQsAjH5151BBPLyMzuaO	\N	\N	\N	2023-08-02 06:20:49	2023-08-02 06:20:50
5	77	\N	5	400	{"user_id":77,"service_id":5,"pet_id":0,"pet_ids":["11"],"seats":"2","total":400,"vat":0,"discount":0,"paid_price":400,"grand_total":400,"date":"2023-08-02","status":0,"created_at":"2023-08-02 07:57:07"}	pi_3NaZvbBjsMxFtgBe1yb6hEZ5_secret_SAKBIlMHtG5PauYEYFWd9dOKH	\N	\N	\N	2023-08-02 07:57:07	2023-08-02 07:57:07
6	54	\N	5	400	{"user_id":54,"service_id":5,"pet_id":0,"pet_ids":["13"],"seats":"2","total":400,"vat":0,"discount":0,"paid_price":400,"grand_total":400,"date":"2023-08-02","status":0,"created_at":"2023-08-02 08:16:52"}	pi_3NaaEiBjsMxFtgBe1eLkNAYj_secret_mmjRtdaSxt3E70A8BgE2Cx5lA	\N	\N	\N	2023-08-02 08:16:52	2023-08-02 08:16:52
7	54	\N	5	400	{"user_id":54,"service_id":5,"pet_id":0,"pet_ids":["13"],"seats":"2","total":400,"vat":0,"discount":0,"paid_price":400,"grand_total":400,"date":"2023-08-03","status":0,"created_at":"2023-08-02 08:17:45"}	pi_3NaaFZBjsMxFtgBe0dNDcbyS_secret_mTHTaLit7Xi8Kxz8QZTjsiPwr	\N	\N	\N	2023-08-02 08:17:45	2023-08-02 08:17:45
8	54	\N	5	400	{"user_id":54,"service_id":5,"pet_id":0,"pet_ids":["13"],"seats":"2","total":400,"vat":0,"discount":0,"paid_price":400,"grand_total":400,"date":"2023-08-03","status":0,"created_at":"2023-08-02 09:07:50"}	pi_3Nab22BjsMxFtgBe0WZ0rDPw_secret_SKGOOlATuYQWx7M3cgisf2y37	\N	\N	\N	2023-08-02 09:07:50	2023-08-02 09:07:50
9	76	\N	5	200	{"user_id":76,"service_id":5,"pet_id":0,"pet_ids":["17"],"seats":"1","total":200,"vat":0,"discount":0,"paid_price":200,"grand_total":200,"date":"2023-08-05","status":0,"created_at":"2023-08-03 10:32:32"}	pi_3NaypYBjsMxFtgBe0le87AQb_secret_QyT7StjQHlmp46NhISPVVoC2I	\N	\N	\N	2023-08-03 10:32:32	2023-08-03 10:32:32
10	76	\N	5	200	{"user_id":76,"service_id":5,"pet_id":0,"pet_ids":["17"],"seats":"1","total":200,"vat":0,"discount":0,"paid_price":200,"grand_total":200,"date":"2023-08-05","status":0,"created_at":"2023-08-03 10:34:19"}	pi_3NayrHBjsMxFtgBe0nM39jh1_secret_qb2ze9emwW8r8J4XsY7tmBnLi	\N	\N	\N	2023-08-03 10:34:19	2023-08-03 10:34:19
11	76	\N	5	400	{"user_id":76,"service_id":5,"pet_id":0,"pet_ids":["17"],"seats":"2","total":400,"vat":0,"discount":0,"paid_price":400,"grand_total":400,"date":"2023-08-05","status":0,"created_at":"2023-08-03 10:34:26"}	pi_3NayrOBjsMxFtgBe0fogwKYT_secret_C4GnjpkLw2NN8zwO4eBxsQXcE	\N	\N	\N	2023-08-03 10:34:26	2023-08-03 10:34:26
12	76	\N	5	200	{"user_id":76,"service_id":5,"pet_id":0,"pet_ids":["17"],"seats":"1","total":200,"vat":0,"discount":0,"paid_price":200,"grand_total":200,"date":"2023-08-05","status":0,"created_at":"2023-08-03 10:34:31"}	pi_3NayrTBjsMxFtgBe02FRmecJ_secret_GUwMmyN5xwSqjD32rw0ttilbP	\N	\N	\N	2023-08-03 10:34:31	2023-08-03 10:34:32
13	76	\N	5	1000	{"user_id":76,"service_id":5,"pet_id":0,"pet_ids":["17"],"seats":"5","total":1000,"vat":0,"discount":0,"paid_price":1000,"grand_total":1000,"date":"2023-08-05","status":0,"created_at":"2023-08-03 10:34:39"}	pi_3NayrbBjsMxFtgBe06S8Vtb3_secret_TbmMs66mCAqow2aXsY8jezxen	\N	\N	\N	2023-08-03 10:34:39	2023-08-03 10:34:39
14	54	\N	5	240	{"user_id":54,"service_id":5,"pet_id":0,"pet_ids":["13"],"seats":"2","total":240,"vat":0,"discount":0,"paid_price":240,"grand_total":240,"date":"2023-08-09","status":5,"created_at":"2023-08-05 12:34:32"}	pi_3NbjgiBjsMxFtgBe1XIr8u1g_secret_Sd7ggZx1als3OwtPsp2h9nqvS	\N	\N	\N	2023-08-05 12:34:32	2023-08-05 12:34:32
15	54	\N	5	240	{"user_id":54,"service_id":5,"pet_id":0,"pet_ids":["13"],"seats":"2","total":240,"vat":0,"discount":0,"paid_price":240,"grand_total":240,"date":"2023-08-09","status":5,"created_at":"2023-08-07 06:26:00"}	pi_3NcMtABjsMxFtgBe0Ns8bH2B_secret_MJw4Ci95Eb0s3Ttjk2yBJiOvX	\N	\N	\N	2023-08-07 06:26:00	2023-08-07 06:26:00
16	54	\N	5	480	{"user_id":54,"service_id":5,"pet_id":0,"pet_ids":["24"],"seats":"4","total":480,"vat":0,"discount":0,"paid_price":480,"grand_total":480,"date":"2023-08-09","status":5,"created_at":"2023-08-07 18:52:28"}	pi_3NcYXYBjsMxFtgBe0o6CNbgO_secret_arbKvWu6dWGN2UKaUkQ1cXSvZ	\N	\N	\N	2023-08-07 18:52:28	2023-08-07 18:52:28
17	54	\N	5	240	{"user_id":54,"service_id":5,"pet_id":0,"pet_ids":["5"],"seats":"2","total":240,"vat":0,"discount":0,"paid_price":240,"grand_total":240,"date":"2023-08-09","status":5,"created_at":"2023-08-07 21:05:07"}	pi_3NcabvBjsMxFtgBe1ONEpW7e_secret_eF12zkhSBMB0cx9myXOoVcfPT	\N	\N	\N	2023-08-07 21:05:07	2023-08-07 21:05:07
18	54	\N	5	360	{"user_id":54,"service_id":5,"pet_id":0,"pet_ids":["21"],"seats":"3","total":360,"vat":0,"discount":0,"paid_price":360,"grand_total":360,"date":"2023-08-09","status":5,"created_at":"2023-08-07 21:18:36"}	pi_3NcaozBjsMxFtgBe0LwOIfUB_secret_yQ5UUyE5wASlqFa2JweOxWg2a	\N	\N	\N	2023-08-07 21:18:36	2023-08-07 21:18:37
19	54	\N	5	480	{"user_id":54,"service_id":5,"pet_id":0,"pet_ids":["21"],"seats":"4","total":480,"vat":0,"discount":0,"paid_price":480,"grand_total":480,"date":"2023-08-09","status":5,"created_at":"2023-08-07 21:21:05"}	pi_3NcarOBjsMxFtgBe1r1dbNGg_secret_k426tA1VBW0WsLKlKX9ObOYdN	\N	\N	\N	2023-08-07 21:21:05	2023-08-07 21:21:06
20	54	\N	5	480	{"user_id":54,"service_id":5,"pet_id":0,"pet_ids":["24"],"seats":"4","total":480,"vat":0,"discount":0,"paid_price":480,"grand_total":480,"date":"2023-08-09","status":5,"created_at":"2023-08-07 21:24:30"}	pi_3NcauhBjsMxFtgBe04SRE5wV_secret_10D7Szk1C5NyfM2CV5OEIYZwn	\N	\N	\N	2023-08-07 21:24:30	2023-08-07 21:24:31
21	54	\N	5	360	{"user_id":54,"service_id":5,"pet_id":0,"pet_ids":["24"],"seats":"3","total":360,"vat":0,"discount":0,"paid_price":360,"grand_total":360,"date":"2023-08-09","status":5,"created_at":"2023-08-07 21:31:30"}	pi_3Ncb1TBjsMxFtgBe0fhEOSCn_secret_shGLbNhzceOOAvmDejKT8Aa5r	\N	\N	\N	2023-08-07 21:31:30	2023-08-07 21:31:31
22	109	\N	5	40	{"user_id":109,"service_id":5,"pet_id":0,"pet_ids":["49"],"seats":"1","total":40,"vat":0,"discount":0,"paid_price":40,"grand_total":40,"date":"2023-08-18","status":5,"created_at":"2023-08-16 07:59:22"}	pi_3NfedSBjsMxFtgBe00uvOLIA_secret_j37sQpj4aWR9d67I7SHRRoPCM	\N	\N	\N	2023-08-16 07:59:22	2023-08-16 07:59:22
23	112	\N	5	40	{"user_id":112,"service_id":5,"pet_id":0,"pet_ids":["52"],"seats":"1","total":40,"vat":0,"discount":0,"paid_price":40,"grand_total":40,"date":"2023-08-18","status":5,"created_at":"2023-08-17 06:29:53"}	pi_3NfziPBjsMxFtgBe1vEuKDMD_secret_00W5r98KDIHJOs30PftdHm1SO	\N	\N	\N	2023-08-17 06:29:53	2023-08-17 06:29:53
24	112	\N	5	80	{"user_id":112,"service_id":5,"pet_id":0,"pet_ids":["52"],"seats":"2","total":80,"vat":0,"discount":0,"paid_price":80,"grand_total":80,"date":"2023-08-23","status":5,"created_at":"2023-08-17 06:31:15"}	pi_3NfzjjBjsMxFtgBe1i1cClGh_secret_nMXgdE60HKgtuCUQtG1m7LIR1	\N	\N	\N	2023-08-17 06:31:15	2023-08-17 06:31:15
25	112	\N	5	40	{"user_id":112,"service_id":5,"pet_id":0,"pet_ids":["52"],"seats":"1","total":40,"vat":0,"discount":0,"paid_price":40,"grand_total":40,"date":"2023-08-23","status":5,"created_at":"2023-08-17 07:29:44"}	pi_3Ng0eLBjsMxFtgBe00CITmGt_secret_4qGyQbeSUR0xC4JEyxQrE8aq6	\N	\N	\N	2023-08-17 07:29:44	2023-08-17 07:29:45
26	119	\N	5	40	{"user_id":119,"service_id":5,"pet_id":0,"pet_ids":["55"],"seats":"1","total":40,"vat":0,"discount":0,"paid_price":40,"grand_total":40,"date":"2023-08-18","status":5,"created_at":"2023-08-17 11:37:28"}	pi_3Ng4W4BjsMxFtgBe1Bm9DkDL_secret_u1Qd97xIetIc6XK0ElPxLm8q2	\N	\N	\N	2023-08-17 11:37:28	2023-08-17 11:37:28
27	119	\N	5	120	{"user_id":119,"service_id":5,"pet_id":0,"pet_ids":["54"],"seats":"3","total":120,"vat":0,"discount":0,"paid_price":120,"grand_total":120,"date":"2023-08-23","status":5,"created_at":"2023-08-17 12:01:10"}	pi_3Ng4t0BjsMxFtgBe1gKx2Mc7_secret_Es2VzMPRTZBskuJ3o56aSfy0h	\N	\N	\N	2023-08-17 12:01:10	2023-08-17 12:01:10
28	112	\N	5	40	{"user_id":112,"service_id":5,"pet_id":0,"pet_ids":["53"],"seats":"1","total":40,"vat":0,"discount":0,"paid_price":40,"grand_total":40,"date":"2023-08-23","status":5,"created_at":"2023-08-17 13:56:51"}	pi_3Ng6gxBjsMxFtgBe1Z1XTPzx_secret_YAGvFcopsMIwoKE87L37UEVx3	\N	\N	\N	2023-08-17 13:56:51	2023-08-17 13:56:51
29	120	\N	5	40	{"user_id":120,"service_id":5,"pet_id":0,"pet_ids":["61"],"seats":1,"total":40,"vat":0,"discount":0,"paid_price":40,"grand_total":40,"date":"2023-08-23","status":5,"created_at":"2023-08-18 07:37:43"}		\N	\N	\N	2023-08-18 07:37:43	2023-08-18 07:37:44
30	112	\N	5	40	{"user_id":112,"service_id":5,"pet_id":0,"pet_ids":["59"],"seats":"1","total":40,"vat":0,"discount":0,"paid_price":40,"grand_total":40,"date":"2023-08-23","status":5,"created_at":"2023-08-18 12:06:22"}	pi_3NgRRaBjsMxFtgBe0F3bHjVc_secret_WCI4TcmU4LztRKo7ZHy4yjrwJ	\N	\N	\N	2023-08-18 12:06:22	2023-08-18 12:06:23
31	119	\N	5	40	{"user_id":119,"service_id":5,"pet_id":0,"pet_ids":["53"],"seats":1,"total":40,"vat":0,"discount":0,"paid_price":40,"grand_total":40,"date":"2023-08-23","status":5,"created_at":"2023-08-18 12:25:14"}		\N	\N	\N	2023-08-18 12:25:14	2023-08-18 12:25:15
32	55	\N	5	80	{"user_id":55,"service_id":5,"pet_id":0,"pet_ids":["66"],"seats":"2","total":80,"vat":0,"discount":0,"paid_price":80,"grand_total":80,"date":"2023-08-23","status":5,"created_at":"2023-08-19 07:45:17"}	pi_3NgjqUBjsMxFtgBe1733CWB1_secret_ktceOjK1aqE1U4UNYBizmpH8x	\N	\N	\N	2023-08-19 07:45:17	2023-08-19 07:45:18
33	119	\N	5	40	{"user_id":119,"service_id":5,"pet_id":0,"pet_ids":["53"],"seats":"1","total":40,"vat":0,"discount":0,"paid_price":40,"grand_total":40,"date":"2023-08-23","status":5,"created_at":"2023-08-19 08:10:23"}	pi_3NgkElBjsMxFtgBe1ey6b1X5_secret_ZM3MsP6ryqLayvLDhnoyCgLwP	\N	\N	\N	2023-08-19 08:10:23	2023-08-19 08:10:23
34	108	\N	5	120	{"user_id":108,"service_id":5,"pet_id":0,"pet_ids":["48"],"seats":3,"total":120,"vat":0,"discount":0,"paid_price":120,"grand_total":120,"date":"2023-08-23","status":5,"created_at":"2023-08-19 10:04:21"}		\N	\N	\N	2023-08-19 10:04:21	2023-08-19 10:04:22
35	119	\N	5	40	{"user_id":119,"service_id":5,"pet_id":0,"pet_ids":["58"],"seats":1,"total":40,"vat":0,"discount":0,"paid_price":40,"grand_total":40,"date":"2023-08-23","status":5,"created_at":"2023-08-19 10:45:04"}		\N	\N	\N	2023-08-19 10:45:04	2023-08-19 10:45:04
36	119	\N	5	40	{"user_id":119,"service_id":5,"pet_id":0,"pet_ids":["69"],"seats":1,"total":40,"vat":0,"discount":0,"paid_price":40,"grand_total":40,"date":"2023-08-23","status":5,"created_at":"2023-08-21 06:26:25"}		\N	\N	\N	2023-08-21 06:26:25	2023-08-21 06:26:26
37	113	\N	5	80	{"user_id":113,"service_id":5,"pet_id":0,"pet_ids":["71"],"seats":"2","total":80,"vat":0,"discount":0,"paid_price":80,"grand_total":80,"date":"2023-08-23","status":5,"created_at":"2023-08-22 04:20:00"}	pi_3Nhm4SBjsMxFtgBe0oRGl3kv_secret_LVZrjyiZRQOVllanneSurXt0K	\N	\N	\N	2023-08-22 04:20:00	2023-08-22 04:20:00
38	113	\N	5	80	{"user_id":113,"service_id":5,"pet_id":0,"pet_ids":["71"],"seats":"2","total":80,"vat":0,"discount":0,"paid_price":80,"grand_total":80,"date":"2023-08-23","status":5,"created_at":"2023-08-22 04:20:08"}	pi_3Nhm4aBjsMxFtgBe1s3MnW5m_secret_hj2FIKBZI3HxD8r6r3rusYktz	\N	\N	\N	2023-08-22 04:20:08	2023-08-22 04:20:09
39	54	\N	5	80	{"user_id":54,"service_id":5,"pet_id":0,"pet_ids":["50"],"seats":"2","total":80,"vat":0,"discount":0,"paid_price":80,"grand_total":80,"date":"2023-08-23","status":5,"created_at":"2023-08-22 05:30:59"}	pi_3NhnB9BjsMxFtgBe0cBBhmfC_secret_KcacAAiKcsys8BDWQ2QWS0NYy	\N	\N	\N	2023-08-22 05:30:59	2023-08-22 05:30:59
40	118	\N	5	80	{"user_id":118,"service_id":5,"pet_id":0,"pet_ids":["56"],"seats":"2","total":80,"vat":0,"discount":0,"paid_price":80,"grand_total":80,"date":"2023-08-23","status":5,"created_at":"2023-08-22 05:53:04"}	pi_3NhnWWBjsMxFtgBe1K2Asn2k_secret_jwmPWgIBvQ3EQtvZA75IcHlaF	\N	\N	\N	2023-08-22 05:53:04	2023-08-22 05:53:05
41	114	\N	5	80	{"user_id":114,"service_id":5,"pet_id":0,"pet_ids":["76"],"seats":"2","total":80,"vat":0,"discount":0,"paid_price":80,"grand_total":80,"date":"2023-08-23","status":5,"created_at":"2023-08-22 07:07:13"}	pi_3NhogIBjsMxFtgBe1MfSE8cL_secret_qfDgU8uHmGm4YhBzEJdFaKimI	\N	\N	\N	2023-08-22 07:07:13	2023-08-22 07:07:14
42	126	\N	5	50	{"user_id":126,"service_id":5,"pet_id":0,"pet_ids":["78"],"seats":"1","total":50,"vat":0,"discount":0,"paid_price":50,"grand_total":50,"date":"2023-08-24","status":5,"created_at":"2023-08-22 08:43:38"}	pi_3NhqBaBjsMxFtgBe0sEPYDvv_secret_WN3AB3YuBHvICZSx8lWCDNISf	\N	\N	\N	2023-08-22 08:43:38	2023-08-22 08:43:39
43	119	\N	5	200	{"user_id":119,"service_id":5,"pet_id":0,"pet_ids":["82"],"seats":"4","total":200,"vat":0,"discount":0,"paid_price":200,"grand_total":200,"date":"2023-08-25","status":5,"created_at":"2023-08-22 13:01:24"}	pi_3NhuD2BjsMxFtgBe0Dv0N2n5_secret_DR4V438DMvvlqfBUPrLfT81nk	\N	\N	\N	2023-08-22 13:01:24	2023-08-22 13:01:24
44	54	\N	5	50	{"user_id":54,"service_id":5,"pet_id":0,"pet_ids":["50"],"seats":"1","total":50,"vat":0,"discount":0,"paid_price":50,"grand_total":50,"date":"2023-08-24","status":5,"created_at":"2023-08-22 13:05:43"}	pi_3NhuHDBjsMxFtgBe1vuZu9Zq_secret_gvV69OxQmufP39PfWKHF5V5tD	\N	\N	\N	2023-08-22 13:05:43	2023-08-22 13:05:43
45	54	\N	5	100	{"user_id":54,"service_id":5,"pet_id":0,"pet_ids":["50"],"seats":"2","total":100,"vat":0,"discount":0,"paid_price":100,"grand_total":100,"date":"2023-08-24","status":5,"created_at":"2023-08-22 13:05:51"}	pi_3NhuHLBjsMxFtgBe0684zw77_secret_ieNXWVqy7WmGUOqu6cxAXj5SD	\N	\N	\N	2023-08-22 13:05:51	2023-08-22 13:05:52
46	119	\N	5	200	{"user_id":119,"service_id":5,"pet_id":0,"pet_ids":["82"],"seats":"4","total":200,"vat":0,"discount":0,"paid_price":200,"grand_total":200,"date":"2023-08-25","status":5,"created_at":"2023-08-22 13:06:11"}	pi_3NhuHfBjsMxFtgBe0WII0VrU_secret_YLorzX1acYvJhsgxmJLEin3Gk	\N	\N	\N	2023-08-22 13:06:11	2023-08-22 13:06:11
47	119	\N	5	50	{"user_id":119,"service_id":5,"pet_id":0,"pet_ids":["82"],"seats":"1","total":50,"vat":0,"discount":0,"paid_price":50,"grand_total":50,"date":"2023-08-24","status":5,"created_at":"2023-08-22 13:40:37"}	pi_3NhuozBjsMxFtgBe0wxxotYt_secret_ISzG2V1TztQo8w3OfmpU3IEPC	\N	\N	\N	2023-08-22 13:40:37	2023-08-22 13:40:38
48	54	\N	5	50	{"user_id":54,"service_id":5,"pet_id":0,"pet_ids":["84"],"seats":"1","total":50,"vat":0,"discount":0,"paid_price":50,"grand_total":50,"date":"2023-08-24","status":5,"created_at":"2023-08-22 15:23:52"}	pi_3NhwQuBjsMxFtgBe1nuhBSE0_secret_mmw1mAr8rCcRpkmj2vIK5N1LI	\N	\N	\N	2023-08-22 15:23:52	2023-08-22 15:23:52
49	54	\N	5	150	{"user_id":54,"service_id":5,"pet_id":0,"pet_ids":["84"],"seats":"3","total":150,"vat":0,"discount":0,"paid_price":150,"grand_total":150,"date":"2023-08-24","status":5,"created_at":"2023-08-22 17:42:49"}	pi_3NhybOBjsMxFtgBe1QNxc5O7_secret_K6pZlzGHvMfyNsC1v0jDVHSQD	\N	\N	\N	2023-08-22 17:42:49	2023-08-22 17:42:50
50	54	\N	5	50	{"user_id":54,"service_id":5,"pet_id":0,"pet_ids":["84"],"seats":"1","total":50,"vat":0,"discount":0,"paid_price":50,"grand_total":50,"date":"2023-08-24","status":5,"created_at":"2023-08-23 05:35:48"}	pi_3Ni9jMBjsMxFtgBe1qIgO75M_secret_g5ZGumD8tEBxAJ3wBPyvBA7tn	\N	\N	\N	2023-08-23 05:35:48	2023-08-23 05:35:48
51	54	\N	5	50	{"user_id":54,"service_id":5,"pet_id":0,"pet_ids":["84"],"seats":"1","total":50,"vat":0,"discount":0,"paid_price":50,"grand_total":50,"date":"2023-08-24","status":5,"created_at":"2023-08-23 05:37:12"}	pi_3Ni9kiBjsMxFtgBe0ORUVrX2_secret_yOOfbSzhsqkBfjAxIcZNqQyil	\N	\N	\N	2023-08-23 05:37:12	2023-08-23 05:37:12
52	54	\N	5	50	{"user_id":54,"service_id":5,"pet_id":0,"pet_ids":["84"],"seats":"1","total":50,"vat":0,"discount":0,"paid_price":50,"grand_total":50,"date":"2023-08-25","status":5,"created_at":"2023-08-23 05:55:42"}	pi_3NiA2dBjsMxFtgBe1oQtXqsa_secret_dzCpIhofeaaDDmxS0cWsMPiDv	\N	\N	\N	2023-08-23 05:55:42	2023-08-23 05:55:43
53	54	\N	5	50	{"user_id":54,"service_id":5,"pet_id":0,"pet_ids":["84"],"seats":"1","total":50,"vat":0,"discount":0,"paid_price":50,"grand_total":50,"date":"2023-08-25","status":5,"created_at":"2023-08-23 05:58:02"}	pi_3NiA4sBjsMxFtgBe0kgbdgxb_secret_vzKqCSA7wtj8aJmISVTGcGiZZ	\N	\N	\N	2023-08-23 05:58:02	2023-08-23 05:58:03
54	119	\N	5	50	{"user_id":119,"service_id":5,"pet_id":0,"pet_ids":["85"],"seats":"1","total":50,"vat":0,"discount":0,"paid_price":50,"grand_total":50,"date":"2023-08-24","status":5,"created_at":"2023-08-23 11:05:22"}	pi_3NiEsIBjsMxFtgBe1YCAxxbE_secret_8gzrUC4XxuiTfVIogWfibQooS	\N	\N	\N	2023-08-23 11:05:22	2023-08-23 11:05:22
55	69	\N	5	200	{"user_id":69,"service_id":5,"pet_id":0,"pet_ids":["16"],"seats":"2","total":200,"vat":0,"discount":0,"paid_price":200,"grand_total":200,"date":"2023-09-02","status":5,"created_at":"2023-08-30 06:40:50"}	z7m405t7mw	\N	\N	\N	2023-08-30 06:40:50	2023-08-30 06:40:51
56	77	\N	5	200	{"user_id":77,"service_id":5,"pet_id":0,"pet_ids":["16"],"seats":"2","total":200,"vat":0,"discount":0,"paid_price":200,"grand_total":200,"date":"2023-09-02","status":5,"created_at":"2023-08-30 07:11:51"}	n58yu9fhdx	\N	\N	\N	2023-08-30 07:11:51	2023-08-30 07:11:53
57	69	\N	5	200	{"user_id":69,"service_id":5,"pet_id":0,"pet_ids":["16"],"seats":"2","total":200,"vat":0,"discount":0,"paid_price":200,"grand_total":200,"date":"2023-09-02","status":5,"created_at":"2023-08-30 07:25:12"}	9vzk3d34mq	\N	\N	\N	2023-08-30 07:25:12	2023-08-30 07:25:13
58	77	\N	5	200	{"user_id":77,"service_id":5,"pet_id":0,"pet_ids":["16"],"seats":"2","total":200,"vat":0,"discount":0,"paid_price":200,"grand_total":200,"date":"2023-09-02","status":5,"created_at":"2023-08-30 07:35:05"}	o7dampmg4m	\N	\N	\N	2023-08-30 07:35:05	2023-08-30 07:35:06
59	103	\N	5	200	{"user_id":103,"service_id":5,"pet_id":0,"pet_ids":["62"],"seats":"2","total":200,"vat":0,"discount":0,"paid_price":200,"grand_total":200,"date":"2023-09-02","status":5,"created_at":"2023-08-30 07:37:37"}	rl0xkqlbp6	\N	\N	\N	2023-08-30 07:37:37	2023-08-30 07:37:38
60	122	\N	5	200	{"user_id":122,"service_id":5,"pet_id":0,"pet_ids":["67"],"seats":2,"total":200,"vat":0,"discount":0,"paid_price":200,"grand_total":200,"date":"2023-09-08","status":5,"created_at":"2023-09-05 13:04:39"}	g1em25tke1	\N	\N	\N	2023-09-05 13:04:39	2023-09-05 13:04:40
61	122	\N	5	200	{"user_id":122,"service_id":5,"pet_id":0,"pet_ids":["67"],"seats":2,"total":200,"vat":0,"discount":0,"paid_price":200,"grand_total":200,"date":"2023-09-08","status":5,"created_at":"2023-09-05 13:05:03"}	z400kkpki4	\N	\N	\N	2023-09-05 13:05:03	2023-09-05 13:05:04
62	122	\N	5	200	{"user_id":122,"service_id":5,"pet_id":0,"pet_ids":["67"],"seats":2,"total":200,"vat":0,"discount":0,"paid_price":200,"grand_total":200,"date":"2023-09-08","status":5,"created_at":"2023-09-05 13:05:18"}	0fy6igjwap	\N	\N	\N	2023-09-05 13:05:18	2023-09-05 13:05:19
63	122	\N	5	100	{"user_id":122,"service_id":5,"pet_id":0,"pet_ids":["67"],"seats":1,"total":100,"vat":0,"discount":0,"paid_price":100,"grand_total":100,"date":"2023-09-09","status":5,"created_at":"2023-09-05 13:09:58"}	b5k5fj51qx	\N	\N	\N	2023-09-05 13:09:58	2023-09-05 13:09:59
64	122	\N	5	200	{"user_id":122,"service_id":5,"pet_id":0,"pet_ids":["67"],"seats":2,"total":200,"vat":0,"discount":0,"paid_price":200,"grand_total":200,"date":"2023-09-13","status":5,"created_at":"2023-09-11 13:15:50"}	1ezrijj8ka	\N	\N	\N	2023-09-11 13:15:50	2023-09-11 13:15:51
65	122	\N	5	100	{"user_id":122,"service_id":5,"pet_id":0,"pet_ids":["67"],"seats":1,"total":100,"vat":0,"discount":0,"paid_price":100,"grand_total":100,"date":"2023-09-13","status":5,"created_at":"2023-09-11 13:20:46"}	mnk0rkp5gl	\N	\N	\N	2023-09-11 13:20:46	2023-09-11 13:20:47
66	122	\N	5	100	{"user_id":122,"service_id":5,"pet_id":0,"pet_ids":["67"],"seats":1,"total":100,"vat":0,"discount":0,"paid_price":100,"grand_total":100,"date":"2023-09-13","status":5,"created_at":"2023-09-12 02:29:31"}	idnnuzl2s9	\N	\N	\N	2023-09-12 02:29:31	2023-09-12 02:29:32
67	122	\N	5	100	{"user_id":122,"service_id":5,"pet_id":0,"pet_ids":["86"],"seats":1,"total":100,"vat":0,"discount":0,"paid_price":100,"grand_total":100,"date":"2023-09-15","status":5,"created_at":"2023-09-12 05:30:29"}	azflrxg6rq	\N	\N	\N	2023-09-12 05:30:29	2023-09-12 05:30:30
68	122	\N	5	100	{"user_id":122,"service_id":5,"pet_id":0,"pet_ids":["86"],"seats":1,"total":100,"vat":0,"discount":0,"paid_price":100,"grand_total":100,"date":"2023-09-15","status":5,"created_at":"2023-09-12 05:30:49"}	4hyun8ohvl	\N	\N	\N	2023-09-12 05:30:49	2023-09-12 05:30:50
69	122	\N	5	100	{"user_id":122,"service_id":5,"pet_id":0,"pet_ids":["67"],"pet_size":4,"seats":1,"total":100,"vat":0,"discount":0,"paid_price":100,"grand_total":100,"date":"2023-09-15","status":5,"created_at":"2023-09-12 06:07:46"}	xxxfa236n3	\N	\N	\N	2023-09-12 06:07:46	2023-09-12 06:07:47
70	122	\N	5	100	{"user_id":122,"service_id":5,"pet_id":0,"pet_ids":["67"],"pet_size":4,"seats":1,"total":100,"vat":0,"discount":0,"paid_price":100,"grand_total":100,"date":"2023-09-15","status":5,"created_at":"2023-09-12 06:08:15"}	l89g1bbffc	\N	\N	\N	2023-09-12 06:08:15	2023-09-12 06:08:15
71	122	\N	5	100	{"user_id":122,"service_id":5,"pet_id":0,"pet_ids":["86"],"pet_size":2,"seats":1,"total":100,"vat":0,"discount":0,"paid_price":100,"grand_total":100,"date":"2023-09-15","status":5,"created_at":"2023-09-12 06:08:42"}	cge8vd8kjm	\N	\N	\N	2023-09-12 06:08:42	2023-09-12 06:08:43
72	69	\N	5	200	{"user_id":69,"service_id":5,"pet_id":0,"pet_ids":["168"],"pet_size":0,"seats":"2","total":200,"vat":0,"discount":0,"paid_price":200,"grand_total":200,"date":"2023-09-18","status":5,"created_at":"2023-09-13 09:12:59"}	51hu7y14ml	\N	\N	\N	2023-09-13 09:12:59	2023-09-13 09:13:00
73	122	\N	5	100	{"user_id":122,"service_id":5,"pet_id":0,"pet_ids":["86"],"pet_size":2,"seats":1,"total":100,"vat":0,"discount":0,"paid_price":100,"grand_total":100,"date":"2023-09-18","status":5,"created_at":"2023-09-14 01:57:54"}	con93n9zju	\N	\N	\N	2023-09-14 01:57:54	2023-09-14 01:57:55
74	122	\N	5	100	{"user_id":122,"service_id":5,"pet_id":0,"pet_ids":["67"],"pet_size":4,"seats":1,"total":100,"vat":0,"discount":0,"paid_price":100,"grand_total":100,"date":"2023-09-18","status":5,"created_at":"2023-09-14 02:11:21"}	5plw2y5ht5	\N	\N	\N	2023-09-14 02:11:21	2023-09-14 02:11:22
75	122	\N	5	100	{"user_id":122,"service_id":5,"pet_id":0,"pet_ids":["67"],"pet_size":4,"seats":1,"total":100,"vat":0,"discount":0,"paid_price":100,"grand_total":100,"date":"2023-09-18","status":5,"created_at":"2023-09-14 02:21:15"}	xybgj9pn6o	\N	\N	\N	2023-09-14 02:21:15	2023-09-14 02:21:16
76	122	\N	5	100	{"user_id":122,"service_id":5,"pet_id":0,"pet_ids":["67"],"pet_size":4,"seats":1,"total":100,"vat":0,"discount":0,"paid_price":100,"grand_total":100,"date":"2023-09-18","status":5,"created_at":"2023-09-14 02:23:05"}	ld5g9vrwwe	\N	\N	\N	2023-09-14 02:23:05	2023-09-14 02:23:06
77	122	\N	5	100	{"user_id":122,"service_id":5,"pet_id":0,"pet_ids":["67"],"pet_size":4,"seats":1,"total":100,"vat":0,"discount":0,"paid_price":100,"grand_total":100,"date":"2023-09-18","status":5,"created_at":"2023-09-14 03:12:34"}	8fh7hpil2f	\N	\N	\N	2023-09-14 03:12:34	2023-09-14 03:12:35
78	77	\N	5	0	{"user_id":77,"service_id":5,"pet_id":0,"pet_ids":["37"],"pet_size":2,"seats":"0","total":0,"vat":0,"discount":0,"paid_price":0,"grand_total":0,"date":"2023-09-14","status":5,"created_at":"2023-09-14 07:34:02"}	UzK1Q12PLc72XrMYUmpfoTBOA	\N	\N	\N	2023-09-14 07:34:02	2023-09-14 07:34:03
79	77	\N	5	0	{"user_id":77,"service_id":5,"pet_id":0,"pet_ids":["37"],"pet_size":2,"seats":"0","total":0,"vat":0,"discount":0,"paid_price":0,"grand_total":0,"date":"2023-09-16","status":5,"created_at":"2023-09-14 07:35:07"}	daoeUX6QrkfAXvEnqXa2cp6Z2	\N	\N	\N	2023-09-14 07:35:07	2023-09-14 07:35:08
80	77	\N	5	100	{"user_id":77,"service_id":5,"pet_id":0,"pet_ids":["37"],"pet_size":2,"seats":"1","total":100,"vat":0,"discount":0,"paid_price":100,"grand_total":100,"date":"2023-09-16","status":5,"created_at":"2023-09-14 07:37:32"}	i7qeuy0pde	\N	\N	\N	2023-09-14 07:37:32	2023-09-14 07:37:33
81	89	\N	5	500	{"user_id":89,"service_id":5,"pet_id":0,"pet_ids":["87"],"pet_size":2,"seats":"5","total":500,"vat":0,"discount":0,"paid_price":500,"grand_total":500,"date":"2023-09-15","status":5,"created_at":"2023-09-14 08:48:50"}	cj14qzn8fq	\N	\N	\N	2023-09-14 08:48:50	2023-09-14 08:48:52
82	89	\N	5	500	{"user_id":89,"service_id":5,"pet_id":0,"pet_ids":["87"],"pet_size":2,"seats":"5","total":500,"vat":0,"discount":0,"paid_price":500,"grand_total":500,"date":"2023-09-15","status":5,"created_at":"2023-09-14 09:01:35"}	azu3lh4k0g	\N	\N	\N	2023-09-14 09:01:35	2023-09-14 09:01:37
83	89	\N	5	500	{"user_id":89,"service_id":5,"pet_id":0,"pet_ids":["87"],"pet_size":2,"seats":"5","total":500,"vat":0,"discount":0,"paid_price":500,"grand_total":500,"date":"2023-09-15","status":5,"created_at":"2023-09-14 10:42:46"}	wiaj1sx3dv	\N	\N	\N	2023-09-14 10:42:46	2023-09-14 10:42:47
84	89	\N	5	400	{"user_id":89,"service_id":5,"pet_id":0,"pet_ids":["87"],"pet_size":2,"seats":"4","total":400,"vat":0,"discount":0,"paid_price":400,"grand_total":400,"date":"2023-09-15","status":5,"created_at":"2023-09-14 10:54:09"}	gjb1yx2lec	\N	\N	\N	2023-09-14 10:54:09	2023-09-14 10:54:10
85	89	\N	5	100	{"user_id":89,"service_id":5,"pet_id":0,"pet_ids":["87"],"pet_size":2,"seats":"1","total":100,"vat":0,"discount":0,"paid_price":100,"grand_total":100,"date":"2023-09-16","status":5,"created_at":"2023-09-14 10:59:21"}	sh9134rtq5	\N	\N	\N	2023-09-14 10:59:21	2023-09-14 10:59:24
86	89	\N	5	500	{"user_id":89,"service_id":5,"pet_id":0,"pet_ids":["87"],"pet_size":2,"seats":"5","total":500,"vat":0,"discount":0,"paid_price":500,"grand_total":500,"date":"2023-09-15","status":5,"created_at":"2023-09-14 11:01:53"}	50uy5afgc9	\N	\N	\N	2023-09-14 11:01:53	2023-09-14 11:01:54
87	89	\N	5	500	{"user_id":89,"service_id":5,"pet_id":0,"pet_ids":["87"],"pet_size":2,"seats":"5","total":500,"vat":0,"discount":0,"paid_price":500,"grand_total":500,"date":"2023-09-15","status":5,"created_at":"2023-09-14 11:05:16"}	d8mek8sucs	\N	\N	\N	2023-09-14 11:05:16	2023-09-14 11:05:17
88	89	\N	5	500	{"user_id":89,"service_id":5,"pet_id":0,"pet_ids":["87"],"pet_size":2,"seats":"5","total":500,"vat":0,"discount":0,"paid_price":500,"grand_total":500,"date":"2023-09-15","status":5,"created_at":"2023-09-14 11:06:40"}	efuxy81ckb	\N	\N	\N	2023-09-14 11:06:40	2023-09-14 11:06:41
89	77	\N	5	100	{"user_id":77,"service_id":5,"pet_id":0,"pet_ids":["37"],"pet_size":2,"seats":"1","total":100,"vat":0,"discount":0,"paid_price":100,"grand_total":100,"date":"2023-09-16","status":5,"created_at":"2023-09-14 11:18:43"}	ckkdpxddd1	\N	\N	\N	2023-09-14 11:18:43	2023-09-14 11:18:44
90	122	\N	5	150	{"user_id":122,"service_id":5,"pet_id":0,"pet_ids":["86"],"pet_size":2,"seats":3,"total":150,"vat":0,"discount":0,"paid_price":150,"grand_total":150,"date":"2023-09-20","status":5,"created_at":"2023-09-18 11:14:49"}	kwj88sesti	\N	\N	\N	2023-09-18 11:14:49	2023-09-18 11:14:50
91	140	\N	5	200	{"user_id":140,"service_id":5,"pet_id":0,"pet_ids":["92"],"pet_size":2,"seats":"2","total":200,"vat":0,"discount":0,"paid_price":200,"grand_total":200,"date":"2023-09-19","status":5,"created_at":"2023-09-18 12:16:18"}	pxltlm2096	\N	\N	\N	2023-09-18 12:16:18	2023-09-18 12:16:19
92	140	\N	5	200	{"user_id":140,"service_id":5,"pet_id":0,"pet_ids":["92"],"pet_size":2,"seats":"2","total":200,"vat":0,"discount":0,"paid_price":200,"grand_total":200,"date":"2023-09-19","status":5,"created_at":"2023-09-18 12:16:22"}	965oovhw8u	\N	\N	\N	2023-09-18 12:16:22	2023-09-18 12:16:23
93	139	\N	5	100	{"user_id":139,"service_id":5,"pet_id":0,"pet_ids":["96"],"pet_size":3,"seats":"1","total":100,"vat":0,"discount":0,"paid_price":100,"grand_total":100,"date":"2023-09-19","status":5,"created_at":"2023-09-19 04:59:47"}	kq5wzxpqpa	\N	\N	\N	2023-09-19 04:59:47	2023-09-19 04:59:48
94	139	\N	5	200	{"user_id":139,"service_id":5,"pet_id":0,"pet_ids":["96"],"pet_size":3,"seats":"2","total":200,"vat":0,"discount":0,"paid_price":200,"grand_total":200,"date":"2023-09-19","status":5,"created_at":"2023-09-19 05:07:57"}	yt6kvp4n98	\N	\N	\N	2023-09-19 05:07:57	2023-09-19 05:07:58
95	139	\N	5	200	{"user_id":139,"service_id":5,"pet_id":0,"pet_ids":["88"],"pet_size":2,"seats":"2","total":200,"vat":0,"discount":0,"paid_price":200,"grand_total":200,"date":"2023-09-19","status":5,"created_at":"2023-09-19 05:10:36"}	7cazi4yqfs	\N	\N	\N	2023-09-19 05:10:36	2023-09-19 05:10:36
96	139	\N	5	200	{"user_id":139,"service_id":5,"pet_id":0,"pet_ids":["96"],"pet_size":3,"seats":"2","total":200,"vat":0,"discount":0,"paid_price":200,"grand_total":200,"date":"2023-09-19","status":5,"created_at":"2023-09-19 05:12:14"}	hcyfxzscdt	\N	\N	\N	2023-09-19 05:12:14	2023-09-19 05:12:15
97	0	\N	5	20	{"user_id":0,"service_id":5,"pet_id":0,"pet_ids":["48"],"pet_size":2,"seats":"1","total":20,"vat":0,"discount":0,"paid_price":20,"grand_total":20,"date":"2023-09-23","status":5,"created_at":"2023-09-19 05:23:07"}	7G9xz3IeNouSTHQIW8MgsTgNW	\N	\N	\N	2023-09-19 05:23:07	2023-09-19 05:23:07
98	0	\N	5	20	{"user_id":0,"service_id":5,"pet_id":0,"pet_ids":["48"],"pet_size":2,"seats":"1","total":20,"vat":0,"discount":0,"paid_price":20,"grand_total":20,"date":"2023-09-23","status":5,"created_at":"2023-09-19 05:24:57"}	fcyWkPeK3MJCpNv3ELX1P1pdA	\N	\N	\N	2023-09-19 05:24:57	2023-09-19 05:24:57
99	0	\N	5	20	{"user_id":0,"service_id":5,"pet_id":0,"pet_ids":["48"],"pet_size":2,"seats":"1","total":20,"vat":0,"discount":0,"paid_price":20,"grand_total":20,"date":"2023-09-23","status":5,"created_at":"2023-09-19 05:26:29"}	P8RcU1Sv64WZDXW42f4Sri0nv	\N	\N	\N	2023-09-19 05:26:29	2023-09-19 05:26:29
100	140	\N	5	50	{"user_id":140,"service_id":5,"pet_id":0,"pet_ids":["92"],"pet_size":2,"seats":"1","total":50,"vat":0,"discount":0,"paid_price":50,"grand_total":50,"date":"2023-09-20","status":5,"created_at":"2023-09-19 05:28:10"}	oizsebcts3	\N	\N	\N	2023-09-19 05:28:10	2023-09-19 05:28:11
101	140	\N	5	40	{"user_id":140,"service_id":5,"pet_id":0,"pet_ids":["92"],"pet_size":2,"seats":"1","total":40,"vat":0,"discount":0,"paid_price":40,"grand_total":40,"date":"2023-09-22","status":5,"created_at":"2023-09-19 05:39:08"}	vxwzdpnfsp	\N	\N	\N	2023-09-19 05:39:08	2023-09-19 05:39:09
102	108	\N	5	20	{"user_id":108,"service_id":5,"pet_id":0,"pet_ids":["94"],"pet_size":1,"seats":"1","total":20,"vat":0,"discount":0,"paid_price":20,"grand_total":20,"date":"2023-09-23","status":5,"created_at":"2023-09-19 05:51:49"}	2uho7ek0yn	\N	\N	\N	2023-09-19 05:51:49	2023-09-19 05:51:50
103	108	\N	5	20	{"user_id":108,"service_id":5,"pet_id":0,"pet_ids":["94"],"pet_size":1,"seats":"1","total":20,"vat":0,"discount":0,"paid_price":20,"grand_total":20,"date":"2023-09-23","status":5,"created_at":"2023-09-19 05:52:51"}	i48e6iupgg	\N	\N	\N	2023-09-19 05:52:51	2023-09-19 05:52:52
104	108	\N	5	40	{"user_id":108,"service_id":5,"pet_id":0,"pet_ids":["95"],"pet_size":2,"seats":1,"total":40,"vat":0,"discount":0,"paid_price":40,"grand_total":40,"date":"2023-09-22","status":5,"created_at":"2023-09-19 06:21:21"}	bg7d8s5mh1	\N	\N	\N	2023-09-19 06:21:21	2023-09-19 06:21:22
105	140	\N	5	40	{"user_id":140,"service_id":5,"pet_id":0,"pet_ids":["16"],"pet_size":2,"seats":"2","total":40,"vat":0,"discount":0,"paid_price":40,"grand_total":40,"date":"2023-09-23","slote":"2","status":5,"created_at":"2023-09-19 06:30:43"}	8fpltfmwzq	\N	\N	\N	2023-09-19 06:30:43	2023-09-19 06:30:44
106	140	\N	5	40	{"user_id":140,"service_id":5,"pet_id":0,"pet_ids":["16"],"pet_size":2,"seats":"2","total":40,"vat":0,"discount":0,"paid_price":40,"grand_total":40,"date":"2023-09-23","time_slot":"2","status":5,"created_at":"2023-09-19 06:32:31"}	k2u4lqah0l	\N	\N	\N	2023-09-19 06:32:31	2023-09-19 06:32:32
107	140	\N	5	40	{"user_id":140,"service_id":5,"pet_id":0,"pet_ids":["16"],"pet_size":2,"seats":"2","total":40,"vat":0,"discount":0,"paid_price":40,"grand_total":40,"date":"2023-09-23","slote":"2","status":5,"created_at":"2023-09-19 06:38:27"}	7pskbamkcb	\N	\N	\N	2023-09-19 06:38:27	2023-09-19 06:38:28
108	122	\N	5	90	{"user_id":122,"service_id":5,"pet_id":0,"pet_ids":["67"],"pet_size":4,"seats":1,"total":90,"vat":0,"discount":0,"paid_price":90,"grand_total":90,"date":"2023-09-21","slote":"2","status":5,"created_at":"2023-09-19 06:47:17"}	d0jqj5no1w	\N	\N	\N	2023-09-19 06:47:17	2023-09-19 06:47:18
109	108	\N	5	90	{"user_id":108,"service_id":5,"pet_id":0,"pet_ids":["95"],"pet_size":2,"seats":"1","total":90,"vat":0,"discount":0,"paid_price":90,"grand_total":90,"date":"2023-09-21","slote":0,"status":5,"created_at":"2023-09-19 07:11:59"}	nkmae4taxe	\N	\N	\N	2023-09-19 07:11:59	2023-09-19 07:12:00
110	108	\N	5	90	{"user_id":108,"service_id":5,"pet_id":0,"pet_ids":["95"],"pet_size":2,"seats":"1","total":90,"vat":0,"discount":0,"paid_price":90,"grand_total":90,"date":"2023-09-21","slote":0,"status":5,"created_at":"2023-09-19 07:35:58"}	9mdrtpty8g	\N	\N	\N	2023-09-19 07:35:58	2023-09-19 07:36:02
111	103	\N	5	50	{"user_id":103,"service_id":5,"pet_id":0,"pet_ids":["91"],"pet_size":2,"seats":"1","total":50,"vat":0,"discount":0,"paid_price":50,"grand_total":50,"date":"2023-09-20","slote":0,"status":5,"created_at":"2023-09-19 07:40:28"}	83ug3j41qk	\N	\N	\N	2023-09-19 07:40:28	2023-09-19 07:40:29
112	122	\N	5	90	{"user_id":122,"service_id":5,"pet_id":0,"pet_ids":["67"],"pet_size":4,"seats":"1","total":90,"vat":0,"discount":0,"paid_price":90,"grand_total":90,"date":"2023-09-21","slote":0,"status":5,"created_at":"2023-09-19 07:44:52"}	7u0arp8may	\N	\N	\N	2023-09-19 07:44:52	2023-09-19 07:44:53
113	122	\N	5	90	{"user_id":122,"service_id":5,"pet_id":0,"pet_ids":["67"],"pet_size":4,"seats":"1","total":90,"vat":0,"discount":0,"paid_price":90,"grand_total":90,"date":"2023-09-21","slote":0,"status":5,"created_at":"2023-09-19 07:45:47"}	id28ai15zl	\N	\N	\N	2023-09-19 07:45:47	2023-09-19 07:45:48
114	122	\N	5	90	{"user_id":122,"service_id":5,"pet_id":0,"pet_ids":["67"],"pet_size":4,"seats":"1","total":90,"vat":0,"discount":0,"paid_price":90,"grand_total":90,"date":"2023-09-21","slote":0,"status":5,"created_at":"2023-09-19 07:46:43"}	wm1ns9ceds	\N	\N	\N	2023-09-19 07:46:43	2023-09-19 07:46:44
115	103	\N	5	50	{"user_id":103,"service_id":5,"pet_id":0,"pet_ids":["91"],"pet_size":2,"seats":"1","total":50,"vat":0,"discount":0,"paid_price":50,"grand_total":50,"date":"2023-09-20","slote":0,"status":5,"created_at":"2023-09-19 07:48:47"}	yd4gyaslfk	\N	\N	\N	2023-09-19 07:48:47	2023-09-19 07:48:48
116	103	\N	5	50	{"user_id":103,"service_id":5,"pet_id":0,"pet_ids":["91"],"pet_size":2,"seats":"1","total":50,"vat":0,"discount":0,"paid_price":50,"grand_total":50,"date":"2023-09-20","slote":0,"status":5,"created_at":"2023-09-19 07:48:52"}	gc8bwr1zcv	\N	\N	\N	2023-09-19 07:48:52	2023-09-19 07:48:53
117	103	\N	5	50	{"user_id":103,"service_id":5,"pet_id":0,"pet_ids":["91"],"pet_size":2,"seats":"1","total":50,"vat":0,"discount":0,"paid_price":50,"grand_total":50,"date":"2023-09-20","slote":0,"status":5,"created_at":"2023-09-19 07:49:53"}	is2jw0cgu1	\N	\N	\N	2023-09-19 07:49:53	2023-09-19 07:49:54
118	103	\N	5	50	{"user_id":103,"service_id":5,"pet_id":0,"pet_ids":["91"],"pet_size":2,"seats":"1","total":50,"vat":0,"discount":0,"paid_price":50,"grand_total":50,"date":"2023-09-20","slote":"1","status":5,"created_at":"2023-09-19 07:53:09"}	n5wtj8gbaf	\N	\N	\N	2023-09-19 07:53:09	2023-09-19 07:53:10
119	103	\N	5	50	{"user_id":103,"service_id":5,"pet_id":0,"pet_ids":["91"],"pet_size":2,"seats":"1","total":50,"vat":0,"discount":0,"paid_price":50,"grand_total":50,"date":"2023-09-20","slote":"2","status":5,"created_at":"2023-09-19 07:54:42"}	abshk918hn	\N	\N	\N	2023-09-19 07:54:42	2023-09-19 07:54:43
120	122	\N	5	90	{"user_id":122,"service_id":5,"pet_id":0,"pet_ids":["67"],"pet_size":4,"seats":1,"total":90,"vat":0,"discount":0,"paid_price":90,"grand_total":90,"date":"2023-09-21","slote":0,"status":5,"created_at":"2023-09-19 07:56:23"}	5gofl5vhyo	\N	\N	\N	2023-09-19 07:56:23	2023-09-19 07:56:25
121	122	\N	5	50	{"user_id":122,"service_id":5,"pet_id":0,"pet_ids":["67"],"pet_size":4,"seats":1,"total":50,"vat":0,"discount":0,"paid_price":50,"grand_total":50,"date":"2023-09-20","slote":"2","status":5,"created_at":"2023-09-19 08:01:09"}	waf7apmf5y	\N	\N	\N	2023-09-19 08:01:09	2023-09-19 08:01:12
122	77	\N	5	50	{"user_id":77,"service_id":5,"pet_id":0,"pet_ids":["37"],"pet_size":2,"seats":"1","total":50,"vat":0,"discount":0,"paid_price":50,"grand_total":50,"date":"2023-09-20","slote":"1","status":5,"created_at":"2023-09-19 08:32:43"}	koy1onl0qi	\N	\N	\N	2023-09-19 08:32:43	2023-09-19 08:32:44
123	59	\N	5	50	{"user_id":59,"service_id":5,"pet_id":0,"pet_ids":["9"],"pet_size":2,"seats":"1","total":50,"vat":0,"discount":0,"paid_price":50,"grand_total":50,"date":"2023-09-20","slote":"2","status":5,"created_at":"2023-09-19 09:04:29"}	40z5km115k	\N	\N	\N	2023-09-19 09:04:29	2023-09-19 09:04:30
124	140	\N	5	90	{"user_id":140,"service_id":5,"pet_id":0,"pet_ids":["92"],"pet_size":2,"seats":"1","total":90,"vat":0,"discount":0,"paid_price":90,"grand_total":90,"date":"2023-09-21","slote":"3","status":5,"created_at":"2023-09-19 09:07:55"}	pqpe3ijti8	\N	\N	\N	2023-09-19 09:07:55	2023-09-19 09:07:56
125	140	\N	5	90	{"user_id":140,"service_id":5,"pet_id":0,"pet_ids":["92"],"pet_size":2,"seats":"1","total":90,"vat":0,"discount":0,"paid_price":90,"grand_total":90,"date":"2023-09-21","slote":"2","status":5,"created_at":"2023-09-19 09:08:14"}	4f027ipi0p	\N	\N	\N	2023-09-19 09:08:14	2023-09-19 09:08:16
126	108	\N	5	90	{"user_id":108,"service_id":5,"pet_id":0,"pet_ids":["94"],"pet_size":1,"seats":"1","total":90,"vat":0,"discount":0,"paid_price":90,"grand_total":90,"date":"2023-09-21","slote":"1","status":5,"created_at":"2023-09-19 09:08:19"}	2pyc27jjkh	\N	\N	\N	2023-09-19 09:08:19	2023-09-19 09:08:21
127	140	\N	5	90	{"user_id":140,"service_id":5,"pet_id":0,"pet_ids":["92"],"pet_size":2,"seats":"1","total":90,"vat":0,"discount":0,"paid_price":90,"grand_total":90,"date":"2023-09-21","slote":"2","status":5,"created_at":"2023-09-19 09:09:07"}	pz4avz1j9m	\N	\N	\N	2023-09-19 09:09:07	2023-09-19 09:09:09
128	140	\N	5	90	{"user_id":140,"service_id":5,"pet_id":0,"pet_ids":["92"],"pet_size":2,"seats":"1","total":90,"vat":0,"discount":0,"paid_price":90,"grand_total":90,"date":"2023-09-21","slote":"2","status":5,"created_at":"2023-09-19 09:13:14"}	qjdmxpkfwx	\N	\N	\N	2023-09-19 09:13:14	2023-09-19 09:13:15
129	140	\N	5	180	{"user_id":140,"service_id":5,"pet_id":0,"pet_ids":["92"],"pet_size":2,"seats":"2","total":180,"vat":0,"discount":0,"paid_price":180,"grand_total":180,"date":"2023-09-21","slote":"3","status":5,"created_at":"2023-09-19 09:17:12"}	l6owz8ou6m	\N	\N	\N	2023-09-19 09:17:12	2023-09-19 09:17:13
130	140	\N	5	90	{"user_id":140,"service_id":5,"pet_id":0,"pet_ids":["92"],"pet_size":2,"seats":"1","total":90,"vat":0,"discount":0,"paid_price":90,"grand_total":90,"date":"2023-09-21","slote":"2","status":5,"created_at":"2023-09-19 09:47:25"}	dc0zvu093e	\N	\N	\N	2023-09-19 09:47:25	2023-09-19 09:47:26
131	59	\N	5	10	{"user_id":59,"service_id":5,"pet_id":0,"pet_ids":["99"],"pet_size":2,"seats":"1","total":10,"vat":0,"discount":0,"paid_price":10,"grand_total":10,"date":"2023-09-24","slote":"1","status":5,"created_at":"2023-09-19 10:55:04"}	ecammqp2ru	\N	\N	\N	2023-09-19 10:55:04	2023-09-19 10:55:05
132	108	\N	5	10	{"user_id":108,"service_id":5,"pet_id":0,"pet_ids":["94"],"pet_size":1,"seats":"1","total":10,"vat":0,"discount":0,"paid_price":10,"grand_total":10,"date":"2023-09-24","slote":"1","status":5,"created_at":"2023-09-19 14:46:48"}	ig6e0vluq7	\N	\N	\N	2023-09-19 14:46:48	2023-09-19 14:46:49
133	77	\N	5	90	{"user_id":77,"service_id":5,"pet_id":0,"pet_ids":["101"],"pet_size":1,"seats":"1","total":90,"vat":0,"discount":0,"paid_price":90,"grand_total":90,"date":"2023-09-21","slote":"1","status":5,"created_at":"2023-09-19 15:07:23"}	exr3jqoyy3	\N	\N	\N	2023-09-19 15:07:23	2023-09-19 15:07:24
134	118	\N	5	10	{"user_id":118,"service_id":5,"pet_id":0,"pet_ids":["56"],"pet_size":2,"seats":"1","total":10,"vat":0,"discount":0,"paid_price":10,"grand_total":10,"date":"2023-09-24","slote":"2","status":5,"created_at":"2023-09-19 19:38:02"}	r7lomx4dl5	\N	\N	\N	2023-09-19 19:38:02	2023-09-19 19:38:03
135	146	\N	5	10	{"user_id":146,"service_id":5,"pet_id":0,"pet_ids":["103"],"pet_size":1,"seats":"1","total":10,"vat":0,"discount":0,"paid_price":10,"grand_total":10,"date":"2023-09-24","slote":"2","status":5,"created_at":"2023-09-20 08:57:45"}	7uyu1lenr3	\N	\N	\N	2023-09-20 08:57:45	2023-09-20 08:57:46
136	146	\N	5	10	{"user_id":146,"service_id":5,"pet_id":0,"pet_ids":["103"],"pet_size":1,"seats":"1","total":10,"vat":0,"discount":0,"paid_price":10,"grand_total":10,"date":"2023-09-24","slote":"2","status":5,"created_at":"2023-09-20 08:58:51"}	3t563n47hz	\N	\N	\N	2023-09-20 08:58:51	2023-09-20 08:58:52
\.


--
-- Data for Name: failed_jobs; Type: TABLE DATA; Schema: public; Owner: postgres
--

COPY public.failed_jobs (id, uuid, connection, queue, payload, exception, failed_at) FROM stdin;
\.


--
-- Data for Name: faq; Type: TABLE DATA; Schema: public; Owner: postgres
--

COPY public.faq (id, title, description, created_by, updated_by, active, created_at, updated_at) FROM stdin;
1	Can we feed raw chicken to cat	No, raw chicken and its bones is harmful for cats	1	1	1	2023-05-16 14:19:12	2023-05-16 14:19:12
2	What will you feed my dog?	We will feed your dog/cat its normal diet twice per day.	1	1	1	2023-08-21 05:07:36	2023-08-21 05:07:36
3	My dog is on a special diet. Can you feed him his own food if I bring it with me?	If your dog/cat is on a special or prescription diet, you have to provide this .	1	1	1	2023-08-21 05:08:15	2023-08-21 05:08:15
4	My dog requries medication. Can you ensure that he is given his tablets every day?	We can administer all types of medication	1	1	1	2023-08-21 05:11:24	2023-08-21 05:11:24
5	What time can I drop my pet off?	The boarding kennels are open for drop off and collection 7am to 6pm daily.	1	1	1	2023-08-21 05:13:16	2023-08-21 05:13:16
6	My dog isn't used to being alone. Will you play with and cuddle him?	Your dog/cat will get regular interaction from staff to ensure they enjoy their stay with us.	1	1	1	2023-08-21 05:13:42	2023-08-21 05:13:42
7	My dog is going to be in season - can she still board with you?	Female dogs in season can still board with us.	1	1	1	2023-08-21 05:13:59	2023-08-21 05:13:59
8	I am worried that my dog will catch something while he's with you. What steps do you take to ensure this doesn't happen?	As a fully licensed kennel we require your dog/cat to have fully up-to-date annual inoculations, plus kennel cough inoculations for dogs at least 10 days prior to their stay.  Our staff are fully trained in infection control.	1	1	1	2023-08-21 05:14:43	2023-08-21 05:14:43
9	My dog is nervous of strangers. Will you treat him sensitively?	If your dog is nervous our fully trained staff will spend time with them to relax them and to ensure they enjoy their stay with us.	1	1	1	2023-08-21 05:15:42	2023-08-21 05:15:42
10	My dog is a valuable pedigree. Can you ensure that he will be safe and secure, especially at night?	All our kennel blocks are locked at night; all our doors have five lever locking actions and we have CCTV on site, plus our own guard dogs in the central yard.	1	1	1	2023-08-21 05:16:03	2023-08-21 05:16:03
11	My dog is diabetic and needs insulin injections. Can you medicate him?	If your pet requires injections this is no problem; we have qualified staff on site.	1	1	1	2023-08-21 05:16:22	2023-08-21 05:16:22
\.


--
-- Data for Name: favourite_moda_items; Type: TABLE DATA; Schema: public; Owner: postgres
--

COPY public.favourite_moda_items (id, fav_id, product_id, product_attribute_id, moda_sub_category, user_id, created_at, updated_at, moda_category) FROM stdin;
\.


--
-- Data for Name: favourite_modas; Type: TABLE DATA; Schema: public; Owner: postgres
--

COPY public.favourite_modas (id, moda_id, user_id, created_at, updated_at) FROM stdin;
\.


--
-- Data for Name: feeding_schedules; Type: TABLE DATA; Schema: public; Owner: postgres
--

COPY public.feeding_schedules (id, name, active, deleted, created_at, updated_at) FROM stdin;
1	Two meals each day	1	0	2023-05-11 01:13:11	2023-05-11 01:13:24
2	While training	1	0	2023-05-16 14:08:54	2023-05-16 14:08:54
\.


--
-- Data for Name: food_categories; Type: TABLE DATA; Schema: public; Owner: postgres
--

COPY public.food_categories (id, name, image, banner_image, parent_id, active, deleted, sort_order, created_uid, updated_uid, created_at, updated_at) FROM stdin;
\.


--
-- Data for Name: food_category_products; Type: TABLE DATA; Schema: public; Owner: postgres
--

COPY public.food_category_products (id, food_category_id, food_product_id, created_at, updated_at) FROM stdin;
\.


--
-- Data for Name: food_headings; Type: TABLE DATA; Schema: public; Owner: postgres
--

COPY public.food_headings (id, name, active, deleted, created_at, updated_at) FROM stdin;
\.


--
-- Data for Name: food_items; Type: TABLE DATA; Schema: public; Owner: postgres
--

COPY public.food_items (id, name, active, deleted, created_at, updated_at) FROM stdin;
\.


--
-- Data for Name: food_menu_products; Type: TABLE DATA; Schema: public; Owner: postgres
--

COPY public.food_menu_products (id, food_menu_id, food_product_id, created_at, updated_at) FROM stdin;
\.


--
-- Data for Name: food_product_combo_items; Type: TABLE DATA; Schema: public; Owner: postgres
--

COPY public.food_product_combo_items (id, food_product_combo_id, food_item_id, is_default, extra_price, created_at, updated_at) FROM stdin;
\.


--
-- Data for Name: food_product_combos; Type: TABLE DATA; Schema: public; Owner: postgres
--

COPY public.food_product_combos (id, food_product_id, food_heading_id, is_required, min_select, max_select, created_at, updated_at) FROM stdin;
\.


--
-- Data for Name: food_products; Type: TABLE DATA; Schema: public; Owner: postgres
--

COPY public.food_products (id, vendor_id, shared_product, store_id, is_editable_by_outlets, product_name, regular_price, sale_price, is_veg, promotion, product_images, description, deleted, product_status, created_at, updated_at, pieces) FROM stdin;
\.


--
-- Data for Name: foods; Type: TABLE DATA; Schema: public; Owner: postgres
--

COPY public.foods (id, name, image, active, deleted, created_at, updated_at) FROM stdin;
1	Pellet	\N	1	0	2023-05-16 04:49:05	2023-05-16 04:49:05
2	Pet Treat	168423683864636a26c7798_img.png	1	0	2023-05-16 11:33:58	2023-05-16 11:34:12
3	test1	\N	1	0	2023-08-04 12:07:30	2023-08-04 12:07:30
4	test2	\N	1	0	2023-08-04 12:07:38	2023-08-04 12:07:38
5	test3	\N	1	0	2023-08-04 12:07:47	2023-08-04 12:07:47
6	test4	\N	1	0	2023-08-04 12:07:56	2023-08-04 12:07:56
7	test5	\N	1	0	2023-08-18 07:58:50	2023-08-18 07:58:50
8	test6	\N	1	0	2023-08-18 07:59:02	2023-08-18 07:59:02
21	test 20	\N	0	0	2023-08-18 08:03:08	2023-08-18 08:04:57
20	test 19	\N	0	0	2023-08-18 08:02:58	2023-08-18 08:05:01
19	test 18	\N	0	0	2023-08-18 08:02:50	2023-08-18 08:05:05
18	test 17	\N	0	0	2023-08-18 08:02:40	2023-08-18 08:05:11
17	test 16	\N	0	0	2023-08-18 08:02:31	2023-08-18 08:05:14
16	test 15	\N	0	0	2023-08-18 08:02:22	2023-08-18 08:05:17
15	test14	\N	0	0	2023-08-18 08:02:14	2023-08-18 08:05:20
14	test 113	\N	0	0	2023-08-18 08:02:02	2023-08-18 08:05:23
13	test12	\N	0	0	2023-08-18 08:00:47	2023-08-18 08:05:27
12	test11	\N	0	0	2023-08-18 08:00:39	2023-08-18 08:05:32
11	test 10	\N	0	0	2023-08-18 08:00:13	2023-08-18 08:07:50
10	test 9	\N	0	0	2023-08-18 07:59:28	2023-08-18 08:07:53
9	test 8	\N	0	0	2023-08-18 07:59:15	2023-08-18 08:07:56
\.


--
-- Data for Name: groomer_calender_temps; Type: TABLE DATA; Schema: public; Owner: postgres
--

COPY public.groomer_calender_temps (id, groomer_id, event_date, start_time, end_time, device_id, event_title, created_at, updated_at) FROM stdin;
2	1	2023-07-04	00:30:00	01:00:00	64b8dfdc702581689837532	\N	2023-07-20 07:19:10	2023-07-20 07:19:10
10	2	2023-08-07	00:00:00	23:30:00	64d09bf4cd8d91691393012	\N	2023-08-07 07:23:45	2023-08-07 07:23:45
11	2	2023-08-08	00:00:00	23:30:00	64d09bf4cd8d91691393012	\N	2023-08-07 07:23:53	2023-08-07 07:23:53
14	2	2023-08-17	09:00:00	15:00:00	64ddb641242111692251713	\N	2023-08-17 05:55:34	2023-08-17 05:55:34
15	2	2023-08-18	05:30:00	23:00:00	64ddbaf11a1071692252913	\N	2023-08-17 06:15:31	2023-08-17 06:15:31
16	2	2023-08-17	14:30:00	20:00:00	64ddbaf11a1071692252913	\N	2023-08-17 06:15:46	2023-08-17 06:15:46
17	2	2023-08-19	08:30:00	18:30:00	64ddbaf11a1071692252913	\N	2023-08-17 06:16:01	2023-08-17 06:16:01
39	4	2023-09-20	08:00:00	20:30:00	6509c474e2f6a1695138932	\N	2023-09-19 15:55:49	2023-09-19 15:55:49
40	3	2023-09-20	06:00:00	18:00:00	6509c4bab838b1695139002	\N	2023-09-19 15:56:56	2023-09-19 15:56:56
\.


--
-- Data for Name: groomer_calenders; Type: TABLE DATA; Schema: public; Owner: postgres
--

COPY public.groomer_calenders (id, groomer_id, event_date, start_time, end_time, event_title, created_at, updated_at) FROM stdin;
1	1	2023-06-25	07:00:00	10:00:00	\N	2023-06-22 07:04:27	2023-06-22 07:04:27
2	1	2023-07-26	08:00:00	14:30:00	\N	2023-07-24 12:33:25	2023-07-24 12:33:25
3	1	2023-07-26	15:00:00	18:00:00	\N	2023-07-24 12:33:25	2023-07-24 12:33:25
4	1	2023-07-27	17:00:00	20:00:00	\N	2023-07-24 12:33:25	2023-07-24 12:33:25
5	1	2023-08-01	02:00:00	08:30:00	\N	2023-07-27 09:55:15	2023-07-27 09:55:15
6	1	2023-07-29	02:00:00	08:30:00	\N	2023-07-27 09:56:06	2023-07-27 09:56:06
8	2	2023-08-03	10:00:00	23:30:00	\N	2023-08-03 07:24:45	2023-08-03 07:26:33
9	2	2023-08-07	00:00:00	23:30:00	\N	2023-08-07 07:44:51	2023-08-07 07:44:51
10	2	2023-08-08	00:00:00	23:30:00	\N	2023-08-07 07:44:51	2023-08-07 07:44:51
11	2	2023-08-17	14:30:00	20:00:00	\N	2023-08-17 06:16:37	2023-08-17 06:16:37
12	2	2023-08-18	13:30:00	22:30:00	\N	2023-08-17 06:16:37	2023-08-17 06:16:37
13	1	2023-08-23	08:00:00	12:30:00	\N	2023-08-17 08:58:40	2023-08-17 08:58:40
14	3	2023-08-21	09:00:00	11:00:00	\N	2023-08-18 13:08:59	2023-08-18 13:08:59
15	4	2023-08-21	09:00:00	11:00:00	\N	2023-08-18 13:09:29	2023-08-18 13:09:29
16	2	2023-08-21	09:00:00	11:00:00	\N	2023-08-18 13:10:01	2023-08-18 13:10:01
17	1	2023-08-21	09:00:00	11:00:00	\N	2023-08-18 13:10:27	2023-08-18 13:10:27
18	4	2023-08-22	09:00:00	13:00:00	\N	2023-08-19 05:31:21	2023-08-19 05:31:21
19	3	2023-08-22	08:00:00	13:00:00	\N	2023-08-19 05:31:47	2023-08-19 05:31:47
20	4	2023-08-23	09:00:00	18:00:00	\N	2023-08-21 06:02:59	2023-08-21 06:02:59
21	3	2023-08-23	09:00:00	18:00:00	\N	2023-08-21 06:03:34	2023-08-21 06:03:34
22	4	2023-09-14	00:00:00	23:30:00	\N	2023-09-14 08:37:16	2023-09-14 08:37:16
23	4	2023-09-15	00:00:00	23:30:00	\N	2023-09-14 08:37:16	2023-09-14 08:37:16
24	2	2023-09-14	00:00:00	23:30:00	\N	2023-09-14 09:12:06	2023-09-14 09:12:06
25	2	2023-09-15	00:00:00	23:30:00	\N	2023-09-14 09:12:06	2023-09-14 09:12:06
26	2	2023-09-16	00:00:00	23:30:00	\N	2023-09-14 09:12:06	2023-09-14 09:12:06
27	4	2023-09-16	00:00:00	23:00:00	\N	2023-09-15 10:09:54	2023-09-15 10:09:54
28	4	2023-09-17	03:00:00	22:30:00	\N	2023-09-16 10:03:35	2023-09-16 10:03:35
29	4	2023-09-18	05:00:00	23:30:00	\N	2023-09-16 10:03:36	2023-09-16 10:03:36
30	3	2023-09-18	02:00:00	23:00:00	\N	2023-09-16 10:26:31	2023-09-16 10:26:31
31	4	2023-09-19	00:00:00	23:00:00	\N	2023-09-18 08:35:44	2023-09-18 08:35:44
32	2	2023-09-29	08:30:00	21:00:00	\N	2023-09-19 15:58:21	2023-09-19 15:58:21
\.


--
-- Data for Name: groomers; Type: TABLE DATA; Schema: public; Owner: postgres
--

COPY public.groomers (id, name, sunday, sun_from, sun_to, monday, mon_from, mon_to, tuesday, tues_from, tues_to, wednesday, wed_from, wed_to, thursday, thurs_from, thurs_to, friday, fri_from, fri_to, saturday, sat_from, sat_to, vendor, active, deleted, created_at, updated_at, image) FROM stdin;
1	tom	1	01:00 am	01:30 am	0	00:00	00:00	0	00:00	00:00	1	08:30 am	04:30 pm	1	08:30 am	04:30 pm	0	00:00	00:00	0	00:00	00:00	3	1	0	2023-05-11 01:16:00	2023-08-18 13:10:27	\N
3	raj	0	00:00	00:00	0	00:00	00:00	0	00:00	00:00	0	00:00	00:00	0	00:00	00:00	0	00:00	00:00	0	00:00	00:00	3	1	0	2023-08-18 13:08:59	2023-09-16 10:26:31	\N
4	dev	0	00:00	00:00	0	00:00	00:00	0	00:00	00:00	0	00:00	00:00	0	00:00	00:00	0	00:00	00:00	0	00:00	00:00	3	1	0	2023-08-18 13:09:29	2023-09-18 08:35:44	\N
2	sahla Groomer	0	00:00	00:00	0	00:00	00:00	0	00:00	00:00	0	00:00	00:00	0	00:00	00:00	0	00:00	00:00	0	00:00	00:00	3	1	0	2023-08-03 07:20:21	2023-09-19 15:58:21	169104722164cb5535ccf23_img.jpg
\.


--
-- Data for Name: grooming_types; Type: TABLE DATA; Schema: public; Owner: postgres
--

COPY public.grooming_types (id, name, active, deleted, created_at, updated_at) FROM stdin;
1	Nail Clipping	1	0	2023-05-16 14:09:18	2023-05-16 14:09:18
2	Hair Trimming	1	0	2023-05-16 14:09:31	2023-05-16 14:10:18
3	Wash	1	0	2023-08-03 05:44:36	2023-08-17 09:04:43
\.


--
-- Data for Name: hair_colors; Type: TABLE DATA; Schema: public; Owner: postgres
--

COPY public.hair_colors (id, name, color, active, deleted, created_at, updated_at) FROM stdin;
\.


--
-- Data for Name: hash_tags; Type: TABLE DATA; Schema: public; Owner: postgres
--

COPY public.hash_tags (id, tag, created_at, updated_at) FROM stdin;
\.


--
-- Data for Name: help; Type: TABLE DATA; Schema: public; Owner: postgres
--

COPY public.help (id, title, description, created_by, updated_by, active, created_at, updated_at) FROM stdin;
1	How can I order the out of stock products	We will email you once it is back in stock and share the link to the product and you can order from there	1	1	1	2023-05-16 14:20:23	2023-05-16 14:20:23
2	How can start using the app	We began our Community Project two years ago with the goal of creating a stronger community at St PETERS SCHOOL. We have been working to help families connect with each other and participate in our community life, including academic and social events. Building on our progress, we are now excited to announce the creation of the Community Engagement Committee. Its mission will be to continue our efforts to build a committed, dynamic, participatory, supportive, welcoming, and inclusive school community through four lines of work:\r\n\r\nWelcome: We want to work on giving a warm welcome to new families and fostering connections between all members of our community to create strong and lasting bonds.\r\nSchool and social events: We would like our community to participate in the organization of school events such as International Day, Septembers Welcome Day, the Christmas Fair, Halloween, and the Book Fair or the upcoming Bonasport Competition. Additionally, we want to involve you in all social events that help us strengthen the St. Peters community.\r\nVolunteering: We love it when parents and family members participate in classes and organise activities in collaboration with teachers. Would you like to get involved?\r\nCommunication: One of our goals is to encourage community participation in the communication of school and social events.\r\nParents or family members interested in joining the committee can attend the informative morning coffee session on Wednesday 24th of May, at 15:00h or sign up by email at cescorcia@stpeters.es. We look forward to continuing to work together to build an even stronger and more vibrant community at St PETERS.	1	1	1	2023-05-31 11:54:28	2023-05-31 11:54:28
3	Qs1	We began our Community Project two years ago with the goal of creating a stronger community at St PETERS SCHOOL. We have been working to help families connect with each other and participate in our community life, including academic and social events. Building on our progress, we are now excited to announce the creation of the Community Engagement Committee. Its mission will be to continue our efforts to build a committed, dynamic, participatory, supportive, welcoming, and inclusive school community through four lines of work:\r\n\r\nWelcome: We want to work on giving a warm welcome to new families and fostering connections between all members of our community to create strong and lasting bonds.\r\nSchool and social events: We would like our community to participate in the organization of school events such as International Day, Septembers Welcome Day, the Christmas Fair, Halloween, and the Book Fair or the upcoming Bonasport Competition. Additionally, we want to involve you in all social events that help us strengthen the St. Peters community.\r\nVolunteering: We love it when parents and family members participate in classes and organise activities in collaboration with teachers. Would you like to get involved?\r\nCommunication: One of our goals is to encourage community participation in the communication of school and social events.\r\nParents or family members interested in joining the committee can attend the informative morning coffee session on Wednesday 24th of May, at 15:00h or sign up by email at cescorcia@stpeters.es. We look forward to continuing to work together to build an even stronger and more vibrant community at St PETERS.	1	1	1	2023-05-31 11:54:50	2023-05-31 11:54:50
4	Qs2	We began our Community Project two years ago with the goal of creating a stronger community at St PETERS SCHOOL. We have been working to help families connect with each other and participate in our community life, including academic and social events. Building on our progress, we are now excited to announce the creation of the Community Engagement Committee. Its mission will be to continue our efforts to build a committed, dynamic, participatory, supportive, welcoming, and inclusive school community through four lines of work:\r\n\r\nWelcome: We want to work on giving a warm welcome to new families and fostering connections between all members of our community to create strong and lasting bonds.\r\nSchool and social events: We would like our community to participate in the organization of school events such as International Day, Septembers Welcome Day, the Christmas Fair, Halloween, and the Book Fair or the upcoming Bonasport Competition. Additionally, we want to involve you in all social events that help us strengthen the St. Peters community.\r\nVolunteering: We love it when parents and family members participate in classes and organise activities in collaboration with teachers. Would you like to get involved?\r\nCommunication: One of our goals is to encourage community participation in the communication of school and social events.\r\nParents or family members interested in joining the committee can attend the informative morning coffee session on Wednesday 24th of May, at 15:00h or sign up by email at cescorcia@stpeters.es. We look forward to continuing to work together to build an even stronger and more vibrant community at St PETERS.	1	1	1	2023-05-31 11:55:02	2023-05-31 11:55:02
5	Qs3	We began our Community Project two years ago with the goal of creating a stronger community at St PETERS SCHOOL. We have been working to help families connect with each other and participate in our community life, including academic and social events. Building on our progress, we are now excited to announce the creation of the Community Engagement Committee. Its mission will be to continue our efforts to build a committed, dynamic, participatory, supportive, welcoming, and inclusive school community through four lines of work:\r\n\r\nWelcome: We want to work on giving a warm welcome to new families and fostering connections between all members of our community to create strong and lasting bonds.\r\nSchool and social events: We would like our community to participate in the organization of school events such as International Day, Septembers Welcome Day, the Christmas Fair, Halloween, and the Book Fair or the upcoming Bonasport Competition. Additionally, we want to involve you in all social events that help us strengthen the St. Peters community.\r\nVolunteering: We love it when parents and family members participate in classes and organise activities in collaboration with teachers. Would you like to get involved?\r\nCommunication: One of our goals is to encourage community participation in the communication of school and social events.\r\nParents or family members interested in joining the committee can attend the informative morning coffee session on Wednesday 24th of May, at 15:00h or sign up by email at cescorcia@stpeters.es. We look forward to continuing to work together to build an even stronger and more vibrant community at St PETERS.	1	1	1	2023-05-31 11:55:15	2023-05-31 11:55:15
\.


--
-- Data for Name: hide_posts; Type: TABLE DATA; Schema: public; Owner: postgres
--

COPY public.hide_posts (id, user_id, post_id, created_at, updated_at) FROM stdin;
\.


--
-- Data for Name: hide_stories; Type: TABLE DATA; Schema: public; Owner: postgres
--

COPY public.hide_stories (id, user_id, hidden_user_id, created_at, updated_at) FROM stdin;
\.


--
-- Data for Name: industry_types; Type: TABLE DATA; Schema: public; Owner: postgres
--

COPY public.industry_types (id, name, active, deleted, sort_order, created_uid, updated_uid, created_at, updated_at) FROM stdin;
2	Pet toy	1	0	0	1	1	2023-05-16 13:53:46	2023-05-16 14:02:33
1	Pet Care	1	0	0	1	1	2023-05-10 12:48:36	2023-05-16 14:04:38
3	Pet Food	1	0	0	1	1	2023-05-16 14:04:49	2023-05-16 14:04:49
\.


--
-- Data for Name: insurance_providers; Type: TABLE DATA; Schema: public; Owner: postgres
--

COPY public.insurance_providers (id, name, active, deleted, created_at, updated_at) FROM stdin;
\.


--
-- Data for Name: menu_item_types; Type: TABLE DATA; Schema: public; Owner: postgres
--

COPY public.menu_item_types (id, title, is_active, created_at, updated_at) FROM stdin;
\.


--
-- Data for Name: menu_items; Type: TABLE DATA; Schema: public; Owner: postgres
--

COPY public.menu_items (id, menu_id, menu_item_type_id, title, image, description, price, quantity, created_at, updated_at) FROM stdin;
\.


--
-- Data for Name: menus; Type: TABLE DATA; Schema: public; Owner: postgres
--

COPY public.menus (id, vendor_id, about, subtitle, created_at, updated_at) FROM stdin;
\.


--
-- Data for Name: message_privacies; Type: TABLE DATA; Schema: public; Owner: postgres
--

COPY public.message_privacies (id, user_id, privacy_id, show_nottifcation, created_at, updated_at) FROM stdin;
\.


--
-- Data for Name: migrations; Type: TABLE DATA; Schema: public; Owner: postgres
--

COPY public.migrations (id, migration, batch) FROM stdin;
1	0000_00_00_000000_create_websockets_statistics_entries_table	1
2	2014_10_12_000000_create_users_table	1
3	2014_10_12_100000_create_password_resets_table	1
4	2019_08_19_000000_create_failed_jobs_table	1
5	2019_12_14_000001_create_personal_access_tokens_table	1
6	2022_07_22_072324_create_country_models_table	1
7	2022_07_28_095424_create_category_table	1
8	2022_07_29_113349_create_products_table	1
9	2022_07_29_115922_create_product_attributes_table	1
10	2022_07_29_121226_create_product_images_table	1
11	2022_08_01_044301_add_deleted_to_country_table	1
12	2022_08_01_052546_create_industry_types_table	1
13	2022_08_01_072954_create_attributes_table	1
14	2022_08_01_081612_create_attribute_type_table	1
15	2022_08_01_105755_create_attribute_values_table	1
16	2022_08_03_162220_create_users_role_table	1
17	2022_08_04_085250_create_states_table	1
18	2022_08_04_085323_create_cities_table	1
19	2022_08_04_102446_create_stores_table	1
20	2022_08_04_153341_update_users_table	1
21	2022_08_05_041320_create_vendor_details	1
22	2022_08_05_044559_create_bank_details	1
23	2022_08_05_055145_create_store_images_table	1
24	2022_08_05_162828_add_active_to_users	1
25	2022_08_05_165055_add_deleted_to_users	1
26	2022_08_06_042655_add_industry_type_to_vendor_details	1
27	2022_08_06_052804_update_vendor_details_table	1
28	2022_08_06_053808_alter_table_vendor_details_change_chamber_of_commerce_doc	1
29	2022_08_06_071210_alter_product_attribute_add_extra	1
30	2022_08_06_072956_alter_product_images_add_attribute_id	1
31	2022_08_06_155049_update_bank_details_table	1
32	2022_08_10_034617_alter_table_vendor_details_change_homedelivery	1
33	2022_08_10_153155_create_app_banners	1
34	2022_08_11_065227_create_articles	1
35	2022_08_11_071259_create_faq	1
36	2022_08_11_162220_create_bank	1
37	2022_08_14_152538_create_contact_us_settings	1
38	2022_08_14_154810_create_settings	1
39	2022_08_14_160604_create_notifications	1
40	2022_08_16_151905_create_product	1
41	2022_08_16_160300_add_display_name_to_users	1
42	2022_08_16_160422_add_business_name_to_users	1
43	2022_08_16_163007_create_product_attribute	1
44	2022_08_16_163708_create_product_attribute_values	1
45	2022_08_17_105931_create_product_category	1
46	2022_08_17_111528_drop_product_attributes	1
47	2022_08_17_113326_create_product_selected_attribute_list	1
48	2022_08_17_114730_create_product_docs	1
49	2022_08_17_143257_create_order_products	1
50	2022_08_17_144802_create_product_specifications	1
51	2022_08_17_145318_create_product_variations	1
52	2022_08_19_041937_create_brand	1
53	2022_08_19_042907_add_deleted_to_brand	1
54	2022_08_19_103034_alter_table_product_attribute_change_attribute_type	1
55	2022_08_19_103645_alter_table_product_attribute_change_is_deleted	1
56	2022_08_19_121718_alter_table_product_attribute_values_change_attribute_value_color	1
57	2022_08_19_121948_alter_table_product_attribute_values_change_attribute_value_label	1
58	2022_08_19_124250_create_product_selected_attributes_table	1
59	2022_08_20_050413_add_brand_to_product	1
60	2022_08_23_124030_create_bank_code_types	1
61	2022_08_24_035518_create_store_managers_types	1
62	2022_08_24_081624_add_columns_to_users_table	1
63	2022_08_25_093923_create_posts_table	1
64	2022_08_25_102809_create_post_users_table	1
65	2022_08_26_075605_create_post_likes_table	1
66	2022_08_26_083919_create_post_comments_table	1
67	2022_08_26_094609_create_comment_taged_users_table	1
68	2022_08_26_120123_alter_post_commets_add_extra	1
69	2022_08_26_131152_create_comment_likes_table	1
70	2022_08_27_182018_add_store_id_to_product	1
71	2022_08_29_020455_add_vendor_to_users	1
72	2022_08_30_023652_add_commission_to_stores	1
73	2022_08_30_035602_create_store_likes_table	1
74	2022_08_30_035706_create_product_likes_table	1
75	2022_08_30_053123_create_user_follows_table	1
76	2022_08_30_083554_add_vendor_id_column_to_store_managers_types	1
77	2022_08_30_110300_alter_user_add_about_me	1
78	2022_08_30_113554_alter_post_add_post_status	1
79	2022_08_31_175858_add_verified_to_users	1
80	2022_09_01_093209_create_coupon	1
81	2022_09_02_042305_create_amount_type	1
82	2022_09_02_062335_add_applied_to_coupon	1
83	2022_09_02_070349_create_designation_table	1
84	2022_09_02_105714_add_columns_to_user_table	1
85	2022_09_02_151343_create_coupon_category	1
86	2022_09_02_162532_create_user_privileges_table	1
87	2022_09_03_060222_create_product_temp_image	1
88	2022_09_03_093842_alter_product_attribute_change_attribute_type	1
89	2022_09_04_035948_create_admin_designation	1
90	2022_09_04_144626_create_cart_table	1
91	2022_09_05_073828_add_tax_percentage_to_settings_table	1
92	2022_09_05_094102_remove_unique_phone_from_users_table	1
93	2022_09_06_011715_create_orders	1
94	2022_09_07_014840_add_start_date_coupon	1
95	2022_09_07_015521_add_minimum_amount_coupon	1
96	2022_09_08_010349_create_user_adresses_table	1
97	2022_09_08_024755_create_temp_order_products_table	1
98	2022_09_08_024821_create_temp_orders_table	1
99	2022_09_08_035231_alter_order_products	1
100	2022_09_08_042318_create_payment_report_table	1
101	2022_09_12_124711_drop_amount_type	1
102	2022_09_12_124846_amount_type	1
103	2022_09_13_043222_create_moda_main_categories_table	1
104	2022_09_13_043731_create_moda_sub_categories_table	1
105	2022_09_13_063112_create_hair_colors_table	1
106	2022_09_13_063148_create_skin_colors_table	1
107	2022_09_13_094928_alter_product_add_moda_categories	1
108	2022_09_13_100148_alter_users_add_extra	1
109	2022_09_14_052904_create_store_type_table	1
110	2022_09_14_072323_create_wallet_histories_table	1
111	2022_09_14_072738_alter_users_add_wallet_amount	1
112	2022_09_14_102301_create_my_moda_table	1
113	2022_09_14_104738_create_my_moda_items_table	1
114	2022_09_16_045220_create_post_saves_table	1
115	2022_09_17_060127_alter_posts_add_visibity	1
116	2022_09_19_041614_add_password_reset_code	1
117	2022_09_19_132546_create_help_table	1
118	2022_09_19_141934_add_land_mark	1
119	2022_09_20_094958_add_size_chart	1
120	2022_09_20_114010_add_store_type	1
121	2022_09_21_044300_alter_table_user_privileges_change_user_privileges	1
122	2022_09_21_063311_alter_post_add_extra_image_names	1
123	2022_09_22_062135_create_hide_posts_table	1
124	2022_09_23_043209_drop_brand_from_product	1
125	2022_09_23_043512_add_brand	1
126	2022_09_27_010402_alter_user_add_reset_otp	1
127	2022_09_29_082451_create_wallet_payment_report_table	1
128	2022_09_29_092516_alter_wallet_histories_table_add_pay_method	1
129	2022_10_04_014612_add_return_policy_fields_to_store_table	1
130	2022_10_04_021553_create_profile_bios_table	1
131	2022_10_06_050146_create_favourite_modas_table	1
132	2022_10_06_050331_create_favourite_moda_items_table	1
133	2022_10_06_051237_add_category_to_favourite_moda_items	1
134	2022_10_13_022919_create_coupon_histories_table	1
135	2022_10_13_023759_add_coupon_code_to_temp_order	1
136	2022_10_13_023815_add_coupon_code_to_order	1
137	2022_10_13_041211_alter_user_follows_add_request_status	1
138	2022_10_15_085230_create_stories_table	1
139	2022_10_15_093357_create_story_mentionsses_table	1
140	2022_10_17_092929_create_bad_words_table	1
141	2022_10_17_094023_alter_posts_add_is_exist_bad_word_details	1
142	2022_10_18_040929_create_hide_stories_table	1
143	2022_10_18_044111_create_block_users_table	1
144	2022_10_18_090055_create_user_reports_table	1
145	2022_10_18_123905_create_message_privacies_table	1
146	2022_10_18_124906_alter_user_add_message_privacy_settings	1
147	2022_10_21_013915_add_influencer_det_to_cart	1
148	2022_10_24_090639_create_story_likes_table	1
149	2022_10_24_100922_create_mute_stories_table	1
150	2022_10_28_013453_add_commission_to_users	1
151	2022_11_03_171934_alter_user_reports_add_problem_id	1
152	2022_11_04_125618_alter_stories_add_live_details	1
153	2022_11_05_032320_alter_product_add_return_fields	1
154	2022_11_07_024859_alter_settings_add_moda_commission	1
155	2022_11_08_013231_create_public_business_infos_table	1
156	2022_11_08_013303_create_hash_tags_table	1
157	2022_11_08_014755_add_public_business_info_to_user	1
158	2022_11_15_034933_alter_order_products_add_cols	1
159	2022_11_15_052452_alter_order_products_add_cols2	1
160	2022_11_15_083639_alter_post_comments_add_bad_words_col	1
161	2022_11_17_110723_create_user_locations	1
162	2022_11_17_112757_alter_posts_add_disable_comment	1
163	2022_11_22_010927_add_social_links_in_user	1
164	2022_11_22_012635_add_is_social_to_user	1
165	2022_11_22_013629_add_twitter_url_to_user	1
166	2022_11_23_162258_add_colors_to_my_moda	1
167	2022_11_23_170754_create_post_reports_table	1
168	2022_11_24_035925_create_story_views_table	1
169	2022_11_29_091420_create_post_files_table	1
170	2022_11_29_112711_create_user_favorites_table	1
171	2022_12_03_041816_create_nottification_tracks_table	1
172	2022_12_03_063824_alter_nottification_track_add_key_id	1
173	2022_12_06_010546_add_tiktok_url_to_user	1
174	2022_12_08_011010_create_story_reports_table	1
175	2022_12_12_033723_add_location_name_to_user_locations	1
176	2022_12_13_014746_add_influencer_det_to_temp_order_products	1
177	2022_12_13_014815_add_influencer_det_to_order_products	1
178	2022_12_13_142001_alter_stores_add_sort_order	1
179	2022_12_13_153929_alter_post_files_add_duration	1
180	2022_12_16_093416_create_user_profile_view_insights_table	1
181	2022_12_16_105646_create_post_view_insights_table	1
182	2022_12_27_082326_add_thumb_image_to_posts	1
183	2022_12_27_125550_update_user_address_table	1
184	2022_12_29_024630_alter_post_files_add_thumb_image	1
185	2023_01_03_052708_alter_post_files_add_hls	1
186	2023_01_21_074705_create_account_type_table	1
187	2023_01_21_075655_add_user_type_id_to_users_table	1
188	2023_01_21_094955_add_iban_code_to_bank_details	1
189	2023_01_23_075655_add_activity_type_id_to_users_table	1
190	2023_01_23_131043_create_activity_type_table	1
191	2023_01_24_032855_add_fields_to_user	1
192	2023_01_24_040319_add_address_to_users	1
193	2023_01_24_045910_create_user_vehicle_table	1
194	2023_02_22_075208_add_business_type_id_in_users_table	1
195	2023_02_22_190842_create_menus_table	1
196	2023_02_22_191206_create_menu_item_types_table	1
197	2023_02_22_191212_create_menu_items_table	1
198	2023_02_23_095622_create_wholesale_orders_table	1
199	2023_02_23_100849_create_wholesale_order_items_table	1
200	2023_02_24_053308_create_service_requests_table	1
201	2023_02_24_054539_create_service_request_images_table	1
202	2023_02_24_073249_create_service_request_status_descriptions_table	1
203	2023_02_24_102047_add_activity_id_in_activity_types_table	1
204	2023_03_03_013517_create_videos_table	1
205	2023_03_03_014631_create_photos_table	1
206	2023_03_04_005326_alter_wholesale_orders_add_admin_commission	1
207	2023_03_04_005543_alter_users_add_admin_commission_perc	1
208	2023_03_04_021943_alter_users_change_res_phone	1
209	2023_03_09_124202_add_residence_no	1
210	2023_04_05_041742_alter_table_users_add_rating_rated_count	1
211	2023_04_05_054716_alter_cart_add_user_id_default_value	1
212	2023_04_06_063001_create_coupon_products_table	1
213	2023_04_06_093320_alter_table_temp_orders_add_deligate	1
214	2023_04_10_064941_alter_orders_add_store_id	1
215	2023_04_11_115718_add_account_id_and_activity_id_columns	1
216	2023_04_13_055543_create_deligates_table	1
217	2023_04_13_074120_create_update_account_types	1
218	2023_04_14_090012_alter_order_and_temporder_add_deligate_to_integer	1
219	2023_04_17_050655_create_order_status_histroys_table	1
220	2023_04_17_115907_alter_payment_report_add_extra	1
221	2023_04_18_045607_alter_orders_add_order_otp	1
222	2023_04_19_042326_ater_product_likes_add_product_attribute_id	1
223	2023_04_19_051420_alter_orders_add_rating_fields	1
224	2023_04_20_131036_alter_user_add_banner_image	1
225	2023_04_27_061440_create_food_categories_table	1
226	2023_04_27_081152_create_food_products_table	1
227	2023_04_27_110429_create_food_category_products_table	1
228	2023_04_27_110441_create_food_menu_products_table	1
229	2023_04_28_055018_create_food_headings_table	1
230	2023_04_28_055056_create_food_items_table	1
231	2023_04_28_071321_alter_users_add_hide_profile	1
232	2023_04_28_111835_create_food_product_combos_table	1
233	2023_04_28_111843_create_food_product_combo_items_table	1
234	2023_04_29_104338_alter_orders_add_driver_muted	1
235	2023_04_29_123035_change_food_product_combo_items_constraint	1
236	2023_05_02_123034_alter_deligates_add_shipping_charge	1
237	2023_05_03_054833_alter_service_request_add_extra	1
238	2023_05_03_062139_add_pieces_to_food_products_table	1
239	2023_05_03_072823_create_cart_food_table	1
240	2023_05_09_014726_create_breeds_table	2
241	2023_05_09_014905_create_insurance_providers_table	2
242	2023_05_09_021728_create_my_pets_table	2
243	2023_05_10_003833_create_species_table	3
244	2023_05_10_003921_change_col_type_in_my_pets	3
245	2023_05_10_004104_alter_breeds_add_species	3
246	2023_05_10_021005_create_doctors_table	3
247	2023_05_10_111007_create_groomers_table	4
248	2023_05_10_180728_create_appointment_types_table	5
249	2023_05_11_003123_create_feeding_schedules_table	5
250	2023_05_11_003958_create_services_table	5
251	2023_05_11_011937_create_service_quotes_table	6
252	2023_05_11_114159_create_vendor_service_timings_table	7
253	2023_05_15_002505_alter_doctors_cols	8
254	2023_05_15_010530_alter_groomers_add_col	8
255	2023_05_15_011620_create_grooming_types_table	8
256	2023_05_15_013030_create_playtime_staffs_table	8
257	2023_05_15_023030_create_food_table	9
258	2023_05_16_053527_alter_service_quotes_add_cols	10
259	2023_05_16_061659_alter_service_quotes_add_cols_1	11
260	2023_05_20_025426_alter_cart_del_cols	12
261	2023_05_20_044403_alter_app_banners_add_cols	13
262	2023_05_22_014622_alter_address_table	14
263	2023_05_22_024709_alter_temp_order_products_add_cols	14
264	2023_05_22_024741_alter_order_products_add_cols1	14
265	2023_05_29_012937_alter_my_pets_add_col	15
266	2023_05_31_020328_alter_product_add_col	16
267	2023_06_01_020145_alter_notifications_table	17
268	2023_06_02_084427_create_doctor_calenders_table	18
269	2023_06_02_093337_create_doctor_calender_temps_table	18
270	2023_06_06_012222_alter_services_add_col	19
271	2023_06_08_021929_alter_my_pets_add_col1	20
272	2023_06_09_011908_create_room_types_table	21
273	2023_06_09_011956_create_appointment_times_table	21
274	2023_06_09_022614_alter_breeds_add_col	21
275	2023_06_15_012606_alter_service_quotes_add_col2	22
276	2023_06_17_033950_create_service_pets_table	23
277	2023_06_19_010946_create_contact_us_table	24
278	2023_06_20_005942_alter_service_quotes_add_col3	25
279	2023_06_20_010733_create_service_foods_table	25
280	2023_06_21_011905_create_groomer_calenders_table	26
281	2023_06_21_011930_create_groomer_calender_temps_table	26
282	2023_07_20_045159_create_temp_users_table	27
283	2023_07_20_140223_add_clug_column_in_category	28
284	2023_07_21_043728_add_slug_column_in_services	28
285	2023_07_21_103607_add_column_in_service_quotes	29
286	2023_07_26_101945_add_room_id_column_in_service_quotes	30
287	2023_07_27_052410_create_table_vendor_holiday_dates	31
288	2023_07_28_121401_create_doggy_play_time_table	32
289	2023_08_01_074201_add_seats_price_column_in_service_quotes	32
290	2023_08_01_081258_create_doggy_play_time_temp_bookings	32
291	2023_08_03_084950_add_change_mobile_columns_user_table	33
292	2023_08_03_124645_add_column_for_share_in_my_pets	34
293	2023_08_11_143411_create_subscriber_table	35
294	2023_08_12_071519_add_user_id_in_doctors_table	36
295	2023_08_21_021329_web_banners	37
296	2023_09_05_071241_pet_sizes	38
297	2023_09_05_120042_payment_for	39
298	2023_09_11_114626_size	40
299	2023_09_06_064331_seats_medium	41
300	2023_09_12_051228_petsize	42
301	2023_09_13_113229_change_service_quote_add_reminder	43
302	2023_09_13_130457_create_db_notifications	43
303	2023_09_19_063551_change_service_quote_add_slote	44
304	2023_09_19_090836_change_cities_add_deliverycharge	45
305	2023_09_20_113030_type	46
306	2023_10_27_081432_add_column_in_contact_us_settings	47
307	2023_10_27_082439_add_column_unknown_in_my_pets	47
308	2023_10_27_130446_add_column_weight_unknown_in_my_pets	48
309	2023_11_03_075020_remove_db_unique_from_temp_table	49
\.


--
-- Data for Name: moda_main_categories; Type: TABLE DATA; Schema: public; Owner: postgres
--

COPY public.moda_main_categories (id, name, created_at, updated_at) FROM stdin;
1	Head	2023-05-06 08:26:35	\N
2	Upper Body	2023-05-06 08:26:35	\N
3	Lower Body	2023-05-06 08:26:35	\N
4	Footwear	2023-05-06 08:26:35	\N
5	Makeup	2023-05-06 08:26:35	\N
6	Accessories	2023-05-06 08:26:35	\N
\.


--
-- Data for Name: moda_sub_categories; Type: TABLE DATA; Schema: public; Owner: postgres
--

COPY public.moda_sub_categories (id, main_category, name, gender, image, active, sort_order, deleted, created_at, updated_at) FROM stdin;
\.


--
-- Data for Name: mute_stories; Type: TABLE DATA; Schema: public; Owner: postgres
--

COPY public.mute_stories (id, user_id, mute_user_id, created_at, updated_at) FROM stdin;
\.


--
-- Data for Name: my_moda; Type: TABLE DATA; Schema: public; Owner: postgres
--

COPY public.my_moda (id, user_id, date, created_at, updated_at, hair_color, skin_color) FROM stdin;
\.


--
-- Data for Name: my_moda_items; Type: TABLE DATA; Schema: public; Owner: postgres
--

COPY public.my_moda_items (id, my_moda_id, product_id, product_attribute_id, moda_sub_category, user_id, created_at, updated_at) FROM stdin;
\.


--
-- Data for Name: my_pets; Type: TABLE DATA; Schema: public; Owner: postgres
--

COPY public.my_pets (id, user_id, name, breed_id, sex, dob, weight, food, additional_notes, active, deleted, created_at, updated_at, species, image, medicine_instructions, size, dob_unknown, weight_type, weight_unknown) FROM stdin;
1	2	Charlie	1	1	2023-01-01	6	Pedigree Pro		1	0	2023-05-11 01:03:38	2023-05-11 01:03:38	1	\N	\N	2	0		0
4	46	New	2	2	2022-12-05	2.5	Pedigree	a	1	0	2023-06-06 09:18:23	2023-06-06 09:18:23	1	\N	\N	2	0		0
3	46	New	2	2	2022-12-05	2.5	Pedigree		1	0	2023-06-06 07:53:33	2023-06-06 07:53:33	1	1686038013647ee5fd0b19e_img.png	\N	2	0		0
2	2	New	2	2	2022-12-05	2.5	Pedigree		1	0	2023-06-05 04:02:25	2023-06-05 04:02:25	1	\N	\N	2	0		0
25	91	Jumbo	10	1	2023-08-01	5			1	1	2023-08-05 12:19:53	2023-08-05 12:19:56	1	169123799364ce3e690c35d_img.jpeg		2	0		0
11	69	New updated	2	2	2022-12-05	2.5	Pedigree		1	1	2023-07-28 13:09:41	2023-07-28 13:09:54	1	\N	None	2	0		0
5	54	New	2	2	2022-12-05	2.5	Pedigree	a	1	1	2023-06-06 12:36:36	2023-07-29 06:37:57	1	\N	\N	2	0		0
7	54	Jumbo	1	0	2022-12-05	49	buscuit	sleeps a lot	1	1	2023-06-07 13:51:29	2023-07-29 06:38:43	1	168614588964808b618a62a_img.jpg	\N	2	0		0
15	77	Kitty	2	2	1970-01-01	10	Veg		1	1	2023-07-31 12:12:57	2023-08-01 06:20:04	2	169080557764c7a549abdcd_img.jpg		2	0		0
14	76	ccv	2	1	1970-01-01	44	ff	vddv	1	1	2023-07-31 07:06:21	2023-08-03 06:05:54	2	169078718164c75d6da0b9e_img.jpg		2	0		0
12	76	cocky1	2	2	2023-07-29	6	test		1	1	2023-07-29 11:55:15	2023-08-03 06:05:57	2	169063171564c4fe23933a1_img.png	\N	2	0		0
17	76	cocky	2	2	1970-01-01	1	normal	testing	1	0	2023-08-03 06:39:04	2023-08-03 08:55:41	2	169104474464cb4b8868c1e_img.jpg		2	0		0
18	82	rocky	92	1	1970-01-01	10	test	Additional information	1	0	2023-08-03 12:44:01	2023-08-03 12:44:01	1	169106664164cba111478f2_img.jpg		2	0		0
19	84	pets	190	1	2023-08-03	20	test	rttttttttttttttttttttttttybgffffffffffffffffffffffffffffffffffrttttttttttttttttttttttttybgffffffffffffffffffffffffffffffffffrttttttttttttttttttttttttybgffffffffffffffffffffffffffffffffffrttttttttttttttttttttttttybgffffffffffffffffffffffffffffffffffrttttttttttttttttttttttttybgffffffffffffffffffffffffffffffffffrttttttttttttttttttttttttybgffffffffffffffffffffffffffffffffffrttttttttttttttttttttttttybgffffffffffffffffffffffffffffffffffrttttttttttttttttttttttttybgffffffffffffffffffffffffffffffffffrttttttttttttttttttttttttybgffffffffffffffffffffffffffffffffffrttttttttttttttttttttttttybgffffffffffffffffffffffffffffffffffrttttttttttttttttttttttttybgffffffffffffffffffffffffffffffffffrttttttttttttttttttttttttybgffffffffffffffffffffffffffffffffff	1	0	2023-08-03 13:44:19	2023-08-03 13:44:48	2	\N	\N	2	0		0
20	85	Pepper	190	2	1970-01-01	10		123	1	1	2023-08-04 05:39:30	2023-08-04 06:19:51	2	169112757064cc8f12785b4_img.jpg		2	0		0
22	85	Pepper	187	2	2022-08-04	5		qwe	1	0	2023-08-04 06:31:25	2023-08-04 06:31:25	2	169113068564cc9b3dd0b2a_img.jpg		2	0		0
26	91	Jumbo	10	1	2023-08-01	6			1	1	2023-08-05 12:22:02	2023-08-05 12:22:07	1	169123812264ce3eeaa0e11_img.jpeg		2	0		0
23	85	GomezA	10	1	2022-08-02	6		1234	1	0	2023-08-04 08:07:58	2023-08-04 08:07:58	1	169113647864ccb1dee3c34_img.jpg		2	0		0
27	91	Jumbo	10	1	2023-08-01	6			1	1	2023-08-05 12:25:35	2023-08-05 12:26:23	1	169123833564ce3fbff1105_img.jpeg		2	0		0
28	91	Jumbo	10	1	2023-08-01	6			1	1	2023-08-05 12:29:40	2023-08-05 12:29:43	1	169123858064ce40b4979ca_img.jpeg		2	0		0
21	54	New	2	2	2022-12-05	2.5			1	1	2023-08-04 06:17:11	2023-08-09 06:09:45	1	\N	None	2	0		0
29	54	New	2	2	2022-12-05	2.5			1	1	2023-08-08 09:49:35	2023-08-09 06:09:49	1	\N	None	2	0		0
30	54	New	2	2	2022-12-05	2.5			1	1	2023-08-08 09:49:49	2023-08-09 06:09:51	1	169148818964d20fbd4d5fb_img.png	None	2	0		0
31	54	New	5	2	2022-12-05	2.5			1	1	2023-08-08 09:52:47	2023-08-09 06:09:57	1	169148836764d2106fad5e0_img.png	None	2	0		0
32	54	yesy	184	1	2023-08-08	125		Haha	1	1	2023-08-08 10:17:03	2023-08-09 06:10:00	2	169148982364d2161fc822c_img.jpg		2	0		0
6	54	New	2	2	2022-12-05	2.5	Pedigree	a	1	1	2023-06-06 12:37:01	2023-08-09 06:10:04	1	1686055021647f286deb313_img.png	\N	2	0		0
8	54	Jumbo	1	1	2022-12-05	49	jsjs		1	1	2023-06-08 05:47:35	2023-08-09 21:22:05	1	168620325564816b7749d22_img.jpg		2	0		0
33	92	new pet	183	1	2017-08-12	50		Test	1	0	2023-08-12 11:50:24	2023-08-12 11:50:24	2	169184102464d77200a9bab_img.jpg		2	0		0
34	90	Ticky	223	1	2022-08-14	25		Im going back in to get a few tiyuy things andhjebrje	1	1	2023-08-14 10:06:55	2023-08-14 10:07:26	2	169200761564d9fcbf30e5d_img.jpg		2	0		0
35	77	Jumbo	10	1	2022-08-14	6			1	1	2023-08-14 11:08:05	2023-08-14 11:08:08	1	169201128564da0b1525981_img.jpeg		2	0		0
13	54	Rambo	1	1	1970-01-01	4	milk		1	1	2023-07-29 12:40:51	2023-08-14 18:33:55	1	169063445164c508d386ed6_img.jpg		2	0		0
24	54	Rocky	10	1	2022-08-01	6			1	1	2023-08-04 14:31:47	2023-08-14 18:34:01	1	169115950764cd0bd30bb21_img.jpg		2	0		0
38	54	aba	184	1	2023-08-15	5454		Baba	1	1	2023-08-14 19:01:30	2023-08-14 19:01:38	2	169203969064da7a0a3e041_img.jpg		2	0		0
39	90	ticky	187	1	2023-08-15	25		Im going out for dinner tonight	1	1	2023-08-15 08:40:15	2023-08-15 08:40:30	2	169208881564db39ef5624e_img.jpg		2	0		0
40	95	catty	3	2	2023-08-15	200	normal	tets	1	0	2023-08-15 11:21:55	2023-08-15 11:21:55	1	\N	\N	2	0		0
41	106	cat	183	1	2023-08-01	11	test		1	0	2023-08-15 11:58:16	2023-08-15 11:58:16	2	169210069664db68583cac7_img.jpg		2	0		0
42	90	ticku	9	1	2023-08-15	25		Im going out for dinner tonight with the family I have no clue how I can make	1	0	2023-08-15 12:31:06	2023-08-15 12:31:06	1	169210266664db700a38cbc_img.jpg		2	0		0
44	95	test	3	2	2023-08-15	111	normal		1	0	2023-08-15 13:08:41	2023-08-15 13:08:41	1	\N	\N	2	0		0
45	95	test	3	2	2023-08-15	50	noraml		1	0	2023-08-15 13:13:04	2023-08-15 13:13:04	1	\N	\N	2	0		0
46	96	test	3	2	2023-08-15	89	dw		1	0	2023-08-15 13:14:34	2023-08-15 13:14:34	1	\N	\N	2	0		0
48	109	Jimmy	123	1	2020-08-16	12		Right on man Im so excited for the next one to unfold and	1	0	2023-08-16 02:37:29	2023-08-16 02:37:29	1	169215344964dc3669e8360_img.jpg		2	0		0
49	109	Blacky	123	1	2019-08-16	12		Twyeuheu said he had no plans for a second season with a team in Europe or	1	0	2023-08-16 07:49:15	2023-08-16 07:49:15	1	169217215564dc7f7bdcf6c_img.jpg		2	0		0
43	108	tickku	183	1	2023-08-13	12	sdfsf	sdfsdfssdfsdfsdf	1	1	2023-08-15 12:50:45	2023-08-21 11:42:53	1	169210384564db74a58dad8_img.png		2	0		0
47	54	twst	183	1	2023-08-15	844			1	1	2023-08-15 15:37:01	2023-08-22 15:00:42	2	169211382164db9b9d42f67_img.jpg		2	0		0
10	59	Billi	187	1	2022-09-19	15		Rocky	1	0	2023-09-19 10:45:51	2023-09-19 10:45:51	2	168732125564927aa7a0058_img.jpg		2	0		0
37	77	Jumbo	10	1	2022-08-14	6		qwe	1	0	2023-09-19 11:18:11	2023-09-19 11:18:11	1	169201686864da20e4a0611_img.jpeg		3	0		0
9	59	Dog	1	1	2021-09-23	10		Test	1	0	2023-09-19 10:46:43	2023-09-19 10:46:43	1	1686992396648d760c62dc0_img.jpg		2	0		0
50	111	ccc	183	1	2023-08-16	85		Vv	1	0	2023-08-16 11:54:50	2023-08-16 11:54:50	2	169218689064dcb90a680ad_img.jpg		2	0		0
51	112	shero	107	1	2023-07-18	5			1	0	2023-08-17 06:06:48	2023-08-17 06:06:48	1	169225240864ddb8f8dff3c_img.jpg		2	0		0
53	112	tom	123	2	2023-08-09	6			1	0	2023-08-17 08:56:29	2023-08-17 08:56:29	1	169226258964dde0bd01a1a_img.jpg		2	0		0
56	118	vsgs	184	1	2021-08-17	25		Hdjjdjd	1	0	2023-08-17 11:10:04	2023-08-17 11:10:04	2	169227060464de000c63aeb_img.jpg		2	0		0
59	112	Tinny	185	1	2022-08-18	10		Fluffy cat	1	0	2023-08-18 05:06:41	2023-08-18 05:06:41	2	169233520164defc6156b4d_img.jpg		2	0		0
61	120	hop	32	2	2023-08-02	3		hoppy	1	0	2023-08-18 07:08:18	2023-08-18 07:08:18	1	\N		2	0		0
82	119	happy	6	2	2023-07-18	12		cute	1	0	2023-08-22 12:47:03	2023-08-22 12:47:03	1	169270842364e4ae476bbe7_img.jpg		2	0		0
60	120	tim	123	1	2022-01-01	7		cat	1	0	2023-08-18 08:15:12	2023-08-18 08:15:12	1	169234258864df193c67b68_img.jpg		2	0		0
36	103	Jumbo	10	1	2022-08-14	6			1	1	2023-08-14 11:10:08	2023-08-18 09:29:06	1	169201140864da0b90d6c96_img.jpeg		2	0		0
62	103	Rocky	10	1	2022-08-18	6			1	0	2023-08-18 09:36:17	2023-08-18 09:36:17	1	169235137764df3b91f3d9e_img.jpg		2	0		0
52	112	shin	184	2	2023-08-16	1			1	1	2023-08-17 06:11:24	2023-08-18 09:39:26	2	169225268464ddba0c56347_img.jpg		2	0		0
63	121	bob	3	1	2023-01-01	12		hi	1	1	2023-08-18 10:51:49	2023-08-18 10:52:34	1	169235590964df4d4529567_img.jpg		2	0		0
64	121	bob	3	1	2023-01-01	2		hii	1	0	2023-08-18 10:53:29	2023-08-18 10:53:29	1	169235600964df4da9e457c_img.jpg		2	0		0
65	116	2 pet	183	1	2023-08-02	11			1	0	2023-08-18 11:09:08	2023-08-18 11:09:08	2	169235694864df51544766f_img.jpg		2	0		0
66	55	Jumbo	50	1	2022-08-19	6		note	1	0	2023-08-19 07:44:47	2023-08-19 07:44:47	1	169243108764e072ef307ab_img.jpeg		2	0		0
83	54	dddd	183	1	2023-08-22	43		Dadas	1	1	2023-08-22 13:08:29	2023-08-22 15:00:34	2	169270970964e4b34dea7c3_img.jpg		2	0		0
68	54	safdfasdf	184	1	2023-08-20	45		Dfasfd	1	1	2023-08-20 09:20:31	2023-08-22 15:00:36	2	169252323164e1dadfa2f95_img.jpg		2	0		0
70	122	ss	183	1	2023-08-21	12		asass	1	1	2023-08-21 08:58:09	2023-08-21 08:58:14	2	\N		2	0		0
71	113	Pet1	3	1	2023-08-22	250			1	0	2023-08-22 04:16:06	2023-08-22 04:16:06	1	169267776664e4368626770_img.jpg		2	0		0
72	115	lion	11	1	2022-08-22	10		Hi my name is lion	1	0	2023-08-22 05:41:20	2023-08-22 05:41:20	1	169268288064e44a80a317b_img.jpg		2	0		0
73	115	tim.	191	2	2022-08-22	12		My name is Tim	1	0	2023-08-22 05:42:30	2023-08-22 05:42:30	2	169268295064e44ac63643d_img.jpg		2	0		0
74	127	kitty	82	2	2022-08-10	6		my vute little pie.the first thing I did you was working with the other guy I am working with in the UK for a long long weekend and have had the experience of working for over two years now 	1	0	2023-08-22 05:44:34	2023-08-22 05:44:34	1	169268307464e44b4245baf_img.jpg		2	0		0
75	115	fig	183	1	2022-08-22	13		My name is fig. Im a cute cat	1	0	2023-08-22 05:53:05	2023-08-22 05:53:05	2	169268358564e44d417a3bf_img.jpg		2	0		0
76	114	ghhh	5	1	2023-08-22	250		Fggg	1	0	2023-08-22 07:06:21	2023-08-22 07:06:21	1	169268798164e45e6d5f56e_img.jpg		2	0		0
77	129	kitty	185	2	2022-08-22	5		Stiff vcf cydhfjv cuddle ufyduf hdhd. Ith ctsrste chuff chah. JDU gj ICICI hdhd uf Vidur yets khoh ouo cud udiyi. Khoh\nI fufiyon virudhd jhuggivasiyon vigkgb vividh\nUfujgb	1	0	2023-08-22 07:31:42	2023-08-22 07:31:42	2	169268950264e4645ebb620_img.jpg		2	0		0
78	126	gif	5	1	2022-08-22	25		Hahaha	1	0	2023-08-22 08:21:27	2023-08-22 08:21:27	1	169269248764e4700766ef8_img.jpg		2	0		0
69	119	itzu	107	2	2023-07-18	5		small and cute.	1	1	2023-08-21 05:51:38	2023-08-22 11:10:57	1	169259709864e2fb6a0f9d4_img.jpg		2	0		0
58	119	bob	184	2	2023-08-17	15			1	1	2023-08-17 12:57:27	2023-08-22 11:11:05	2	169227704764de1937736b7_img.jpg		2	0		0
57	119	jack	183	2	2022-08-17	10		Nice	1	1	2023-08-17 12:00:33	2023-08-22 11:11:07	2	169227363364de0be14181a_img.jpg		2	0		0
55	119	lion	123	1	2021-08-17	15			1	1	2023-08-17 10:39:31	2023-08-22 11:11:10	1	169226877164ddf8e3e35ad_img.jpg		2	0		0
54	119	shitzu	29	1	2022-08-17	10			1	1	2023-08-17 10:38:31	2023-08-22 11:11:12	1	169226871164ddf8a764174_img.jpg		2	0		0
79	123	happy	183	1	2023-08-22	54		Whahaa	1	1	2023-08-22 11:15:50	2023-08-22 11:17:29	2	169270295064e498e62f045_img.jpg		2	0		0
80	119	hap	50	2	2023-08-24	2			1	0	2023-08-22 11:36:18	2023-08-22 11:36:18	1	169270417864e49db2db9e4_img.jpg		2	0		0
81	119	you	14	1	2023-08-22	5			1	0	2023-08-22 11:40:25	2023-08-22 11:40:25	1	169270442564e49ea9c74a0_img.jpg		2	0		0
84	54	fasdf	183	1	2023-08-22	65		Drags	1	0	2023-08-22 15:02:26	2023-08-22 15:02:26	2	169271654664e4ce02ec0f1_img.jpg		2	0		0
85	119	tim	10	3	2023-08-31	2		hi	1	0	2023-08-23 08:24:50	2023-08-23 08:24:50	1	169277909064e5c252af96e_img.jpg		2	0		0
96	139	Cat	183	1	2022-09-19	10		test	1	0	2023-09-19 04:55:31	2023-09-19 04:55:31	2	1695099331650929c306133_img.jpg		3	0		0
87	89	dog	3	1	2023-09-14	25		Test	1	0	2023-09-14 06:21:59	2023-09-14 06:21:59	1	16946725196502a687cda21_img.jpg		2	0		0
86	122	test med	183	3	2023-01-01	12		qwqwqw	1	0	2023-09-14 07:32:12	2023-09-14 07:32:12	2	\N		2	0		0
90	139	Billi	189	3	2022-09-05	5		Test	1	1	2023-09-19 04:54:45	2023-09-19 04:56:35	2	16950103446507ce284448a_img.jpg		2	0		0
94	108	Spot	50	3	2022-09-19	8		Hi	1	0	2023-09-19 02:41:44	2023-09-19 02:41:44	1	169509130465090a6839af9_img.jpg		1	0		0
95	108	Spoty	14	4	2022-09-19	20		Gushy is also known to	1	0	2023-09-19 03:03:02	2023-09-19 03:03:02	1	169509258265090f66ce0cb_img.jpg		2	0		0
88	139	Doggy	19	1	2022-09-23	5		Test	1	0	2023-09-19 04:56:41	2023-09-19 04:56:41	1	16946809026502c74673896_img.jpg		2	0		0
89	139	Tom	183	1	2022-09-14	3		This is a test cat	1	1	2023-09-19 04:56:14	2023-09-19 04:56:28	2	16946808426502c70abb641_img.jpg		2	0		0
67	122	ba	3	4	2023-01-01	21212		1212	1	0	2023-09-19 12:40:29	2023-09-19 12:40:29	1	\N		1	0		0
97	140	test	183	1	2023-09-19	25		test	1	0	2023-09-19 10:09:57	2023-09-19 10:09:57	2	169511819765097375da648_img.jpg		1	0		0
98	140	test	3	1	2023-09-19	23		Test	1	0	2023-09-19 10:10:57	2023-09-19 10:10:57	1	1695118257650973b14237d_img.jpg		1	0		0
92	140	Test	183	1	2023-09-18	12		Res	1	0	2023-09-19 10:11:03	2023-09-19 10:11:03	2	1695118263650973b7a8e1f_img.jpg		2	0		0
93	108	Ticky	4	1	2023-09-12	100		it's my best pet hdhd	1	0	2023-09-19 17:40:59	2023-09-19 17:40:59	1	16951452596509dd2b2df97_img.jpg		3	0		0
91	103	Jam	187	1	2018-09-18	6		abc	1	0	2023-09-19 10:59:12	2023-09-19 10:59:12	2	16950186946507eec6701cc_img.png		2	0		0
99	59	Rocket	190	1	2022-09-19	5		test	1	0	2023-09-19 10:50:48	2023-09-19 10:50:48	2	169512057565097cbfd597a_img.jpg		2	0		0
100	103	Joy	10	1	2021-09-19	6		asd	1	0	2023-09-19 11:02:40	2023-09-19 11:02:40	1	169512127965097f7f05bb7_img.jpg		2	0		0
101	77	Tri	10	2	2020-09-03	7		kka	1	0	2023-09-19 11:42:30	2023-09-19 11:42:30	1	1695122607650984af6206a_img.jpg		1	0		0
102	108	Browni	183	1	2022-09-19	50		Chhhj	1	0	2023-09-19 14:56:08	2023-09-19 14:56:08	2	16951353686509b688b8916_img.jpg		2	0		0
103	146	asd	191	1	2023-09-20	25			1	0	2023-09-20 05:37:04	2023-09-20 05:37:04	2	1695188224650a850059edb_img.jpg		1	0		0
106	142	Doggo	3	1	2023-11-01	12		Details	1	0	2023-11-01 15:54:12	2023-11-01 15:54:12	1	1698854052654274a41e406_img.jpg		2	1	lbs	1
107	142	Catto	183	1	2023-11-01	12		Details	1	0	2023-11-01 16:00:09	2023-11-01 16:00:09	2	169885440965427609b38e7_img.jpg		3	0	lbs	0
104	77	testPet	183	1		11		testPet	1	0	2023-11-01 16:11:51	2023-11-01 16:11:51	2	1698840962654241826fd91_img.jpg		1	1		1
105	77	testPetUnknown	184	2	2023-10-31	13		testPetUnknown	1	0	2023-11-01 16:12:29	2023-11-01 16:12:29	2	1698841048654241d8d4cf5_img.jpg		2	0	lbs	0
108	77	test	185	3	2023-09-03	16		text	1	0	2023-11-01 16:28:13	2023-11-01 16:28:13	2	\N		1	0	kg	0
16	69	New	4	2		\N	Pedigree		1	0	2023-08-15 15:35:56	2023-11-02 06:24:41	1	169167486264d4e8ee5f025_img.jpg		2	1		1
109	118	Tomy	5	2		\N		Geueueje	1	0	2023-11-02 17:15:33	2023-11-02 17:15:33	1	16989453336543d935233f2_img.jpg		1	1		1
110	69	dd	183	1		\N			1	0	2023-11-03 06:04:29	2023-11-03 06:04:29	2	\N		1	1		1
\.


--
-- Data for Name: my_pets_sharers; Type: TABLE DATA; Schema: public; Owner: postgres
--

COPY public.my_pets_sharers (id, user_id, pet_id, created_at, updated_at) FROM stdin;
1	77	13	2023-08-04 14:05:42	2023-08-04 14:05:42
2	77	8	2023-08-04 14:32:35	2023-08-04 14:32:35
3	77	24	2023-08-04 14:38:57	2023-08-04 14:38:57
4	54	24	2023-08-09 21:11:38	2023-08-09 21:11:38
5	69	16	2023-08-10 13:41:32	2023-08-10 13:41:32
6	69	24	2023-08-11 11:55:59	2023-08-11 11:55:59
7	108	48	2023-08-16 11:37:51	2023-08-16 11:37:51
8	109	43	2023-08-16 11:38:41	2023-08-16 11:38:41
12	121	59	2023-08-18 10:47:14	2023-08-18 10:47:14
14	112	63	2023-08-18 10:52:05	2023-08-18 10:52:05
16	121	53	2023-08-18 10:55:52	2023-08-18 10:55:52
17	112	64	2023-08-18 10:58:24	2023-08-18 10:58:24
18	112	69	2023-08-21 05:52:08	2023-08-21 05:52:08
19	123	69	2023-08-21 06:58:55	2023-08-21 06:58:55
20	127	72	2023-08-22 05:45:07	2023-08-22 05:45:07
21	123	82	2023-08-22 13:11:50	2023-08-22 13:11:50
\.


--
-- Data for Name: notifications; Type: TABLE DATA; Schema: public; Owner: postgres
--

COPY public.notifications (id, description, title, image, created_at, updated_at) FROM stdin;
4	Description	Banners	16855382592023-05-31 16_32_57-Global Citizen Week_ Empowering Change for a Sustainable Future - St. Peters Sch.png	2023-05-31 13:04:00	\N
5	Test Notification	Test		2023-06-01 02:24:00	\N
6	kkk	hi	169260380564e3159d52530.jpg	2023-08-21 07:43:00	\N
7	Test Notification1	Test Notification	169261658564e34789d00f9.jpg	2023-08-21 11:16:00	\N
8	desc1	new1		2023-08-21 11:25:00	\N
9	desc2	new2		2023-08-21 11:31:00	\N
10	This is description of new product	New Product	169261919964e351bf193fe.png	2023-08-21 11:59:00	\N
11	Desc	Title	169261953864e35312691c4.png	2023-08-21 12:05:00	\N
12	D4	T4		2023-08-21 12:24:00	\N
13	D5	T5		2023-08-21 12:24:00	\N
14	D6	T6	169262074864e357cce8eb0.png	2023-08-21 12:25:00	\N
15	New description	New title		2023-08-21 12:44:00	\N
16	D7	T7		2023-08-21 12:45:00	\N
17	d8	t8	169262196764e35c8fa83bd.png	2023-08-21 12:46:00	\N
18	Description *	test	169262347164e3626f34eb3.png	2023-08-21 13:11:00	\N
19	abcd	test	169262351864e3629ec7d96.png	2023-08-21 13:11:00	\N
20	sdsds	test	169262370864e3635c4203f.png	2023-08-21 13:15:00	\N
21	asasas	sasas		2023-08-21 13:17:00	\N
22	description	test	169262437764e365f987730.png	2023-08-21 13:26:00	\N
23	abcd	test	169262445164e366438ae5f.png	2023-08-21 13:27:00	\N
24	d10	t10		2023-08-21 13:36:00	\N
25	d11	t11		2023-08-21 13:37:00	\N
26	d12	t12		2023-08-21 13:40:00	\N
27	description	test	169262523464e36952e40cf.png	2023-08-21 13:40:00	\N
33	test	test		2023-08-22 11:12:00	\N
35	Hi	test	169271213064e4bcc23729a.jpg	2023-08-22 13:48:00	\N
36	Test Description	Test	169511190565095ae118af5.jpg	2023-09-19 08:25:00	\N
\.


--
-- Data for Name: nottification_tracks; Type: TABLE DATA; Schema: public; Owner: postgres
--

COPY public.nottification_tracks (id, type, from_user_id, to_user_id, firebase_node_id, created_at, updated_at, key_id) FROM stdin;
\.


--
-- Data for Name: order_products; Type: TABLE DATA; Schema: public; Owner: postgres
--

COPY public.order_products (id, order_id, product_id, product_attribute_id, product_type, quantity, price, discount, total, vendor_id, order_status, admin_commission, vendor_commission, shipping_charge, delivered_on, is_returned, ret_status, returned_on, ret_reason, ret_status_changed_on, ret_status_changed_by, grand_total, admin_commission_percentage) FROM stdin;
1	1	13	13	1	1	10	0	10	3	1	0	0	0	\N	0	0	\N	\N	\N	0	10	0
2	2	7	7	1	1	650	0	650	3	1	0	0	0	\N	0	0	\N	\N	\N	0	650	0
3	2	10	10	1	1	145	0	145	3	1	0	0	0	\N	0	0	\N	\N	\N	0	145	0
4	3	10	10	1	1	145	0	145	3	1	0	0	0	\N	0	0	\N	\N	\N	0	145	0
5	4	8	8	1	1	280	0	280	3	1	0	0	0	\N	0	0	\N	\N	\N	0	280	0
6	5	3	3	1	1	160	0	160	3	1	0	0	0	\N	0	0	\N	\N	\N	0	160	0
7	5	7	7	1	1	650	0	650	3	1	0	0	0	\N	0	0	\N	\N	\N	0	650	0
8	5	13	13	1	5	10	0	50	3	1	0	0	0	\N	0	0	\N	\N	\N	0	50	0
9	5	4	4	1	2	179	0	358	3	1	0	0	0	\N	0	0	\N	\N	\N	0	358	0
10	5	5	5	1	6	120	0	720	3	1	0	0	0	\N	0	0	\N	\N	\N	0	720	0
11	5	10	10	1	19	145	0	2755	3	1	0	0	0	\N	0	0	\N	\N	\N	0	2755	0
12	6	10	10	1	1	145	0	145	3	1	0	0	0	\N	0	0	\N	\N	\N	0	145	0
13	6	3	3	1	2	160	0	320	3	1	0	0	0	\N	0	0	\N	\N	\N	0	320	0
14	6	5	5	1	3	120	0	360	3	1	0	0	0	\N	0	0	\N	\N	\N	0	360	0
15	7	5	5	1	3	120	0	360	3	1	0	0	0	\N	0	0	\N	\N	\N	0	360	0
16	7	7	7	1	4	650	0	2600	3	1	0	0	0	\N	0	0	\N	\N	\N	0	2600	0
17	7	10	10	1	5	145	0	725	3	1	0	0	0	\N	0	0	\N	\N	\N	0	725	0
18	8	10	10	1	5	145	0	725	3	1	0	0	0	\N	0	0	\N	\N	\N	0	725	0
19	8	13	13	1	5	10	0	50	3	1	0	0	0	\N	0	0	\N	\N	\N	0	50	0
20	9	8	8	1	1	280	0	280	3	1	0	0	0	\N	0	0	\N	\N	\N	0	280	0
21	9	10	10	1	3	145	0	435	3	1	0	0	0	\N	0	0	\N	\N	\N	0	435	0
22	10	7	7	1	1	650	0	650	3	1	0	0	0	\N	0	0	\N	\N	\N	0	650	0
23	11	7	7	1	1	650	0	650	3	1	0	0	0	\N	0	0	\N	\N	\N	0	650	0
24	12	7	7	1	1	650	0	650	3	1	0	0	0	\N	0	0	\N	\N	\N	0	650	0
25	13	5	5	1	1	120	0	120	3	1	0	0	0	\N	0	0	\N	\N	\N	0	120	0
26	14	7	7	1	1	650	0	650	3	1	0	0	0	\N	0	0	\N	\N	\N	0	650	0
27	15	13	13	1	2	10	0	20	3	1	0	0	0	\N	0	0	\N	\N	\N	0	20	0
28	15	10	10	1	3	145	0	435	3	1	0	0	0	\N	0	0	\N	\N	\N	0	435	0
29	15	4	4	1	8	179	0	1432	3	1	0	0	0	\N	0	0	\N	\N	\N	0	1432	0
30	15	5	5	1	6	120	0	720	3	1	0	0	0	\N	0	0	\N	\N	\N	0	720	0
31	15	5	5	1	5	120	0	600	3	1	0	0	0	\N	0	0	\N	\N	\N	0	600	0
32	15	3	3	1	5	160	0	800	3	1	0	0	0	\N	0	0	\N	\N	\N	0	800	0
33	15	3	3	1	15	160	0	2400	3	1	0	0	0	\N	0	0	\N	\N	\N	0	2400	0
34	15	5	5	1	7	120	0	840	3	1	0	0	0	\N	0	0	\N	\N	\N	0	840	0
35	16	3	3	1	1	160	0	160	3	1	0	0	0	\N	0	0	\N	\N	\N	0	160	0
36	16	13	13	1	1	10	0	10	3	1	0	0	0	\N	0	0	\N	\N	\N	0	10	0
37	16	5	5	1	1	120	0	120	3	1	0	0	0	\N	0	0	\N	\N	\N	0	120	0
38	17	10	10	1	1	145	0	145	3	1	0	0	0	\N	0	0	\N	\N	\N	0	145	0
39	17	3	3	1	1	160	0	160	3	1	0	0	0	\N	0	0	\N	\N	\N	0	160	0
40	18	7	7	1	1	650	0	650	3	1	0	0	0	\N	0	0	\N	\N	\N	0	650	0
41	18	8	8	1	1	280	0	280	3	1	0	0	0	\N	0	0	\N	\N	\N	0	280	0
42	18	10	10	1	1	145	0	145	3	1	0	0	0	\N	0	0	\N	\N	\N	0	145	0
43	19	7	7	1	1	650	0	650	3	1	0	0	0	\N	0	0	\N	\N	\N	0	650	0
44	20	10	10	1	6	145	0	870	3	1	0	0	0	\N	0	0	\N	\N	\N	0	870	0
45	21	5	5	1	2	120	0	240	3	1	0	0	0	\N	0	0	\N	\N	\N	0	240	0
46	22	10	10	1	1	145	0	145	3	1	0	0	0	\N	0	0	\N	\N	\N	0	145	0
47	22	13	13	1	3	10	0	30	3	1	0	0	0	\N	0	0	\N	\N	\N	0	30	0
48	23	10	10	1	1	145	0	145	3	1	0	0	0	\N	0	0	\N	\N	\N	0	145	0
49	23	5	5	1	2	120	0	240	3	1	0	0	0	\N	0	0	\N	\N	\N	0	240	0
50	23	12	14	2	2	19	0	38	3	1	0	0	0	\N	0	0	\N	\N	\N	0	38	0
51	23	4	4	1	1	179	0	179	3	1	0	0	0	\N	0	0	\N	\N	\N	0	179	0
52	24	10	10	1	2	145	0	290	3	1	0	0	0	\N	0	0	\N	\N	\N	0	290	0
53	25	8	8	1	1	280	0	280	3	1	0	0	0	\N	0	0	\N	\N	\N	0	280	0
54	26	10	10	1	1	145	0	145	3	1	0	0	0	\N	0	0	\N	\N	\N	0	145	0
55	27	7	7	1	2	650	0	1300	3	1	0	0	0	\N	0	0	\N	\N	\N	0	1300	0
56	27	8	8	1	1	280	0	280	3	1	0	0	0	\N	0	0	\N	\N	\N	0	280	0
57	28	6	6	1	2	450	0	900	3	1	0	0	0	\N	0	0	\N	\N	\N	0	900	0
58	28	7	7	1	3	650	0	1950	3	1	0	0	0	\N	0	0	\N	\N	\N	0	1950	0
59	29	12	14	2	2	19	0	38	3	1	0	0	0	\N	0	0	\N	\N	\N	0	38	0
60	30	10	10	1	4	145	0	580	3	1	0	0	0	\N	0	0	\N	\N	\N	0	580	0
61	30	13	13	1	4	10	0	40	3	1	0	0	0	\N	0	0	\N	\N	\N	0	40	0
62	31	10	10	1	5	145	0	725	3	1	0	0	0	\N	0	0	\N	\N	\N	0	725	0
63	32	13	13	1	3	10	0	30	3	1	0	0	0	\N	0	0	\N	\N	\N	0	30	0
64	32	12	14	2	3	19	0	57	3	1	0	0	0	\N	0	0	\N	\N	\N	0	57	0
65	33	13	13	1	3	10	0	30	3	1	0	0	0	\N	0	0	\N	\N	\N	0	30	0
66	34	8	8	1	2	280	0	560	3	1	0	0	0	\N	0	0	\N	\N	\N	0	560	0
67	35	8	8	1	1	280	0	280	3	1	0	0	0	\N	0	0	\N	\N	\N	0	280	0
68	36	7	7	1	2	650	0	1300	3	1	0	0	0	\N	0	0	\N	\N	\N	0	1300	0
69	37	10	10	1	1	145	0	145	3	1	0	0	0	\N	0	0	\N	\N	\N	0	145	0
70	37	12	14	2	1	19	0	19	3	1	0	0	0	\N	0	0	\N	\N	\N	0	19	0
71	38	13	13	1	5	10	0	50	3	1	0	0	0	\N	0	0	\N	\N	\N	0	50	0
72	39	7	7	1	2	650	0	1300	3	1	0	0	0	\N	0	0	\N	\N	\N	0	1300	0
73	40	13	13	1	2	10	0	20	3	1	0	0	0	\N	0	0	\N	\N	\N	0	20	0
74	41	10	10	1	1	145	0	145	3	1	0	0	0	\N	0	0	\N	\N	\N	0	145	0
75	42	12	14	2	1	19	0	19	3	1	0	0	0	\N	0	0	\N	\N	\N	0	19	0
76	43	10	10	1	1	145	0	145	3	1	0	0	0	\N	0	0	\N	\N	\N	0	145	0
77	44	10	10	1	1	145	0	145	3	1	0	0	0	\N	0	0	\N	\N	\N	0	145	0
78	45	13	13	1	1	10	0	10	3	1	0	0	0	\N	0	0	\N	\N	\N	0	10	0
79	46	12	14	2	1	19	0	19	3	1	0	0	0	\N	0	0	\N	\N	\N	0	19	0
80	47	8	8	1	1	280	0	280	3	1	0	0	0	\N	0	0	\N	\N	\N	0	280	0
81	48	12	14	2	1	19	0	19	3	1	0	0	0	\N	0	0	\N	\N	\N	0	19	0
82	49	8	8	1	1	280	0	280	3	1	0	0	0	\N	0	0	\N	\N	\N	0	280	0
83	50	12	14	2	1	19	0	19	3	1	0	0	0	\N	0	0	\N	\N	\N	0	19	0
84	51	12	14	2	1	19	0	19	3	1	0	0	0	\N	0	0	\N	\N	\N	0	19	0
85	52	13	13	1	5	10	0	50	3	1	0	0	0	\N	0	0	\N	\N	\N	0	50	0
86	53	12	14	2	1	19	0	19	3	1	0	0	0	\N	0	0	\N	\N	\N	0	19	0
87	54	13	13	1	1	10	0	10	3	1	0	0	0	\N	0	0	\N	\N	\N	0	10	0
88	55	13	13	1	1	10	0	10	3	1	0	0	0	\N	0	0	\N	\N	\N	0	10	0
89	56	13	13	1	1	10	0	10	3	1	0	0	0	\N	0	0	\N	\N	\N	0	10	0
90	57	13	13	1	1	10	0	10	3	1	0	0	0	\N	0	0	\N	\N	\N	0	10	0
91	57	12	14	2	2	19	0	38	3	1	0	0	0	\N	0	0	\N	\N	\N	0	38	0
92	57	3	3	1	4	160	0	640	3	1	0	0	0	\N	0	0	\N	\N	\N	0	640	0
93	57	6	6	1	8	450	0	3600	3	1	0	0	0	\N	0	0	\N	\N	\N	0	3600	0
94	57	8	8	1	1	280	0	280	3	1	0	0	0	\N	0	0	\N	\N	\N	0	280	0
95	57	13	13	1	3	10	0	30	3	1	0	0	0	\N	0	0	\N	\N	\N	0	30	0
96	58	13	13	1	2	10	0	20	3	1	0	0	0	\N	0	0	\N	\N	\N	0	20	0
97	59	10	10	1	1	145	0	145	3	1	0	0	0	\N	0	0	\N	\N	\N	0	145	0
98	60	13	13	1	1	10	0	10	3	1	0	0	0	\N	0	0	\N	\N	\N	0	10	0
99	61	13	13	1	1	10	0	10	3	1	0	0	0	\N	0	0	\N	\N	\N	0	10	0
100	62	13	13	1	1	10	0	10	3	1	0	0	0	\N	0	0	\N	\N	\N	0	10	0
101	63	12	14	2	1	5	0	5	3	1	0	0	0	\N	0	0	\N	\N	\N	0	5	0
102	64	13	13	1	1	10	0	10	3	1	0	0	0	\N	0	0	\N	\N	\N	0	10	0
103	65	17	20	1	1	25	0	25	3	1	0	0	0	\N	0	0	\N	\N	\N	0	25	0
104	66	6	6	1	1	450	0	450	3	1	0	0	0	\N	0	0	\N	\N	\N	0	450	0
105	66	8	8	1	1	280	0	280	3	1	0	0	0	\N	0	0	\N	\N	\N	0	280	0
106	66	10	10	1	1	145	0	145	3	1	0	0	0	\N	0	0	\N	\N	\N	0	145	0
107	66	4	4	1	4	179	0	716	3	1	0	0	0	\N	0	0	\N	\N	\N	0	716	0
108	66	5	5	1	1	120	0	120	3	1	0	0	0	\N	0	0	\N	\N	\N	0	120	0
109	67	13	13	1	3	10	0	30	3	1	0	0	0	\N	0	0	\N	\N	\N	0	30	0
110	67	8	8	1	2	280	0	560	3	1	0	0	0	\N	0	0	\N	\N	\N	0	560	0
111	67	5	5	1	1	120	0	120	3	1	0	0	0	\N	0	0	\N	\N	\N	0	120	0
112	67	6	6	1	10	450	0	4500	3	1	0	0	0	\N	0	0	\N	\N	\N	0	4500	0
113	67	12	14	2	1	5	0	5	3	1	0	0	0	\N	0	0	\N	\N	\N	0	5	0
114	68	17	20	1	1	25	0	25	3	1	0	0	0	\N	0	0	\N	\N	\N	0	25	0
115	69	16	19	1	1	205	0	205	3	1	0	0	0	\N	0	0	\N	\N	\N	0	205	0
116	70	16	19	1	1	205	0	205	3	1	0	0	0	\N	0	0	\N	\N	\N	0	205	0
117	71	12	12	2	1	30	0	30	3	1	0	0	0	\N	0	0	\N	\N	\N	0	30	0
118	72	13	13	1	4	10	0	40	3	1	0	0	0	\N	0	0	\N	\N	\N	0	40	0
119	73	17	20	1	2	25	0	50	3	1	0	0	0	\N	0	0	\N	\N	\N	0	50	0
120	74	8	8	1	1	280	0	280	3	1	0	0	0	\N	0	0	\N	\N	\N	0	280	0
121	75	17	20	1	1	25	0	25	3	1	0	0	0	\N	0	0	\N	\N	\N	0	25	0
122	75	16	19	1	3	205	0	615	3	1	0	0	0	\N	0	0	\N	\N	\N	0	615	0
123	76	16	19	1	1	205	0	205	3	1	0	0	0	\N	0	0	\N	\N	\N	0	205	0
124	76	17	20	1	2	25	0	50	3	1	0	0	0	\N	0	0	\N	\N	\N	0	50	0
125	77	16	19	1	1	205	0	205	3	1	0	0	0	\N	0	0	\N	\N	\N	0	205	0
126	77	17	20	1	1	25	0	25	3	1	0	0	0	\N	0	0	\N	\N	\N	0	25	0
127	77	17	20	1	1	25	0	25	3	1	0	0	0	\N	0	0	\N	\N	\N	0	25	0
128	78	13	13	1	1	10	0	10	3	1	0	0	0	\N	0	0	\N	\N	\N	0	10	0
129	78	17	20	1	4	25	0	100	3	1	0	0	0	\N	0	0	\N	\N	\N	0	100	0
130	79	12	14	2	1	5	0	5	3	1	0	0	0	\N	0	0	\N	\N	\N	0	5	0
131	79	7	7	1	1	650	0	650	3	1	0	0	0	\N	0	0	\N	\N	\N	0	650	0
132	79	13	13	1	1	10	0	10	3	1	0	0	0	\N	0	0	\N	\N	\N	0	10	0
133	79	3	3	1	2	160	0	320	3	1	0	0	0	\N	0	0	\N	\N	\N	0	320	0
134	79	4	4	1	3	179	0	537	3	1	0	0	0	\N	0	0	\N	\N	\N	0	537	0
135	80	10	10	1	2	145	0	290	3	1	0	0	0	\N	0	0	\N	\N	\N	0	290	0
136	80	12	12	2	3	30	0	90	3	1	0	0	0	\N	0	0	\N	\N	\N	0	90	0
137	80	17	20	1	2	25	0	50	3	1	0	0	0	\N	0	0	\N	\N	\N	0	50	0
138	81	5	5	1	4	120	0	480	3	1	0	0	0	\N	0	0	\N	\N	\N	0	480	0
139	81	12	12	2	1	30	0	30	3	1	0	0	0	\N	0	0	\N	\N	\N	0	30	0
140	81	3	3	1	2	160	0	320	3	1	0	0	0	\N	0	0	\N	\N	\N	0	320	0
141	82	12	14	2	1	5	0	5	3	1	0	0	0	\N	0	0	\N	\N	\N	0	5	0
142	82	13	13	1	15	10	0	150	3	1	0	0	0	\N	0	0	\N	\N	\N	0	150	0
143	83	17	20	1	1	25	0	25	3	1	0	0	0	\N	0	0	\N	\N	\N	0	25	0
144	84	12	12	2	1	30	0	30	3	1	0	0	0	\N	0	0	\N	\N	\N	0	30	0
145	84	12	12	2	2	30	0	60	3	1	0	0	0	\N	0	0	\N	\N	\N	0	60	0
146	85	17	20	1	1	25	0	25	3	1	0	0	0	\N	0	0	\N	\N	\N	0	25	0
147	85	13	13	1	2	10	0	20	3	1	0	0	0	\N	0	0	\N	\N	\N	0	20	0
148	86	17	20	1	5	25	0	125	3	1	0	0	0	\N	0	0	\N	\N	\N	0	125	0
149	87	13	13	1	1	10	0	10	3	1	0	0	0	\N	0	0	\N	\N	\N	0	10	0
150	87	10	10	1	1	145	0	145	3	1	0	0	0	\N	0	0	\N	\N	\N	0	145	0
151	87	12	14	2	1	5	0	5	3	1	0	0	0	\N	0	0	\N	\N	\N	0	5	0
152	87	13	13	1	1	10	0	10	3	1	0	0	0	\N	0	0	\N	\N	\N	0	10	0
153	87	7	7	1	1	650	0	650	3	1	0	0	0	\N	0	0	\N	\N	\N	0	650	0
154	88	3	3	1	1	160	0	160	3	1	0	0	0	\N	0	0	\N	\N	\N	0	160	0
155	88	13	13	1	3	10	0	30	3	1	0	0	0	\N	0	0	\N	\N	\N	0	30	0
156	88	10	10	1	2	145	0	290	3	1	0	0	0	\N	0	0	\N	\N	\N	0	290	0
157	88	12	14	2	4	5	0	20	3	1	0	0	0	\N	0	0	\N	\N	\N	0	20	0
158	89	17	20	1	4	25	0	100	3	1	0	0	0	\N	0	0	\N	\N	\N	0	100	0
159	90	6	6	1	1	450	0	450	3	1	0	0	0	\N	0	0	\N	\N	\N	0	450	0
160	91	12	12	2	1	30	0	30	3	1	0	0	0	\N	0	0	\N	\N	\N	0	30	0
161	92	17	20	1	2	25	0	50	3	1	0	0	0	\N	0	0	\N	\N	\N	0	50	0
162	92	13	13	1	1	10	0	10	3	1	0	0	0	\N	0	0	\N	\N	\N	0	10	0
163	93	17	20	1	1	25	0	25	3	1	0	0	0	\N	0	0	\N	\N	\N	0	25	0
164	93	13	13	1	1	10	0	10	3	1	0	0	0	\N	0	0	\N	\N	\N	0	10	0
165	94	13	13	1	5	10	0	50	3	1	0	0	0	\N	0	0	\N	\N	\N	0	50	0
166	94	17	20	1	2	25	0	50	3	1	0	0	0	\N	0	0	\N	\N	\N	0	50	0
167	95	13	13	1	3	10	0	30	3	1	0	0	0	\N	0	0	\N	\N	\N	0	30	0
168	95	17	20	1	4	25	0	100	3	1	0	0	0	\N	0	0	\N	\N	\N	0	100	0
169	96	17	20	1	3	25	0	75	3	1	0	0	0	\N	0	0	\N	\N	\N	0	75	0
170	97	3	3	1	7	160	0	1120	3	1	0	0	0	\N	0	0	\N	\N	\N	0	1120	0
171	97	13	13	1	2	10	0	20	3	1	0	0	0	\N	0	0	\N	\N	\N	0	20	0
172	98	3	3	1	8	160	0	1280	3	1	0	0	0	\N	0	0	\N	\N	\N	0	1280	0
173	98	13	13	1	1	10	0	10	3	1	0	0	0	\N	0	0	\N	\N	\N	0	10	0
174	99	13	13	1	2	10	0	20	3	1	0	0	0	\N	0	0	\N	\N	\N	0	20	0
175	100	13	13	1	1	10	0	10	3	1	0	0	0	\N	0	0	\N	\N	\N	0	10	0
176	100	4	4	1	6	179	0	1074	3	1	0	0	0	\N	0	0	\N	\N	\N	0	1074	0
177	101	17	20	1	1	25	0	25	3	1	0	0	0	\N	0	0	\N	\N	\N	0	25	0
178	102	4	4	1	7	179	0	1253	3	1	0	0	0	\N	0	0	\N	\N	\N	0	1253	0
179	102	13	13	1	17	10	0	170	3	1	0	0	0	\N	0	0	\N	\N	\N	0	170	0
180	103	8	8	1	1	280	0	280	3	1	0	0	0	\N	0	0	\N	\N	\N	0	280	0
181	104	8	8	1	1	280	0	280	3	1	0	0	0	\N	0	0	\N	\N	\N	0	280	0
182	105	16	19	1	1	205	0	205	3	1	0	0	0	\N	0	0	\N	\N	\N	0	205	0
183	106	13	13	1	1	10	0	10	3	1	0	0	0	\N	0	0	\N	\N	\N	0	10	0
184	107	12	12	2	1	30	0	30	3	1	0	0	0	\N	0	0	\N	\N	\N	0	30	0
185	108	12	14	2	1	5	0	5	3	1	0	0	0	\N	0	0	\N	\N	\N	0	5	0
186	108	16	19	1	2	205	0	410	3	1	0	0	0	\N	0	0	\N	\N	\N	0	410	0
187	109	13	13	1	1	10	0	10	3	1	0	0	0	\N	0	0	\N	\N	\N	0	10	0
188	109	16	19	1	1	205	0	205	3	1	0	0	0	\N	0	0	\N	\N	\N	0	205	0
189	109	3	3	1	1	160	0	160	3	1	0	0	0	\N	0	0	\N	\N	\N	0	160	0
190	110	12	12	2	3	30	0	90	3	1	0	0	0	\N	0	0	\N	\N	\N	0	90	0
191	111	12	12	2	1	30	0	30	3	1	0	0	0	\N	0	0	\N	\N	\N	0	30	0
192	112	12	14	2	1	5	0	5	3	1	0	0	0	\N	0	0	\N	\N	\N	0	5	0
193	113	16	19	1	2	205	0	410	3	1	0	0	0	\N	0	0	\N	\N	\N	0	410	0
194	114	4	4	1	2	179	0	358	3	1	0	0	0	\N	0	0	\N	\N	\N	0	358	0
195	114	13	13	1	3	10	0	30	3	1	0	0	0	\N	0	0	\N	\N	\N	0	30	0
196	114	3	3	1	8	160	0	1280	3	1	0	0	0	\N	0	0	\N	\N	\N	0	1280	0
197	115	16	19	1	6	205	0	1230	3	1	0	0	0	\N	0	0	\N	\N	\N	0	1230	0
198	116	4	4	1	1	179	0	179	3	1	0	0	0	\N	0	0	\N	\N	\N	0	179	0
199	116	13	13	1	1	10	0	10	3	1	0	0	0	\N	0	0	\N	\N	\N	0	10	0
200	116	7	7	1	2	650	0	1300	3	1	0	0	0	\N	0	0	\N	\N	\N	0	1300	0
201	116	13	13	1	11	10	0	110	3	1	0	0	0	\N	0	0	\N	\N	\N	0	110	0
202	117	12	14	2	1	5	0	5	3	1	0	0	0	\N	0	0	\N	\N	\N	0	5	0
203	117	13	13	1	1	10	0	10	3	1	0	0	0	\N	0	0	\N	\N	\N	0	10	0
204	118	17	20	1	5	25	0	125	3	1	0	0	0	\N	0	0	\N	\N	\N	0	125	0
205	118	13	13	1	2	10	0	20	3	1	0	0	0	\N	0	0	\N	\N	\N	0	20	0
206	119	17	20	1	10	25	0	250	3	1	0	0	0	\N	0	0	\N	\N	\N	0	250	0
207	120	13	13	1	1	10	0	10	3	1	0	0	0	\N	0	0	\N	\N	\N	0	10	0
208	121	16	19	1	1	205	0	205	3	1	0	0	0	\N	0	0	\N	\N	\N	0	205	0
209	122	13	13	1	1	10	0	10	3	1	0	0	0	\N	0	0	\N	\N	\N	0	10	0
210	123	7	7	1	2	650	0	1300	3	1	0	0	0	\N	0	0	\N	\N	\N	0	1300	0
211	124	16	19	1	1	205	0	205	3	1	0	0	0	\N	0	0	\N	\N	\N	0	205	0
212	125	12	14	2	2	5	0	10	3	1	0	0	0	\N	0	0	\N	\N	\N	0	10	0
213	126	13	13	1	1	10	0	10	3	1	0	0	0	\N	0	0	\N	\N	\N	0	10	0
214	127	17	20	1	1	25	0	25	3	1	0	0	0	\N	0	0	\N	\N	\N	0	25	0
215	128	10	10	1	1	145	0	145	3	1	0	0	0	\N	0	0	\N	\N	\N	0	145	0
216	129	10	10	1	1	145	0	145	3	1	0	0	0	\N	0	0	\N	\N	\N	0	145	0
217	130	3	3	1	1	160	0	160	3	1	0	0	0	\N	0	0	\N	\N	\N	0	160	0
218	131	16	19	1	1	205	0	205	3	1	0	0	0	\N	0	0	\N	\N	\N	0	205	0
219	132	13	13	1	1	10	0	10	3	1	0	0	0	\N	0	0	\N	\N	\N	0	10	0
220	132	12	14	2	1	5	0	5	3	1	0	0	0	\N	0	0	\N	\N	\N	0	5	0
221	133	17	20	1	1	25	0	25	3	1	0	0	0	\N	0	0	\N	\N	\N	0	25	0
222	134	3	3	1	1	160	0	160	3	1	0	0	0	\N	0	0	\N	\N	\N	0	160	0
223	135	13	13	1	1	10	0	10	3	1	0	0	0	\N	0	0	\N	\N	\N	0	10	0
224	136	17	20	1	1	25	0	25	3	1	0	0	0	\N	0	0	\N	\N	\N	0	25	0
225	137	12	12	2	1	30	0	30	3	1	0	0	0	\N	0	0	\N	\N	\N	0	30	0
226	138	13	13	1	1	10	0	10	3	1	0	0	0	\N	0	0	\N	\N	\N	0	10	0
227	139	13	13	1	1	10	0	10	3	1	0	0	0	\N	0	0	\N	\N	\N	0	10	0
228	140	17	20	1	5	25	0	125	3	1	0	0	0	\N	0	0	\N	\N	\N	0	125	0
229	141	17	20	1	5	25	0	125	3	1	0	0	0	\N	0	0	\N	\N	\N	0	125	0
230	142	13	13	1	1	10	0	10	3	1	0	0	0	\N	0	0	\N	\N	\N	0	10	0
231	143	16	19	1	1	205	0	205	3	1	0	0	0	\N	0	0	\N	\N	\N	0	205	0
232	143	13	13	1	1	10	0	10	3	1	0	0	0	\N	0	0	\N	\N	\N	0	10	0
233	144	12	14	2	1	5	0	5	3	1	0	0	0	\N	0	0	\N	\N	\N	0	5	0
234	145	7	7	1	1	650	0	650	3	1	0	0	0	\N	0	0	\N	\N	\N	0	650	0
235	146	17	20	1	1	25	0	25	3	1	0	0	0	\N	0	0	\N	\N	\N	0	25	0
236	146	13	13	1	2	10	0	20	3	1	0	0	0	\N	0	0	\N	\N	\N	0	20	0
237	147	12	14	2	1	5	0	5	3	1	0	0	0	\N	0	0	\N	\N	\N	0	5	0
238	147	16	19	1	1	205	0	205	3	1	0	0	0	\N	0	0	\N	\N	\N	0	205	0
239	148	12	14	2	1	5	0	5	3	1	0	0	0	\N	0	0	\N	\N	\N	0	5	0
240	149	16	19	1	1	205	0	205	3	1	0	0	0	\N	0	0	\N	\N	\N	0	205	0
241	150	16	19	1	1	205	0	205	3	1	0	0	0	\N	0	0	\N	\N	\N	0	205	0
\.


--
-- Data for Name: order_status_histroys; Type: TABLE DATA; Schema: public; Owner: postgres
--

COPY public.order_status_histroys (id, order_id, order_status, created_at, updated_at) FROM stdin;
\.


--
-- Data for Name: orders; Type: TABLE DATA; Schema: public; Owner: postgres
--

COPY public.orders (order_id, invoice_id, user_id, address_id, total, vat, discount, grand_total, payment_mode, status, booking_date, total_qty, total_items_qty, oder_type, admin_commission, vendor_commission, shipping_charge, created_at, updated_at, coupon_code, coupon_id, store_id, request_deligate, order_otp, driver_id, driver_rating, driver_review, store_rating, store_review, store_viewed, driver_viewed) FROM stdin;
1	2647863fe27ce01685611518	2	1	10	0	0	10	3	1	2023-06-01 09:25:46	1	1	0	0	0	0	2023-06-01 09:25:46	2023-06-01 09:25:46	\N	0	0	0	\N	0	0	\N	0	\N	0	0
2	11647873a357e891685615523	11	1	795	0	0	795	2	1	2023-06-01 10:32:32	2	2	0	0	0	0	2023-06-01 10:32:32	2023-06-01 10:32:32	\N	0	0	0	\N	0	0	\N	0	\N	0	0
3	4864799c1a341081685691418	48	1	145	0	0	145	2	1	2023-06-02 07:37:29	1	1	0	0	0	0	2023-06-02 07:37:29	2023-06-02 07:37:29	\N	0	0	0	\N	0	0	\N	0	\N	0	0
4	496479a36f5d0211685693295	49	7	280	0	0	280	2	1	2023-06-02 08:08:35	1	1	0	0	0	0	2023-06-02 08:08:35	2023-06-02 08:08:35	\N	0	0	0	\N	0	0	\N	0	\N	0	0
5	26479e2366dc6d1685709366	2	1	4693	0	0	4693	2	1	2023-06-02 12:38:31	6	34	0	0	0	0	2023-06-02 12:38:31	2023-06-02 12:38:31	\N	0	0	0	\N	0	0	\N	0	\N	0	0
6	50647b14eb153701685787883	50	1	825	0	0	825	2	1	2023-06-03 10:25:05	3	6	0	0	0	0	2023-06-03 10:25:05	2023-06-03 10:25:05	\N	0	0	0	\N	0	0	\N	0	\N	0	0
7	11647b24e6773481685791974	11	1	3685	0	552.75	3132.25	2	1	2023-06-03 11:33:24	3	12	0	0	0	0	2023-06-03 11:33:24	2023-06-03 11:33:24	X236243HF56	1	0	0	\N	0	0	\N	0	\N	0	0
8	2647d7265c9cce1685942885	2	1	775	0	0	780	3	1	2023-06-05 05:30:14	2	10	0	0	0	0	2023-06-05 05:30:14	2023-06-05 05:30:14	\N	0	0	0	\N	0	0	\N	0	\N	0	0
9	53647d7dcf38e8b1685945807	53	11	715	0	0	720	2	1	2023-06-05 06:17:28	2	4	0	0	0	0	2023-06-05 06:17:28	2023-06-05 06:17:28	\N	0	0	0	\N	0	0	\N	0	\N	0	0
10	53647d8b30523821685949232	53	11	650	0	0	655	2	1	2023-06-05 07:14:19	1	1	0	0	0	0	2023-06-05 07:14:19	2023-06-05 07:14:19	\N	0	0	0	\N	0	0	\N	0	\N	0	0
11	53647d8c2b574801685949483	53	11	650	0	0	655	2	1	2023-06-05 07:18:31	1	1	0	0	0	0	2023-06-05 07:18:31	2023-06-05 07:18:31	\N	0	0	0	\N	0	0	\N	0	\N	0	0
12	53647d8d8e1a4f81685949838	53	11	650	0	0	655	2	1	2023-06-05 07:24:22	1	1	0	0	0	0	2023-06-05 07:24:22	2023-06-05 07:24:22	\N	0	0	0	\N	0	0	\N	0	\N	0	0
13	53647d986737d3f1685952615	53	11	120	0	0	125	2	1	2023-06-05 08:10:40	1	1	0	0	0	0	2023-06-05 08:10:40	2023-06-05 08:10:40	\N	0	0	0	\N	0	0	\N	0	\N	0	0
15	2647eecab586f01686039723	2	1	7247	0	0	7252	3	1	2023-06-06 08:23:23	8	51	0	0	0	0	2023-06-06 08:23:23	2023-06-06 08:23:24	\N	0	0	0	\N	0	0	\N	0	\N	0	0
16	2647f15a8801551686050216	2	1	290	0	0	295	2	1	2023-06-06 11:18:14	3	3	0	0	0	0	2023-06-06 11:18:14	2023-06-06 11:18:14	\N	0	0	0	\N	0	0	\N	0	\N	0	0
17	2647f179d7fc9a1686050717	2	1	305	0	0	310	2	1	2023-06-06 11:25:48	2	2	0	0	0	0	2023-06-06 11:25:48	2023-06-06 11:25:48	\N	0	0	0	\N	0	0	\N	0	\N	0	0
21	596487e7ff6d5f41686628351	59	15	240	12	0	262	2	1	2023-06-13 03:52:55	1	2	0	0	0	10	2023-06-13 03:52:55	2023-06-13 03:52:55	\N	0	0	0	\N	0	0	\N	0	\N	0	0
14	54647da292d15551685955218	54	12	650	0	0	655	2	4	2023-06-05 08:53:55	1	1	0	0	0	0	2023-06-05 08:53:55	2023-06-07 05:03:03	\N	0	0	0	\N	0	0	\N	0	\N	0	0
22	596488593f218281686657343	59	15	175	8.75	26.25	167.5	2	1	2023-06-13 11:56:14	2	4	0	0	0	10	2023-06-13 11:56:14	2023-06-13 11:56:14	X236243HF56	1	0	0	\N	0	0	\N	0	\N	0	0
23	606489c14863c071686749512	60	1	602	30.1	0	642.1	2	1	2023-06-14 13:33:28	4	6	0	0	0	10	2023-06-14 13:33:28	2023-06-14 13:33:28	\N	0	0	0	\N	0	0	\N	0	\N	0	0
18	5464801fea5f13d1686118378	54	12	1075	0	0	1080	2	4	2023-06-07 06:13:34	3	3	0	0	0	0	2023-06-07 06:13:34	2023-06-07 06:14:43	\N	0	0	0	\N	0	0	\N	0	\N	0	0
24	616489cdc533b9d1686752709	61	1	290	14.5	0	314.5	2	1	2023-06-14 14:25:42	1	2	0	0	0	10	2023-06-14 14:25:42	2023-06-14 14:25:42	\N	0	0	0	\N	0	0	\N	0	\N	0	0
19	546480239b6cc501686119323	54	12	650	0	0	655	2	3	2023-06-07 06:29:03	1	1	0	0	0	0	2023-06-07 06:29:03	2023-06-07 06:40:05	\N	0	0	0	\N	0	0	\N	0	\N	0	0
20	596486e3fe912411686561790	59	15	870	43.5	0	923.5	2	1	2023-06-12 09:24:10	1	6	0	0	0	10	2023-06-12 09:24:10	2023-06-12 09:24:10	\N	0	0	0	\N	0	0	\N	0	\N	0	0
25	62648b2481b893b1686840449	62	1	280	14	0	304	2	1	2023-06-15 14:48:05	1	1	0	0	0	10	2023-06-15 14:48:05	2023-06-15 14:48:05	\N	0	0	0	\N	0	0	\N	0	\N	0	0
26	62648b25ff657601686840831	62	1	145	7.25	0	162.25	2	1	2023-06-15 14:54:31	1	1	0	0	0	10	2023-06-15 14:54:31	2023-06-15 14:54:31	\N	0	0	0	\N	0	0	\N	0	\N	0	0
27	62648b26a6518f71686840998	62	1	1580	79	0	1669	2	1	2023-06-15 14:57:05	2	3	0	0	0	10	2023-06-15 14:57:05	2023-06-15 14:57:05	\N	0	0	0	\N	0	0	\N	0	\N	0	0
28	63648c1826dd6011686902822	63	1	2850	142.5	0	3002.5	2	1	2023-06-16 08:07:38	2	5	0	0	0	10	2023-06-16 08:07:38	2023-06-16 08:07:38	\N	0	0	0	\N	0	0	\N	0	\N	0	0
29	59648d3d4fb0e481686977871	59	15	38	1.9	0	49.9	2	1	2023-06-17 04:58:22	1	2	0	0	0	10	2023-06-17 04:58:22	2023-06-17 04:58:22	\N	0	0	0	\N	0	0	\N	0	\N	0	0
30	59648d7a392ceaa1686993465	59	16	620	31	0	661	2	1	2023-06-17 09:18:04	2	8	0	0	0	10	2023-06-17 09:18:04	2023-06-17 09:18:04	\N	0	0	0	\N	0	0	\N	0	\N	0	0
31	54648da51bd3cfc1687004443	54	12	725	36.25	0	771.25	2	1	2023-06-17 12:21:21	1	5	0	0	0	10	2023-06-17 12:21:21	2023-06-17 12:21:21	\N	0	0	0	\N	0	0	\N	0	\N	0	0
32	59648dac38aae001687006264	59	16	87	4.35	0	101.35	2	1	2023-06-17 12:51:23	2	6	0	0	0	10	2023-06-17 12:51:23	2023-06-17 12:51:23	\N	0	0	0	\N	0	0	\N	0	\N	0	0
33	5964925fd5603561687314389	59	16	30	1.5	0	41.5	2	1	2023-06-21 02:26:55	1	3	0	0	0	10	2023-06-21 02:26:55	2023-06-21 02:26:55	\N	0	0	0	\N	0	0	\N	0	\N	0	0
34	646492d4fabd2941687344378	64	17	560	28	0	598	2	1	2023-06-21 10:46:36	1	2	0	0	0	10	2023-06-21 10:46:36	2023-06-21 10:46:36	\N	0	0	0	\N	0	0	\N	0	\N	0	0
35	596492d7b89c3dd1687345080	59	16	280	14	0	304	2	1	2023-06-21 10:58:22	1	1	0	0	0	10	2023-06-21 10:58:22	2023-06-21 10:58:22	\N	0	0	0	\N	0	0	\N	0	\N	0	0
36	596492f60d1bb981687352845	59	16	1300	65	0	1375	2	1	2023-06-21 13:07:45	1	2	0	0	0	10	2023-06-21 13:07:45	2023-06-21 13:07:45	\N	0	0	0	\N	0	0	\N	0	\N	0	0
52	6964c1f66874a3b1690433128	69	1	50	2.5	0	62.5	2	0	2023-07-27 04:45:38	1	5	0	0	0	10	2023-07-27 04:45:38	2023-07-27 04:45:38	\N	0	0	0	\N	0	0	\N	0	\N	0	0
43	5464c0c9f595fe51690356213	54	14	145	7.25	0	162.25	2	4	2023-07-26 07:23:51	1	1	0	0	0	10	2023-07-26 07:23:51	2023-07-26 07:46:35	\N	0	0	0	\N	0	0	\N	0	\N	0	0
37	6664b6420a468961689666058	66	18	164	8.2	0	182.2	2	4	2023-07-18 07:41:17	2	2	0	0	0	10	2023-07-18 07:41:17	2023-07-18 07:43:41	\N	0	0	0	\N	0	0	\N	0	\N	0	0
53	5464c24edbcf2391690455771	54	23	19	0.95	0	29.95	2	1	2023-07-27 11:03:15	1	1	0	0	0	10	2023-07-27 11:03:15	2023-07-28 09:19:53	\N	0	0	0	\N	0	0	\N	0	\N	0	0
42	5464c0ba57c66051690352215	54	14	19	0.95	0	29.95	2	4	2023-07-26 06:17:15	1	1	0	0	0	10	2023-07-26 06:17:15	2023-07-26 10:25:09	\N	0	0	0	\N	0	0	\N	0	\N	0	0
38	7164ba8b6ee264e1689946990	71	20	50	2.5	0	62.5	2	4	2023-07-21 13:48:41	1	5	0	0	0	10	2023-07-21 13:48:41	2023-07-21 13:54:23	\N	0	0	0	\N	0	0	\N	0	\N	0	0
39	5464bfb2fbede091690284795	54	14	1300	65	0	1375	2	1	2023-07-25 11:33:42	1	2	0	0	0	10	2023-07-25 11:33:42	2023-07-25 11:33:42	\N	0	0	0	\N	0	0	\N	0	\N	0	0
40	7164bfc8b3a6ee01690290355	71	20	20	1	0	31	2	3	2023-07-25 13:06:11	1	2	0	0	0	10	2023-07-25 13:06:11	2023-07-25 13:07:31	\N	0	0	0	\N	0	0	\N	0	\N	0	0
45	5464c0f4e95a2751690367209	54	14	10	0.5	0	20.5	2	2	2023-07-26 10:27:06	1	1	0	0	0	10	2023-07-26 10:27:06	2023-07-26 10:33:57	\N	0	0	0	\N	0	0	\N	0	\N	0	0
46	5464c0ff35dd3dd1690369845	54	14	19	0.95	0	29.95	2	1	2023-07-26 11:11:04	1	1	0	0	0	10	2023-07-26 11:11:04	2023-07-26 11:11:04	\N	0	0	0	\N	0	0	\N	0	\N	0	0
41	7164bfc98d57ee81690290573	71	20	145	7.25	0	162.25	2	4	2023-07-25 13:09:53	1	1	0	0	0	10	2023-07-25 13:09:53	2023-07-25 13:13:15	\N	0	0	0	\N	0	0	\N	0	\N	0	0
54	7564c42417f15ba1690575895	75	26	10	0.5	0	20.5	2	0	2023-07-28 20:26:10	1	1	0	0	0	10	2023-07-28 20:26:10	2023-07-28 20:26:10	\N	0	0	0	\N	0	0	\N	0	\N	0	0
47	5464c0ffd0addee1690370000	54	14	280	14	0	304	2	1	2023-07-26 11:13:42	1	1	0	0	0	10	2023-07-26 11:13:42	2023-07-26 11:13:42	\N	0	0	0	\N	0	0	\N	0	\N	0	0
44	5464c0cce0805631690356960	54	14	145	7.25	0	162.25	2	4	2023-07-26 07:36:21	1	1	0	0	0	10	2023-07-26 07:36:21	2023-07-26 07:41:42	\N	0	0	0	\N	0	0	\N	0	\N	0	0
48	5464c100db4db891690370267	54	14	19	0.95	0	29.95	2	1	2023-07-26 11:18:08	1	1	0	0	0	10	2023-07-26 11:18:08	2023-07-26 11:18:08	\N	0	0	0	\N	0	0	\N	0	\N	0	0
49	5464c1015e5dfb61690370398	54	14	280	14	0	304	2	1	2023-07-26 11:20:15	1	1	0	0	0	10	2023-07-26 11:20:15	2023-07-26 11:20:15	\N	0	0	0	\N	0	0	\N	0	\N	0	0
50	5464c10eb88f6c71690373816	54	14	19	0.95	0	29.95	2	1	2023-07-26 12:17:15	1	1	0	0	0	10	2023-07-26 12:17:15	2023-07-26 12:17:15	\N	0	0	0	\N	0	0	\N	0	\N	0	0
57	6964cc266e91e161691100782	69	32	4598	229.9	0	4837.9	2	0	2023-08-03 22:13:21	6	19	0	0	0	10	2023-08-03 22:13:21	2023-08-03 22:13:21	\N	0	0	0	\N	0	0	\N	0	\N	0	0
51	5464c12179c4a431690378617	54	23	19	0.95	0	29.95	2	1	2023-07-26 13:37:26	1	1	0	0	0	10	2023-07-26 13:37:26	2023-07-26 13:38:18	\N	0	0	0	\N	0	0	\N	0	\N	0	0
58	8264cd01bdb13901691156925	82	34	20	0	0	20	2	0	2023-08-04 13:49:02	1	2	0	0	0	0	2023-08-04 13:49:02	2023-08-04 13:49:02	\N	0	0	0	\N	0	0	\N	0	\N	0	0
55	7564c4db68b618b1690622824	75	26	10	0.5	0	20.5	2	4	2023-07-29 09:27:27	1	1	0	0	0	10	2023-07-29 09:27:27	2023-07-29 10:16:29	\N	0	0	0	\N	0	0	\N	0	\N	0	0
56	7564c4e757dc7bb1690625879	75	26	10	0.5	0	20.5	2	0	2023-07-29 10:18:16	1	1	0	0	0	10	2023-07-29 10:18:16	2023-07-29 10:18:16	\N	0	0	0	\N	0	0	\N	0	\N	0	0
59	5464ce29e9c61eb1691232745	54	25	145	0	0	145	2	0	2023-08-05 10:52:57	1	1	0	0	0	0	2023-08-05 10:52:57	2023-08-05 10:52:57	\N	0	0	0	\N	0	0	\N	0	\N	0	0
60	8964ce81156f3501691255061	89	42	10	0	0	10	2	0	2023-08-05 17:04:41	1	1	0	0	0	0	2023-08-05 17:04:41	2023-08-05 17:04:41	\N	0	0	0	\N	0	0	\N	0	\N	0	0
61	9264d0ba2f9a8301691400751	92	43	10	0	0	10	2	0	2023-08-07 09:32:48	1	1	0	0	0	0	2023-08-07 09:32:48	2023-08-07 09:32:48	\N	0	0	0	\N	0	0	\N	0	\N	0	0
62	9664d22f04a4c1f1691496196	96	47	10	0	0	10	2	4	2023-08-08 12:03:42	1	1	0	0	0	0	2023-08-08 12:03:42	2023-08-08 12:08:01	\N	0	0	0	\N	0	0	\N	0	\N	0	0
63	9664d627e6037d71691756518	96	51	5	0	0	5	2	0	2023-08-11 12:22:13	1	1	0	0	0	0	2023-08-11 12:22:13	2023-08-11 12:22:13	\N	0	0	0	\N	0	0	\N	0	\N	0	0
64	9064d84aa37a2701691896483	90	52	10	0	0	10	2	0	2023-08-13 03:15:09	1	1	0	0	0	0	2023-08-13 03:15:09	2023-08-13 03:15:09	\N	0	0	0	\N	0	0	\N	0	\N	0	0
65	9064da0605130a11692009989	90	52	25	0	0	25	2	0	2023-08-14 10:46:50	1	1	0	0	0	0	2023-08-14 10:46:50	2023-08-14 10:46:50	\N	0	0	0	\N	0	0	\N	0	\N	0	0
66	7764da0c0f9d1121692011535	77	53	1711	0	0	1711	2	0	2023-08-14 11:12:31	5	8	0	0	0	0	2023-08-14 11:12:31	2023-08-14 11:12:31	\N	0	0	0	\N	0	0	\N	0	\N	0	0
67	5464db197380f401692080499	54	50	5215	0	0	5215	2	0	2023-08-15 06:21:56	5	17	0	0	0	0	2023-08-15 06:21:56	2023-08-15 06:21:56	\N	0	0	0	\N	0	0	\N	0	\N	0	0
68	5464db1eebb177a1692081899	54	50	25	0	0	25	2	0	2023-08-15 06:45:12	1	1	0	0	0	0	2023-08-15 06:45:12	2023-08-15 06:45:12	\N	0	0	0	\N	0	0	\N	0	\N	0	0
69	5464db1fc54471c1692082117	54	50	205	0	0	205	2	0	2023-08-15 06:48:51	1	1	0	0	0	0	2023-08-15 06:48:51	2023-08-15 06:48:51	\N	0	0	0	\N	0	0	\N	0	\N	0	0
70	5464db1ff63b4411692082166	54	50	205	0	0	205	2	0	2023-08-15 06:49:41	1	1	0	0	0	0	2023-08-15 06:49:41	2023-08-15 06:49:41	\N	0	0	0	\N	0	0	\N	0	\N	0	0
71	5464db210aa32f01692082442	54	50	30	0	0	30	2	0	2023-08-15 06:54:19	1	1	0	0	0	0	2023-08-15 06:54:19	2023-08-15 06:54:19	\N	0	0	0	\N	0	0	\N	0	\N	0	0
72	9064db5b9798f351692097431	90	54	40	0	0	40	2	0	2023-08-15 11:04:09	1	4	0	0	0	0	2023-08-15 11:04:09	2023-08-15 11:04:09	\N	0	0	0	\N	0	0	\N	0	\N	0	0
87	10864e0ae4fb7f741692446287	108	57	820	41	0	866	2	4	2023-08-19 11:58:43	5	5	0	0	0	5	2023-08-19 11:58:43	2023-08-19 12:12:38	\N	0	0	0	\N	0	0	\N	0	\N	0	0
81	11264ddd8ea693821692260586	112	59	830	41.5	0	876.5	2	4	2023-08-17 08:23:28	3	7	0	0	0	5	2023-08-17 08:23:28	2023-08-17 08:25:12	\N	0	0	0	\N	0	0	\N	0	\N	0	0
73	9664db7cfe9899c1692105982	96	51	50	0	0	50	2	4	2023-08-15 13:26:35	1	2	0	0	0	0	2023-08-15 13:26:35	2023-08-15 13:27:30	\N	0	0	0	\N	0	0	\N	0	\N	0	0
74	10964dc35b22761a1692153266	109	55	280	0	0	280	2	0	2023-08-16 02:34:44	1	1	0	0	0	0	2023-08-16 02:34:44	2023-08-16 02:34:44	\N	0	0	0	\N	0	0	\N	0	\N	0	0
88	6964e0dfd68024e1692458966	69	32	500	25	0	530	2	0	2023-08-19 15:29:49	4	10	0	0	0	5	2023-08-19 15:29:49	2023-08-19 15:29:49	\N	0	0	0	\N	0	0	\N	0	\N	0	0
76	10364dca48d60b121692181645	103	58	255	12.75	0	272.75	2	0	2023-08-16 10:27:50	2	3	0	0	0	5	2023-08-16 10:27:50	2023-08-16 10:27:50	\N	0	0	0	\N	0	0	\N	0	\N	0	0
85	11964e0792cecf581692432684	119	66	45	2.25	0	52.25	2	4	2023-08-19 08:11:42	2	3	0	0	0	5	2023-08-19 08:11:42	2023-08-19 08:12:20	\N	0	0	0	\N	0	0	\N	0	\N	0	0
75	10864dc55b14682f1692161457	108	56	640	0	0	640	2	2	2023-08-16 04:51:25	2	4	0	0	0	0	2023-08-16 04:51:25	2023-08-16 11:20:36	\N	0	0	0	\N	0	0	\N	0	\N	0	0
77	5464dcfcd32b56f1692204243	54	50	255	12.75	0	272.75	2	0	2023-08-16 16:44:20	3	3	0	0	0	5	2023-08-16 16:44:20	2023-08-16 16:44:20	\N	0	0	0	\N	0	0	\N	0	\N	0	0
78	10964ddb4485b6bb1692251208	109	55	110	5.5	0	120.5	2	0	2023-08-17 05:47:05	2	5	0	0	0	5	2023-08-17 05:47:05	2023-08-17 05:47:05	\N	0	0	0	\N	0	0	\N	0	\N	0	0
79	11364ddcbd7996b21692257239	113	61	1522	76.1	0	1603.1	2	0	2023-08-17 07:27:38	5	8	0	0	0	5	2023-08-17 07:27:38	2023-08-17 07:27:38	\N	0	0	0	\N	0	0	\N	0	\N	0	0
80	11864ddcc13238061692257299	118	62	430	21.5	0	456.5	2	0	2023-08-17 07:28:40	3	7	0	0	0	5	2023-08-17 07:28:40	2023-08-17 07:28:40	\N	0	0	0	\N	0	0	\N	0	\N	0	0
82	11264dddf963b75f1692262294	112	59	155	7.75	0	167.75	2	4	2023-08-17 08:51:58	2	16	0	0	0	5	2023-08-17 08:51:58	2023-08-17 08:53:50	\N	0	0	0	\N	0	0	\N	0	\N	0	0
90	11964e31aa7994d51692605095	119	71	450	22.5	0	477.5	2	4	2023-08-21 08:05:15	1	1	0	0	0	5	2023-08-21 08:05:15	2023-08-21 08:06:09	\N	0	0	0	\N	0	0	\N	0	\N	0	0
86	11964e09ee2f1bdd1692442338	119	67	125	6.25	0	136.25	2	4	2023-08-19 10:52:46	1	5	0	0	0	5	2023-08-19 10:52:46	2023-08-19 10:57:14	\N	0	0	0	\N	0	0	\N	0	\N	0	0
83	11964de0df4df4b41692274164	119	66	25	1.25	0	31.25	2	4	2023-08-17 12:09:51	1	1	0	0	0	5	2023-08-17 12:09:51	2023-08-17 12:10:50	\N	0	0	0	\N	0	0	\N	0	\N	0	0
84	11264e07446678051692431430	112	60	90	4.5	0	99.5	2	0	2023-08-19 07:50:50	2	3	0	0	0	5	2023-08-19 07:50:50	2023-08-19 07:50:50	\N	0	0	0	\N	0	0	\N	0	\N	0	0
93	11364e436cc35e051692677836	113	61	35	1.75	0	41.75	2	0	2023-08-22 04:17:36	2	2	0	0	0	5	2023-08-22 04:17:36	2023-08-22 04:17:36	\N	0	0	0	\N	0	0	\N	0	\N	0	0
89	11964e306a1c47f81692599969	119	67	100	5	0	110	2	4	2023-08-21 06:39:59	1	4	0	0	0	5	2023-08-21 06:39:59	2023-08-21 06:45:32	\N	0	0	0	\N	0	0	\N	0	\N	0	0
96	11464e45d6ff3ace1692687727	114	78	75	3.75	0	83.75	2	0	2023-08-22 07:02:25	1	3	0	0	0	5	2023-08-22 07:02:25	2023-08-22 07:02:25	\N	0	0	0	\N	0	0	\N	0	\N	0	0
91	11964e3241665b351692607510	119	71	30	1.5	0	36.5	2	4	2023-08-21 08:45:34	1	1	0	0	0	5	2023-08-21 08:45:34	2023-08-21 08:49:04	\N	0	0	0	\N	0	0	\N	0	\N	0	0
92	5464e3842d83e601692632109	54	50	60	3	0	68	2	0	2023-08-21 15:35:26	2	3	0	0	0	5	2023-08-21 15:35:26	2023-08-21 15:35:26	\N	0	0	0	\N	0	0	\N	0	\N	0	0
94	12764e4512375bf31692684579	127	72	100	5	0	110	2	3	2023-08-22 06:10:01	2	7	0	0	0	5	2023-08-22 06:10:01	2023-08-22 06:15:02	\N	0	0	0	\N	0	0	\N	0	\N	0	0
97	12964e46082c9bf51692688514	129	80	1140	57	0	1202	2	0	2023-08-22 07:15:30	2	9	0	0	0	5	2023-08-22 07:15:30	2023-08-22 07:15:30	\N	0	0	0	\N	0	0	\N	0	\N	0	0
95	11564e452a88e3e81692684968	115	74	130	6.5	120	21.5	2	4	2023-08-22 06:16:27	2	7	0	0	0	5	2023-08-22 06:16:27	2023-08-22 06:22:37	raj	3	0	0	\N	0	0	\N	0	\N	0	0
98	12964e462dd97f5f1692689117	129	81	1290	64.5	0	1359.5	2	4	2023-08-22 07:25:32	2	9	0	0	0	5	2023-08-22 07:25:32	2023-08-22 07:27:53	\N	0	0	0	\N	0	0	\N	0	\N	0	0
99	12664e4775576b531692694357	126	84	20	1	0	26	2	0	2023-08-22 08:53:09	1	2	0	0	0	5	2023-08-22 08:53:09	2023-08-22 08:53:09	\N	0	0	0	\N	0	0	\N	0	\N	0	0
100	12664e478d0dec411692694736	126	84	1084	54.2	542	601.2	2	0	2023-08-22 08:59:14	2	7	0	0	0	5	2023-08-22 08:59:14	2023-08-22 08:59:14	CODE50	4	0	0	\N	0	0	\N	0	\N	0	0
101	13064e47f6a66b851692696426	130	86	25	1.25	0	31.25	2	0	2023-08-22 09:27:46	1	1	0	0	0	5	2023-08-22 09:27:46	2023-08-22 09:27:46	\N	0	0	0	\N	0	0	\N	0	\N	0	0
102	11964e4836f4783f1692697455	119	71	1423	71.15	0	1499.15	2	0	2023-08-22 09:44:36	2	24	0	0	0	5	2023-08-22 09:44:36	2023-08-22 09:44:36	\N	0	0	0	\N	0	0	\N	0	\N	0	0
103	13064e48bc05609a1692699584	130	86	280	14	0	299	2	0	2023-08-22 10:20:07	1	1	0	0	0	5	2023-08-22 10:20:07	2023-08-22 10:20:07	\N	0	0	0	\N	0	0	\N	0	\N	0	0
104	13064e48d1c5f2341692699932	130	86	280	14	0	299	2	0	2023-08-22 10:25:59	1	1	0	0	0	5	2023-08-22 10:25:59	2023-08-22 10:25:59	\N	0	0	0	\N	0	0	\N	0	\N	0	0
105	13064e4929a683a01692701338	130	86	205	10.25	0	220.25	2	0	2023-08-22 10:49:31	1	1	0	0	0	5	2023-08-22 10:49:31	2023-08-22 10:49:31	\N	0	0	0	\N	0	0	\N	0	\N	0	0
106	13564e49397c0c841692701591	135	87	10	0.5	0	15.5	2	0	2023-08-22 10:53:48	1	1	0	0	0	5	2023-08-22 10:53:48	2023-08-22 10:53:48	\N	0	0	0	\N	0	0	\N	0	\N	0	0
107	13064e497c5a3fed1692702661	130	86	30	1.5	0	36.5	2	0	2023-08-22 11:11:37	1	1	0	0	0	5	2023-08-22 11:11:37	2023-08-22 11:11:37	\N	0	0	0	\N	0	0	\N	0	\N	0	0
108	13664e49e812a5a61692704385	136	88	415	20.75	0	440.75	2	0	2023-08-22 11:40:39	2	3	0	0	0	5	2023-08-22 11:40:39	2023-08-22 11:40:39	\N	0	0	0	\N	0	0	\N	0	\N	0	0
109	11964e4a8bca2bdd1692707004	119	89	375	18.75	0	398.75	2	0	2023-08-22 12:23:53	3	3	0	0	0	5	2023-08-22 12:23:53	2023-08-22 12:23:53	\N	0	0	0	\N	0	0	\N	0	\N	0	0
117	11964e601548a9d31692795220	119	89	15	0.75	0	20.75	2	0	2023-08-23 12:54:12	2	2	0	0	0	5	2023-08-23 12:54:12	2023-08-23 12:54:12	\N	0	0	0	\N	0	0	\N	0	\N	0	0
118	6964edb773e44001693300595	69	1	145	7.25	0	157.25	2	0	2023-08-29 09:17:01	2	7	0	0	0	5	2023-08-29 09:17:01	2023-08-29 09:17:01	\N	0	0	0	\N	0	0	\N	0	\N	0	0
110	11964e4a9cacd1ac1692707274	119	71	90	4.5	0	99.5	2	4	2023-08-22 12:28:13	1	3	0	0	0	5	2023-08-22 12:28:13	2023-08-22 12:34:26	\N	0	0	0	\N	0	0	\N	0	\N	0	0
111	11964e4ab9a110001692707738	119	71	30	1.5	0	36.5	2	0	2023-08-22 12:35:55	1	1	0	0	0	5	2023-08-22 12:35:55	2023-08-22 12:35:55	\N	0	0	0	\N	0	0	\N	0	\N	0	0
113	13664e4ac645c04c1692707940	136	88	410	20.5	0	435.5	2	0	2023-08-22 12:39:14	1	2	0	0	0	5	2023-08-22 12:39:14	2023-08-22 12:39:14	\N	0	0	0	\N	0	0	\N	0	\N	0	0
119	6964eed9faefdbf1693374970	69	1	250	12.5	0	267.5	2	0	2023-08-30 05:57:38	1	10	0	0	0	5	2023-08-30 05:57:38	2023-08-30 05:57:38	\N	0	0	0	\N	0	0	\N	0	\N	0	0
112	13664e4aba63f7221692707750	136	88	5	0.25	0	10.25	2	2	2023-08-22 12:36:15	1	1	0	0	0	5	2023-08-22 12:36:15	2023-08-22 12:39:43	\N	0	0	0	\N	0	0	\N	0	\N	0	0
114	5464e4dad6c01081692719830	54	90	1668	83.4	0	1756.4	2	0	2023-08-22 15:57:39	3	13	0	0	0	5	2023-08-22 15:57:39	2023-08-22 15:57:39	\N	0	0	0	\N	0	0	\N	0	\N	0	0
115	5464e5ce25e33831692782117	54	90	1230	61.5	0	1296.5	2	0	2023-08-23 09:15:44	1	6	0	0	0	5	2023-08-23 09:15:44	2023-08-23 09:15:44	\N	0	0	0	\N	0	0	\N	0	\N	0	0
116	11964e5f889284fa1692792969	119	89	1599	79.95	0	1683.95	2	0	2023-08-23 12:16:28	4	15	0	0	0	5	2023-08-23 12:16:28	2023-08-23 12:16:28	\N	0	0	0	\N	0	0	\N	0	\N	0	0
120	13764eeea5095aa41693379152	137	92	10	0.5	0	15.5	2	0	2023-08-30 07:06:18	1	1	0	0	0	5	2023-08-30 07:06:18	2023-08-30 07:06:18	\N	0	0	0	\N	0	0	\N	0	\N	0	0
121	12264f5de3ed46121693834814	122	93	205	10.25	0	220.25	2	0	2023-09-04 13:46:28	1	1	0	0	0	5	2023-09-04 13:46:28	2023-09-04 13:46:28	\N	0	0	0	\N	0	0	\N	0	\N	0	0
122	12264f5dfde1fe8f1693835230	122	93	10	0.5	0	15.5	2	0	2023-09-04 13:47:24	1	1	0	0	0	5	2023-09-04 13:47:24	2023-09-04 13:47:24	\N	0	0	0	\N	0	0	\N	0	\N	0	0
123	12264f5e07d014971693835389	122	93	1300	65	0	1370	2	0	2023-09-04 13:50:02	1	2	0	0	0	5	2023-09-04 13:50:02	2023-09-04 13:50:02	\N	0	0	0	\N	0	0	\N	0	\N	0	0
124	12264f728711b93d1693919345	122	93	205	10.25	0	220.25	2	0	2023-09-05 13:09:15	1	1	0	0	0	5	2023-09-05 13:09:15	2023-09-05 13:09:15	\N	0	0	0	\N	0	0	\N	0	\N	0	0
125	1226502905c791781694666844	122	93	10	0.5	0	15.5	2	0	2023-09-14 04:47:34	1	2	0	0	0	5	2023-09-14 04:47:34	2023-09-14 04:47:34	\N	0	0	0	\N	0	0	\N	0	\N	0	0
126	122650291538d4b31694667091	122	93	10	0.5	0	15.5	2	0	2023-09-14 04:51:44	1	1	0	0	0	5	2023-09-14 04:51:44	2023-09-14 04:51:44	\N	0	0	0	\N	0	0	\N	0	\N	0	0
127	1396502b6fbee4a51694676731	139	94	25	1.25	0	31.25	2	1	2023-09-14 07:32:49	1	1	0	0	0	5	2023-09-14 07:32:49	2023-09-14 07:33:22	\N	0	0	0	\N	0	0	\N	0	\N	0	0
128	1226502b95232a331694677330	122	93	145	7.25	0	157.25	2	0	2023-09-14 07:42:20	1	1	0	0	0	5	2023-09-14 07:42:20	2023-09-14 07:42:20	\N	0	0	0	\N	0	0	\N	0	\N	0	0
129	1226502bdcf01bbc1694678479	122	93	145	7.25	0	157.25	2	0	2023-09-14 08:01:34	1	1	0	0	0	5	2023-09-14 08:01:34	2023-09-14 08:01:34	\N	0	0	0	\N	0	0	\N	0	\N	0	0
130	89650306cd11c111694697165	89	42	160	8	0	173	2	0	2023-09-14 13:13:16	1	1	0	0	0	5	2023-09-14 13:13:16	2023-09-14 13:13:16	\N	0	0	0	\N	0	0	\N	0	\N	0	0
131	1226507f1c2ba90c1695019458	122	97	205	10.25	0	220.25	2	0	2023-09-18 06:44:29	1	1	0	0	0	5	2023-09-18 06:44:29	2023-09-18 06:44:29	\N	0	0	0	\N	0	0	\N	0	\N	0	0
132	13965092ea05c7101695100576	139	94	15	0.75	0	20.75	2	2	2023-09-19 05:16:39	2	2	0	0	0	5	2023-09-19 05:16:39	2023-09-19 05:26:09	\N	0	0	0	\N	0	0	\N	0	\N	0	0
133	14065093dafa0acb1695104431	140	99	25	1.25	0	31.25	2	0	2023-09-19 06:21:19	1	1	0	0	0	5	2023-09-19 06:21:19	2023-09-19 06:21:19	\N	0	0	0	\N	0	0	\N	0	\N	0	0
134	7765094c1ed9a351695108126	77	91	160	8	0	173	2	4	2023-09-19 07:22:40	1	1	0	0	0	5	2023-09-19 07:22:40	2023-09-19 07:48:23	\N	0	0	0	\N	0	0	\N	0	\N	0	0
135	776509536e20acb1695109998	77	91	10	0.5	0	15.5	2	4	2023-09-19 07:53:39	1	1	0	0	0	5	2023-09-19 07:53:39	2023-09-19 08:05:45	\N	0	0	0	\N	0	0	\N	0	\N	0	0
136	7765095751c22ce1695110993	77	91	25	1.25	0	31.25	2	2	2023-09-19 08:10:20	1	1	0	0	0	5	2023-09-19 08:10:20	2023-09-19 08:12:48	\N	0	0	0	\N	0	0	\N	0	\N	0	0
137	10365095905ddb291695111429	103	58	30	1.5	0	36.5	2	0	2023-09-19 08:17:26	1	1	0	0	0	5	2023-09-19 08:17:26	2023-09-19 08:17:26	\N	0	0	0	\N	0	0	\N	0	\N	0	0
138	10365095adedaca41695111902	103	58	10	0.5	0	15.5	2	0	2023-09-19 08:25:20	1	1	0	0	0	5	2023-09-19 08:25:20	2023-09-19 08:25:20	\N	0	0	0	\N	0	0	\N	0	\N	0	0
139	140650969c3ca6611695115715	140	101	10	0.5	0	15.5	2	0	2023-09-19 09:29:33	1	1	0	0	0	5	2023-09-19 09:29:33	2023-09-19 09:29:33	\N	0	0	0	\N	0	0	\N	0	\N	0	0
140	1226509791ca37951695119644	122	105	125	6.25	0	143.25	2	0	2023-09-19 10:34:12	1	5	0	0	0	12	2023-09-19 10:34:12	2023-09-19 10:34:12	\N	0	0	0	\N	0	0	\N	0	\N	0	0
141	12265097977403661695119735	122	96	125	6.25	0	141.25	2	0	2023-09-19 10:35:43	1	5	0	0	0	10	2023-09-19 10:35:43	2023-09-19 10:35:43	\N	0	0	0	\N	0	0	\N	0	\N	0	0
142	103650979b622fc61695119798	103	58	10	0.5	0	10.5	2	0	2023-09-19 10:37:03	1	1	0	0	0	0	2023-09-19 10:37:03	2023-09-19 10:37:03	\N	0	0	0	\N	0	0	\N	0	\N	0	0
143	12265098cb40b07c1695124660	122	96	215	10.75	0	235.75	2	0	2023-09-19 11:57:49	2	2	0	0	0	10	2023-09-19 11:57:49	2023-09-19 11:57:49	\N	0	0	0	\N	0	0	\N	0	\N	0	0
144	12265098ce5013d61695124709	122	109	5	0.25	0	13.25	2	0	2023-09-19 11:58:37	1	1	0	0	0	8	2023-09-19 11:58:37	2023-09-19 11:58:37	\N	0	0	0	\N	0	0	\N	0	\N	0	0
145	12265098dc5817ab1695124933	122	109	650	32.5	0	690.5	2	0	2023-09-19 12:02:24	1	1	0	0	0	8	2023-09-19 12:02:24	2023-09-19 12:02:24	\N	0	0	0	\N	0	0	\N	0	\N	0	0
146	108650992559b7071695126101	108	111	45	2.25	0	62.25	2	0	2023-09-19 12:22:06	2	3	0	0	0	15	2023-09-19 12:22:06	2023-09-19 12:22:06	\N	0	0	0	\N	0	0	\N	0	\N	0	0
147	122650993a6569b21695126438	122	109	210	10.5	0	228.5	2	0	2023-09-19 12:27:29	2	2	0	0	0	8	2023-09-19 12:27:29	2023-09-19 12:27:29	\N	0	0	0	\N	0	0	\N	0	\N	0	0
148	140650993ee2e2c81695126510	140	100	5	0.25	0	10.25	2	0	2023-09-19 12:28:49	1	1	0	0	0	5	2023-09-19 12:28:49	2023-09-19 12:28:49	\N	0	0	0	\N	0	0	\N	0	\N	0	0
149	140650994de7c9f61695126750	140	100	205	10.25	0	220.25	2	0	2023-09-19 12:33:02	1	1	0	0	0	5	2023-09-19 12:33:02	2023-09-19 12:33:02	\N	0	0	0	\N	0	0	\N	0	\N	0	0
150	1086509f7efdb6ef1695152111	108	57	205	10.25	0	221.25	2	0	2023-09-19 19:39:01	1	1	0	0	0	6	2023-09-19 19:39:01	2023-09-19 19:39:01	\N	0	0	0	\N	0	0	\N	0	\N	0	0
\.


--
-- Data for Name: password_resets; Type: TABLE DATA; Schema: public; Owner: postgres
--

COPY public.password_resets (email, token, created_at) FROM stdin;
\.


--
-- Data for Name: payment_report; Type: TABLE DATA; Schema: public; Owner: postgres
--

COPY public.payment_report (id, transaction_id, payment_status, user_id, ref_id, amount, method_type, vat, wallet_amount_used, created_at, updated_at, payment_response, payment_for) FROM stdin;
1	1164783b73385c91685601139	P	11	pi_3NE53XBjsMxFtgBe1ma0fgm7	145.00	1	0.00	0.00	2023-06-01 06:32:19	\N	\N	0
2	1164785d1b3d53f1685609755	P	11	pi_3NE7IVBjsMxFtgBe0rduEJnI	795.00	1	0.00	0.00	2023-06-01 08:55:55	\N	\N	0
3	1164785d3cd85621685609788	P	11	pi_3NE7J3BjsMxFtgBe1jd3jeFU	795.00	1	0.00	0.00	2023-06-01 08:56:29	\N	\N	0
4	1164785d9524bea1685609877	P	11	pi_3NE7KTBjsMxFtgBe1rJTc6Ma	795.00	1	0.00	0.00	2023-06-01 08:57:57	\N	\N	0
5	1164785d99258241685609881	P	11	pi_3NE7KXBjsMxFtgBe16GWrkms	795.00	1	0.00	0.00	2023-06-01 08:58:01	\N	\N	0
6	1164785dffede3f1685609983	P	11	pi_3NE7MCBjsMxFtgBe1O4JKYP7	795.00	1	0.00	0.00	2023-06-01 08:59:44	\N	\N	0
7	1164785e079df441685609991	P	11	pi_3NE7MJBjsMxFtgBe17lin10K	795.00	1	0.00	0.00	2023-06-01 08:59:52	\N	\N	0
8	1164785e0d0fdfc1685609997	P	11	pi_3NE7MPBjsMxFtgBe0ePpmUBM	795.00	1	0.00	0.00	2023-06-01 08:59:57	\N	\N	0
9	2647863fe27ce01685611518	A	2	pi_3NE7kwBjsMxFtgBe1Ll1DNf9	10.00	1	0.00	0.00	2023-06-01 09:25:18	2023-06-01 09:25:46	\N	0
10	1164786926bb8671685612838	P	11	pi_3NE86EBjsMxFtgBe0gVaXYdL	795.00	1	0.00	0.00	2023-06-01 09:47:19	\N	\N	0
11	11647869f6781e61685613046	P	11	pi_3NE89aBjsMxFtgBe1lS1Dx14	795.00	1	0.00	0.00	2023-06-01 09:50:46	\N	\N	0
12	1164786fab859ed1685614507	P	11	pi_3NE8X9BjsMxFtgBe1DgbibWR	795.00	1	0.00	0.00	2023-06-01 10:15:07	\N	\N	0
13	11647873a357e891685615523	A	11	pi_3NE8nXBjsMxFtgBe1Qs7h2Nx	795.00	1	0.00	0.00	2023-06-01 10:32:03	2023-06-01 10:32:32	\N	0
14	4864799c1a341081685691418	A	48	pi_3NESXeBjsMxFtgBe0GcHJEop	145.00	1	0.00	0.00	2023-06-02 07:36:58	2023-06-02 07:37:29	\N	0
15	496479a36f5d0211685693295	A	49	pi_3NET1vBjsMxFtgBe1fSBrqDk	280.00	1	0.00	0.00	2023-06-02 08:08:15	2023-06-02 08:08:35	\N	0
16	26479e1e4b678c1685709284	P	2	pi_3NEXBpBjsMxFtgBe1427SsTJ	4693.00	1	0.00	0.00	2023-06-02 12:34:45	\N	\N	0
17	26479e2366dc6d1685709366	A	2	pi_3NEXD8BjsMxFtgBe0fa03GiV	4693.00	1	0.00	0.00	2023-06-02 12:36:06	2023-06-02 12:38:31	\N	0
18	2647a20044252e1685725188	P	2	pi_3NEbKKBjsMxFtgBe16U2v8Dy	145.00	1	0.00	0.00	2023-06-02 16:59:48	\N	\N	0
19	2647a2063cfdb81685725283	P	2	pi_3NEbLsBjsMxFtgBe1P4TX7Mk	145.00	1	0.00	0.00	2023-06-02 17:01:24	\N	\N	0
20	2647a20a0157581685725344	P	2	pi_3NEbMqBjsMxFtgBe1ICC0YNH	145.00	1	0.00	0.00	2023-06-02 17:02:24	\N	\N	0
21	2647a20aab58a41685725354	P	2	pi_3NEbN1BjsMxFtgBe18Eh8MdV	145.00	1	0.00	0.00	2023-06-02 17:02:35	\N	\N	0
22	50647b13ecb51451685787628	P	50	pi_3NErZQBjsMxFtgBe12Vb4Y0p	825.00	1	0.00	0.00	2023-06-03 10:20:29	\N	\N	0
23	50647b14eb153701685787883	A	50	pi_3NErdXBjsMxFtgBe1s23BgMG	825.00	1	0.00	0.00	2023-06-03 10:24:43	2023-06-03 10:25:05	\N	0
24	11647b24e6773481685791974	A	11	pi_3NEshWBjsMxFtgBe0ApjkfOo	3132.25	1	0.00	0.00	2023-06-03 11:32:54	2023-06-03 11:33:24	\N	0
25	2647d7265c9cce1685942885	A	2	pi_3NFVxaBjsMxFtgBe1nly6v7A	780.00	1	0.00	0.00	2023-06-05 05:28:06	2023-06-05 05:30:14	\N	0
26	53647d7dcf38e8b1685945807	A	53	pi_3NFWihBjsMxFtgBe1418vDtK	720.00	1	0.00	0.00	2023-06-05 06:16:47	2023-06-05 06:17:28	\N	0
27	53647d8b30523821685949232	A	53	pi_3NFXbwBjsMxFtgBe064nfNPw	655.00	1	0.00	0.00	2023-06-05 07:13:52	2023-06-05 07:14:19	\N	0
28	53647d8c2b574801685949483	A	53	pi_3NFXfzBjsMxFtgBe06DvY78o	655.00	1	0.00	0.00	2023-06-05 07:18:03	2023-06-05 07:18:31	\N	0
29	53647d8d8e1a4f81685949838	A	53	pi_3NFXliBjsMxFtgBe09Gwm7Aq	655.00	1	0.00	0.00	2023-06-05 07:23:58	2023-06-05 07:24:22	\N	0
30	53647d986737d3f1685952615	A	53	pi_3NFYUVBjsMxFtgBe1ZwTsAVS	125.00	1	0.00	0.00	2023-06-05 08:10:15	2023-06-05 08:10:40	\N	0
31	54647da28bd91001685955211	P	54	pi_3NFZAOBjsMxFtgBe0cMM3Uvu	655.00	1	0.00	0.00	2023-06-05 08:53:32	\N	\N	0
32	54647da292d15551685955218	A	54	pi_3NFZAVBjsMxFtgBe1MPTw6LF	655.00	1	0.00	0.00	2023-06-05 08:53:39	2023-06-05 08:53:55	\N	0
33	2647db9f538a3d1685961205	P	2	pi_3NFaj3BjsMxFtgBe09PswSyI	5148.00	1	0.00	0.00	2023-06-05 10:33:25	\N	\N	0
34	2647ee853354161686038611	P	2	pi_3NFurXBjsMxFtgBe1E9oH29f	7252.00	1	0.00	0.00	2023-06-06 08:03:31	\N	\N	0
35	2647eecab586f01686039723	A	2	pi_3NFv9iBjsMxFtgBe0v3vcOGP	7252.00	1	0.00	0.00	2023-06-06 08:22:18	2023-06-06 08:23:24	\N	0
36	2647f0f73c39de1686048627	P	2	pi_3NFxT6BjsMxFtgBe0ri3A9m8	295.00	1	0.00	0.00	2023-06-06 10:50:28	\N	\N	0
37	2647f159c735ef1686050204	P	2	pi_3NFxsWBjsMxFtgBe1U1x7z2S	295.00	1	0.00	0.00	2023-06-06 11:16:44	\N	\N	0
38	2647f15a8801551686050216	A	2	pi_3NFxsiBjsMxFtgBe0fkHTwCo	295.00	1	0.00	0.00	2023-06-06 11:16:56	2023-06-06 11:18:14	\N	0
39	2647f179d7fc9a1686050717	A	2	pi_3NFy0nBjsMxFtgBe09OCSetj	310.00	1	0.00	0.00	2023-06-06 11:25:17	2023-06-06 11:25:48	\N	0
40	58647f1fefaf5ae1686052847	P	58	pi_3NFyZ9BjsMxFtgBe0q4YMXeg	125.00	1	0.00	0.00	2023-06-06 12:00:48	\N	\N	0
41	58647f1ff0d94f61686052848	P	58	pi_3NFyZBBjsMxFtgBe0B1UFOih	125.00	1	0.00	0.00	2023-06-06 12:00:49	\N	\N	0
42	5464800ea04645d1686113952	P	54	pi_3NGESiBjsMxFtgBe1PwcHxVW	430.00	1	0.00	0.00	2023-06-07 04:59:12	\N	\N	0
43	5464801fea5f13d1686118378	A	54	pi_3NGFc6BjsMxFtgBe0K5bKWlW	1080.00	1	0.00	0.00	2023-06-07 06:12:58	2023-06-07 06:13:34	\N	0
44	546480239b6cc501686119323	A	54	pi_3NGFrLBjsMxFtgBe19Y7hDKA	655.00	1	0.00	0.00	2023-06-07 06:28:43	2023-06-07 06:29:03	\N	0
45	596486e3e452f231686561764	P	59	pi_3NI6xUBjsMxFtgBe0CFovIsc	923.50	1	43.50	0.00	2023-06-12 09:22:44	\N	\N	0
46	596486e3f2f128c1686561778	P	59	pi_3NI6xjBjsMxFtgBe0IsQ5L3f	923.50	1	43.50	0.00	2023-06-12 09:22:59	\N	\N	0
47	596486e3fe912411686561790	A	59	pi_3NI6xuBjsMxFtgBe047zW9xH	923.50	1	43.50	0.00	2023-06-12 09:23:10	2023-06-12 09:24:10	\N	0
48	596487e6ff002921686628095	P	59	pi_3NIODLBjsMxFtgBe0aRxEBRG	262.00	1	12.00	0.00	2023-06-13 03:48:15	\N	\N	0
49	596487e7fb8ade11686628347	P	59	pi_3NIOHPBjsMxFtgBe02hOxq4b	262.00	1	12.00	0.00	2023-06-13 03:52:27	\N	\N	0
50	596487e7ff6d5f41686628351	A	59	pi_3NIOHTBjsMxFtgBe0eAhvN3T	262.00	1	12.00	0.00	2023-06-13 03:52:31	2023-06-13 03:52:55	\N	0
51	596488593f218281686657343	A	59	pi_3NIVp5BjsMxFtgBe1VTn4MoP	167.50	1	8.75	0.00	2023-06-13 11:55:43	2023-06-13 11:56:14	\N	0
52	606489c14863c071686749512	A	60	pi_3NItngBjsMxFtgBe1VCR2c6b	642.10	1	30.10	0.00	2023-06-14 13:31:52	2023-06-14 13:33:28	\N	0
53	616489cdc533b9d1686752709	A	61	pi_3NIudFBjsMxFtgBe0fCW8kqC	314.50	1	14.50	0.00	2023-06-14 14:25:09	2023-06-14 14:25:42	\N	0
54	62648b2481b893b1686840449	A	62	pi_3NJHSPBjsMxFtgBe0WYJlFoV	304.00	1	14.00	0.00	2023-06-15 14:47:30	2023-06-15 14:48:05	\N	0
55	62648b25ff657601686840831	A	62	pi_3NJHYZBjsMxFtgBe0A74Pa2q	162.25	1	7.25	0.00	2023-06-15 14:53:52	2023-06-15 14:54:31	\N	0
56	62648b26a6518f71686840998	A	62	pi_3NJHbGBjsMxFtgBe1muJriSG	1669.00	1	79.00	0.00	2023-06-15 14:56:38	2023-06-15 14:57:05	\N	0
57	63648c17b9e65581686902713	P	63	pi_3NJXegBjsMxFtgBe11CNaot1	3002.50	1	142.50	0.00	2023-06-16 08:05:14	\N	\N	0
469	126	P	108	2pyc27jjkh	90.00	1	0.00	0.00	2023-09-19 09:08:21	\N	\N	0
471	128	P	140	qjdmxpkfwx	90.00	1	0.00	0.00	2023-09-19 09:13:15	\N	\N	0
58	63648c1826dd6011686902822	A	63	pi_3NJXgRBjsMxFtgBe0jMgcbzh	3002.50	1	142.50	0.00	2023-06-16 08:07:03	2023-06-16 08:07:38	\N	0
59	59648d3d4a5e2481686977866	P	59	pi_3NJrCoBjsMxFtgBe0RL2pkyT	49.90	1	1.90	0.00	2023-06-17 04:57:46	\N	\N	0
60	59648d3d4fb0e481686977871	A	59	pi_3NJrCtBjsMxFtgBe1Anl05BJ	49.90	1	1.90	0.00	2023-06-17 04:57:52	2023-06-17 04:58:22	\N	0
61	59648d7a392ceaa1686993465	A	59	pi_3NJvGPBjsMxFtgBe1r3NVOGU	661.00	1	31.00	0.00	2023-06-17 09:17:45	2023-06-17 09:18:04	\N	0
62	54648da51bd3cfc1687004443	A	54	pi_3NJy7UBjsMxFtgBe1SJqPUvf	771.25	1	36.25	0.00	2023-06-17 12:20:44	2023-06-17 12:21:21	\N	0
63	59648dac38aae001687006264	A	59	pi_3NJyaqBjsMxFtgBe04xmO47v	101.35	1	4.35	0.00	2023-06-17 12:51:05	2023-06-17 12:51:23	\N	0
64	5964925fd5603561687314389	A	59	pi_3NLGkbBjsMxFtgBe1WbbmJSE	41.50	1	1.50	0.00	2023-06-21 02:26:29	2023-06-21 02:26:55	\N	0
65	646492d4fabd2941687344378	A	64	pi_3NLOYIBjsMxFtgBe1NIvA93v	598.00	1	28.00	0.00	2023-06-21 10:46:19	2023-06-21 10:46:36	\N	0
66	596492d7b89c3dd1687345080	A	59	pi_3NLOjcBjsMxFtgBe0ro9wIwE	304.00	1	14.00	0.00	2023-06-21 10:58:01	2023-06-21 10:58:22	\N	0
67	596492f60d1bb981687352845	A	59	pi_3NLQkrBjsMxFtgBe1iu0STmU	1375.00	1	65.00	0.00	2023-06-21 13:07:25	2023-06-21 13:07:45	\N	0
68	596492f65f0e01d1687352927	P	59	pi_3NLQmBBjsMxFtgBe0yGIBhDj	29.95	1	0.95	0.00	2023-06-21 13:08:47	\N	\N	0
69	6664b6420a468961689666058	A	66	pi_3NV8WkBjsMxFtgBe08taSJr1	182.20	1	8.20	0.00	2023-07-18 07:40:58	2023-07-18 07:41:17	\N	0
70	7164ba8b6ee264e1689946990	A	71	pi_3NWJbvBjsMxFtgBe1NRyMD4p	62.50	1	2.50	0.00	2023-07-21 13:43:11	2023-07-21 13:48:41	\N	0
71	5464bfb2fbede091690284795	A	54	pi_3NXjUOBjsMxFtgBe0Uan1JHt	1375.00	1	65.00	0.00	2023-07-25 11:33:16	2023-07-25 11:33:42	\N	0
72	7164bfc8b3a6ee01690290355	A	71	pi_3NXkw3BjsMxFtgBe0xIDjIIu	31.00	1	1.00	0.00	2023-07-25 13:05:56	2023-07-25 13:06:11	\N	0
73	7164bfc98d57ee81690290573	A	71	pi_3NXkzZBjsMxFtgBe1raJ1ONe	162.25	1	7.25	0.00	2023-07-25 13:09:33	2023-07-25 13:09:53	\N	0
74	5464c0ba57c66051690352215	A	54	pi_3NY11oBjsMxFtgBe0ihqM0JD	29.95	1	0.95	0.00	2023-07-26 06:16:56	2023-07-26 06:17:15	\N	0
75	5464c0c9f595fe51690356213	A	54	pi_3NY24HBjsMxFtgBe18cOVa6g	162.25	1	7.25	0.00	2023-07-26 07:23:34	2023-07-26 07:23:51	\N	0
76	5464c0cce0805631690356960	A	54	pi_3NY2GKBjsMxFtgBe12KV2vyd	162.25	1	7.25	0.00	2023-07-26 07:36:00	2023-07-26 07:36:21	\N	0
77	5464c0f4e95a2751690367209	A	54	pi_3NY4vdBjsMxFtgBe0CKqEIgw	20.50	1	0.50	0.00	2023-07-26 10:26:49	2023-07-26 10:27:06	\N	0
78	5464c0ff35dd3dd1690369845	A	54	pi_3NY5cABjsMxFtgBe1HGpzlUv	29.95	1	0.95	0.00	2023-07-26 11:10:46	2023-07-26 11:11:04	\N	0
79	5464c0ffd0addee1690370000	A	54	pi_3NY5eeBjsMxFtgBe0haBnBTC	304.00	1	14.00	0.00	2023-07-26 11:13:21	2023-07-26 11:13:42	\N	0
80	5464c100db4db891690370267	A	54	pi_3NY5ixBjsMxFtgBe1hW7dtIC	29.95	1	0.95	0.00	2023-07-26 11:17:47	2023-07-26 11:18:08	\N	0
81	5464c1015e5dfb61690370398	A	54	pi_3NY5l4BjsMxFtgBe0hwYjcm8	304.00	1	14.00	0.00	2023-07-26 11:19:58	2023-07-26 11:20:15	\N	0
82	5464c10eb88f6c71690373816	A	54	pi_3NY6eCBjsMxFtgBe0lT6PXAG	29.95	1	0.95	0.00	2023-07-26 12:16:56	2023-07-26 12:17:15	\N	0
83	5464c12179c4a431690378617	A	54	pi_3NY7teBjsMxFtgBe03mEsNI8	29.95	1	0.95	0.00	2023-07-26 13:36:58	2023-07-26 13:37:26	\N	0
84	6964c1f66874a3b1690433128	A	69	pi_3NYM4qBjsMxFtgBe0bKdh6HA	62.50	1	2.50	0.00	2023-07-27 04:45:28	2023-07-27 04:45:38	\N	0
85	5464c24edbcf2391690455771	A	54	pi_3NYRy4BjsMxFtgBe0lphRSwd	29.95	1	0.95	0.00	2023-07-27 11:02:52	2023-07-27 11:03:16	\N	0
86	7564c42417f15ba1690575895	A	75	pi_3NYxDYBjsMxFtgBe0Kt61muq	20.50	1	0.50	0.00	2023-07-28 20:24:56	2023-07-28 20:26:10	\N	0
87	7564c4db68b618b1690622824	A	75	pi_3NZ9QSBjsMxFtgBe00ZEJnMN	20.50	1	0.50	0.00	2023-07-29 09:27:05	2023-07-29 09:27:27	\N	0
88	7564c4e757dc7bb1690625879	A	75	pi_3NZADkBjsMxFtgBe13B3kAaR	20.50	1	0.50	0.00	2023-07-29 10:18:00	2023-07-29 10:18:16	\N	0
89	2	P	69	pi_3NaHxfBjsMxFtgBe1IUk1hyv	200.00	1	0.00	0.00	2023-08-01 12:46:04	\N	\N	0
90	3	P	69	pi_3NaI0PBjsMxFtgBe1A3geqAa	400.00	1	0.00	0.00	2023-08-01 12:48:54	\N	\N	0
91	4	P	77	pi_3NaYQPBjsMxFtgBe0d2cxzEQ	400.00	1	0.00	0.00	2023-08-02 06:20:50	\N	\N	0
92	5	P	77	pi_3NaZvbBjsMxFtgBe1yb6hEZ5	400.00	1	0.00	0.00	2023-08-02 07:57:07	\N	\N	0
93	6	P	54	pi_3NaaEiBjsMxFtgBe1eLkNAYj	400.00	1	0.00	0.00	2023-08-02 08:16:52	\N	\N	0
94	7	P	54	pi_3NaaFZBjsMxFtgBe0dNDcbyS	400.00	1	0.00	0.00	2023-08-02 08:17:45	\N	\N	0
95	8	P	54	pi_3Nab22BjsMxFtgBe0WZ0rDPw	400.00	1	0.00	0.00	2023-08-02 09:07:50	\N	\N	0
96	9	P	76	pi_3NaypYBjsMxFtgBe0le87AQb	200.00	1	0.00	0.00	2023-08-03 10:32:32	\N	\N	0
97	10	P	76	pi_3NayrHBjsMxFtgBe0nM39jh1	200.00	1	0.00	0.00	2023-08-03 10:34:19	\N	\N	0
98	11	P	76	pi_3NayrOBjsMxFtgBe0fogwKYT	400.00	1	0.00	0.00	2023-08-03 10:34:26	\N	\N	0
99	12	P	76	pi_3NayrTBjsMxFtgBe02FRmecJ	200.00	1	0.00	0.00	2023-08-03 10:34:32	\N	\N	0
100	13	P	76	pi_3NayrbBjsMxFtgBe06S8Vtb3	1000.00	1	0.00	0.00	2023-08-03 10:34:39	\N	\N	0
101	6964cc266e91e161691100782	A	69	pi_3Nb9lSBjsMxFtgBe0xa0ECJN	4837.90	1	229.90	0.00	2023-08-03 22:13:03	2023-08-03 22:13:21	\N	0
102	6964cc2c458eedf1691102277	P	69	pi_3NbA9ZBjsMxFtgBe029I2pXw	20.50	1	0.50	0.00	2023-08-03 22:37:57	\N	\N	0
103	5464cce855f35c41691150421	P	54	pi_3NbMg6BjsMxFtgBe1IzJqCkw	200.00	1	0.00	0.00	2023-08-04 12:00:22	\N	\N	0
104	8264cd01b28c9c51691156914	P	82	pi_3NbOMoBjsMxFtgBe04MZCZ98	20.00	1	0.00	0.00	2023-08-04 13:48:35	\N	\N	0
105	8264cd01b933c331691156921	P	82	pi_3NbOMvBjsMxFtgBe1V4wQYmt	20.00	1	0.00	0.00	2023-08-04 13:48:41	\N	\N	0
106	8264cd01bdb13901691156925	A	82	pi_3NbOMzBjsMxFtgBe0LeicIBp	20.00	1	0.00	0.00	2023-08-04 13:48:46	2023-08-04 13:49:02	\N	0
107	5464cd11be0daab1691161022	P	54	pi_3NbPR4BjsMxFtgBe1lkzq0Vp	130.00	1	0.00	0.00	2023-08-04 14:57:02	\N	\N	0
108	5464cd11dd9fda01691161053	P	54	pi_3NbPRZBjsMxFtgBe0PGAyesT	130.00	1	0.00	0.00	2023-08-04 14:57:34	\N	\N	0
109	5464cd1232a04511691161138	P	54	pi_3NbPSwBjsMxFtgBe13E3YvkN	130.00	1	0.00	0.00	2023-08-04 14:58:59	\N	\N	0
110	5464cdff214f0d11691221793	P	54	pi_3NbfFFBjsMxFtgBe1WGWTXVb	123.00	1	0.00	0.00	2023-08-05 07:49:53	\N	\N	0
111	5464ce29e9c61eb1691232745	A	54	pi_3Nbi5uBjsMxFtgBe06S3iEna	145.00	1	0.00	0.00	2023-08-05 10:52:26	2023-08-05 10:52:57	\N	0
112	14	P	54	pi_3NbjgiBjsMxFtgBe1XIr8u1g	240.00	1	0.00	0.00	2023-08-05 12:34:32	\N	\N	0
113	8964ce81156f3501691255061	A	89	pi_3NbntpBjsMxFtgBe0Xj1O580	10.00	1	0.00	0.00	2023-08-05 17:04:21	2023-08-05 17:04:41	\N	0
114	8964ce9db8bdb0e1691262392	P	89	pi_3Nbpo4BjsMxFtgBe1ffS4ivY	625.00	1	0.00	0.00	2023-08-05 19:06:33	\N	\N	0
115	15	P	54	pi_3NcMtABjsMxFtgBe0Ns8bH2B	240.00	1	0.00	0.00	2023-08-07 06:26:00	\N	\N	0
116	9264d0ba2f9a8301691400751	A	92	pi_3NcPnfBjsMxFtgBe1Hvpseie	10.00	1	0.00	0.00	2023-08-07 09:32:32	2023-08-07 09:32:48	\N	0
117	16	P	54	pi_3NcYXYBjsMxFtgBe0o6CNbgO	480.00	1	0.00	0.00	2023-08-07 18:52:28	\N	\N	0
118	5464d13f07a5d411691434759	P	54	pi_3NcYeBBjsMxFtgBe1f86BVo9	99.00	1	0.00	0.00	2023-08-07 18:59:20	\N	\N	0
119	17	P	54	pi_3NcabvBjsMxFtgBe1ONEpW7e	240.00	1	0.00	0.00	2023-08-07 21:05:07	\N	\N	0
120	18	P	54	pi_3NcaozBjsMxFtgBe0LwOIfUB	360.00	1	0.00	0.00	2023-08-07 21:18:37	\N	\N	0
121	19	P	54	pi_3NcarOBjsMxFtgBe1r1dbNGg	480.00	1	0.00	0.00	2023-08-07 21:21:06	\N	\N	0
122	20	P	54	pi_3NcauhBjsMxFtgBe04SRE5wV	480.00	1	0.00	0.00	2023-08-07 21:24:31	\N	\N	0
123	21	P	54	pi_3Ncb1TBjsMxFtgBe0fhEOSCn	360.00	1	0.00	0.00	2023-08-07 21:31:31	\N	\N	0
124	9664d22f04a4c1f1691496196	A	96	pi_3Ncod6BjsMxFtgBe1kI4zGtr	10.00	1	0.00	0.00	2023-08-08 12:03:17	2023-08-08 12:03:42	\N	0
125	6964d378389a80f1691580472	P	69	cs_test_a1fPBRCgnhK8vsoeotKlKLg9iHFneOgpEwtqzi2ToWSXuh29itl9PJxVG4	10.00	1	0.00	0.00	2023-08-09 11:27:53	\N	\N	0
126	5464d51b561fcd81691687766	P	54	pi_3NdcSwBjsMxFtgBe0S6YzbGx	500.00	1	0.00	0.00	2023-08-10 17:16:06	\N	\N	0
127	5464d51e2c716501691688492	P	54	pi_3NdceeBjsMxFtgBe08GDSSuP	500.00	1	0.00	0.00	2023-08-10 17:28:12	\N	\N	0
128	5464d5236c94c181691689836	P	54	pi_3Ndd0KBjsMxFtgBe02wZjx7P	500.00	1	0.00	0.00	2023-08-10 17:50:36	\N	\N	0
129	5464d536684f0351691694696	P	54	pi_3NdeGiBjsMxFtgBe1xRq9pRX	500.00	1	0.00	0.00	2023-08-10 19:11:36	\N	\N	0
130	5464d53ce0a47661691696352	P	54	pi_3NdehQBjsMxFtgBe1yIkoTlQ	500.00	1	0.00	0.00	2023-08-10 19:39:13	\N	\N	0
131	9664d614af9ae3a1691751599	P	96	pi_3Ndt4VBjsMxFtgBe0CIFClKg	5.00	1	0.00	0.00	2023-08-11 11:00:00	\N	\N	0
132	9664d614bab3cf11691751610	P	96	pi_3Ndt4gBjsMxFtgBe0LXqpVf7	5.00	1	0.00	0.00	2023-08-11 11:00:11	\N	\N	0
133	9664d6258dcb4b71691755917	P	96	pi_3NduCABjsMxFtgBe0jHEYxmE	5.00	1	0.00	0.00	2023-08-11 12:11:58	\N	\N	0
134	9664d627e6037d71691756518	A	96	pi_3NduLqBjsMxFtgBe1dFeViEa	5.00	1	0.00	0.00	2023-08-11 12:21:58	2023-08-11 12:22:13	\N	0
135	9064d84aa37a2701691896483	A	90	pi_3NeUlLBjsMxFtgBe0s78FHkR	10.00	1	0.00	0.00	2023-08-13 03:14:43	2023-08-13 03:15:09	\N	0
136	9064da0605130a11692009989	A	90	pi_3NeyI5BjsMxFtgBe11kKtCZ2	25.00	1	0.00	0.00	2023-08-14 10:46:29	2023-08-14 10:46:50	\N	0
137	7764da0c0f9d1121692011535	A	77	pi_3Neyh1BjsMxFtgBe0oSIkLEE	1711.00	1	0.00	0.00	2023-08-14 11:12:16	2023-08-14 11:12:31	\N	0
138	5464db197380f401692080499	A	54	pi_3NfGdLBjsMxFtgBe0IiXiUMf	5215.00	1	0.00	0.00	2023-08-15 06:21:39	2023-08-15 06:21:56	\N	0
139	5464db1eebb177a1692081899	A	54	pi_3NfGzvBjsMxFtgBe1mq6ITiw	25.00	1	0.00	0.00	2023-08-15 06:45:00	2023-08-15 06:45:12	\N	0
140	5464db1fc54471c1692082117	A	54	pi_3NfH3RBjsMxFtgBe1o2BAsnc	205.00	1	0.00	0.00	2023-08-15 06:48:37	2023-08-15 06:48:51	\N	0
141	5464db1ff63b4411692082166	A	54	pi_3NfH4EBjsMxFtgBe17H85cK1	205.00	1	0.00	0.00	2023-08-15 06:49:26	2023-08-15 06:49:41	\N	0
142	5464db210aa32f01692082442	A	54	pi_3NfH8gBjsMxFtgBe1t6uxb4M	30.00	1	0.00	0.00	2023-08-15 06:54:03	2023-08-15 06:54:19	\N	0
143	9064db5b9798f351692097431	A	90	pi_3NfL2RBjsMxFtgBe1l9y7U1p	40.00	1	0.00	0.00	2023-08-15 11:03:52	2023-08-15 11:04:09	\N	0
144	119	P	108	cs_test_a1R2RYb8aBELfaaIDHE9Vk8aFRwKJzvPO6hsmIUnsSKNPaU9uQh3fVAsIu	300.00	1	0.00	0.00	2023-08-15 13:18:26	\N	\N	0
145	9664db7ce9404171692105961	P	96	pi_3NfNG1BjsMxFtgBe1YHIrzPD	50.00	1	0.00	0.00	2023-08-15 13:26:01	\N	\N	0
146	9664db7cfe9899c1692105982	A	96	pi_3NfNGMBjsMxFtgBe1WySRDcf	50.00	1	0.00	0.00	2023-08-15 13:26:23	2023-08-15 13:26:35	\N	0
147	9664db8225569611692107301	P	96	pi_3NfNbdBjsMxFtgBe066zvlZo	800.00	1	0.00	0.00	2023-08-15 13:48:21	\N	\N	0
148	9664db822e20a9d1692107310	P	96	pi_3NfNbmBjsMxFtgBe1346HQT1	800.00	1	0.00	0.00	2023-08-15 13:48:30	\N	\N	0
149	10964dc35b22761a1692153266	A	109	pi_3NfZZ0BjsMxFtgBe1BQXuB8X	280.00	1	0.00	0.00	2023-08-16 02:34:26	2023-08-16 02:34:44	\N	0
150	10864dc55b14682f1692161457	A	108	pi_3Nfbh7BjsMxFtgBe1GdTm1JC	640.00	1	0.00	0.00	2023-08-16 04:50:57	2023-08-16 04:51:25	\N	0
151	10864dc63ec931241692165100	P	108	pi_3NfcdsBjsMxFtgBe1CWEaQZq	31.25	1	1.25	0.00	2023-08-16 05:51:40	\N	\N	0
152	22	P	109	pi_3NfedSBjsMxFtgBe00uvOLIA	40.00	1	0.00	0.00	2023-08-16 07:59:22	\N	\N	0
153	5464dc8847cf9941692174407	P	54	pi_3Nff40BjsMxFtgBe1weOn8uZ	31.25	1	1.25	0.00	2023-08-16 08:26:48	\N	\N	0
154	10364dca48d60b121692181645	A	103	cs_test_a1IJrJPAzMU0NZ52elVRmyGn0cjxgKuGWrEnz0EPsU24hhpzW6i2mVw4Vv	272.75	1	12.75	0.00	2023-08-16 10:27:26	2023-08-16 10:27:50	\N	0
155	5464dcf1444ee0a1692201284	P	54	pi_3Nfm3UBjsMxFtgBe1RbtWXfa	272.75	1	12.75	0.00	2023-08-16 15:54:44	\N	\N	0
156	5464dcf148d771f1692201288	P	54	pi_3Nfm3ZBjsMxFtgBe1TxjDF5A	272.75	1	12.75	0.00	2023-08-16 15:54:49	\N	\N	0
157	5464dcfccb68fe21692204235	P	54	pi_3Nfmp5BjsMxFtgBe0lQBIguM	272.75	1	12.75	0.00	2023-08-16 16:43:55	\N	\N	0
158	5464dcfcd32b56f1692204243	A	54	pi_3NfmpDBjsMxFtgBe0DdnLYHr	272.75	1	12.75	0.00	2023-08-16 16:44:03	2023-08-16 16:44:20	\N	0
159	10964ddb4485b6bb1692251208	A	109	pi_3Nfz2iBjsMxFtgBe0XTRzytC	120.50	1	5.50	0.00	2023-08-17 05:46:48	2023-08-17 05:47:05	\N	0
160	10964ddb5892cfb01692251529	P	109	pi_3Nfz7tBjsMxFtgBe1buXeo0U	300.00	1	0.00	0.00	2023-08-17 05:52:09	\N	\N	0
161	11264ddb991395101692252561	P	112	pi_3NfzOXBjsMxFtgBe0D4eb6nI	400.00	1	0.00	0.00	2023-08-17 06:09:21	\N	\N	0
162	11264ddb992672371692252562	P	112	pi_3NfzOYBjsMxFtgBe1Hg7srgC	400.00	1	0.00	0.00	2023-08-17 06:09:22	\N	\N	0
163	11264ddbd887a0131692253576	P	112	pi_3NfzeuBjsMxFtgBe1dXfXl6Z	600.00	1	0.00	0.00	2023-08-17 06:26:16	\N	\N	0
164	11264ddbd89deeee1692253577	P	112	pi_3NfzewBjsMxFtgBe1QpTwXJd	600.00	1	0.00	0.00	2023-08-17 06:26:18	\N	\N	0
165	11264ddbe2a242641692253738	P	112	pi_3NfzhWBjsMxFtgBe1ts2SoVf	400.00	1	0.00	0.00	2023-08-17 06:28:58	\N	\N	0
166	23	P	112	pi_3NfziPBjsMxFtgBe1vEuKDMD	40.00	1	0.00	0.00	2023-08-17 06:29:53	\N	\N	0
167	24	P	112	pi_3NfzjjBjsMxFtgBe1i1cClGh	80.00	1	0.00	0.00	2023-08-17 06:31:15	\N	\N	0
168	11264ddc9dc107c71692256732	P	112	pi_3Ng0ToBjsMxFtgBe1omC6sXF	696.50	1	41.50	0.00	2023-08-17 07:18:52	\N	\N	0
169	11364ddcbd7996b21692257239	A	113	pi_3Ng0bzBjsMxFtgBe1sJuOe4v	1603.10	1	76.10	0.00	2023-08-17 07:27:20	2023-08-17 07:27:38	\N	0
170	11864ddcc13238061692257299	A	118	pi_3Ng0cxBjsMxFtgBe1awATA4X	456.50	1	21.50	0.00	2023-08-17 07:28:19	2023-08-17 07:28:40	\N	0
171	25	P	112	pi_3Ng0eLBjsMxFtgBe00CITmGt	40.00	1	0.00	0.00	2023-08-17 07:29:45	\N	\N	0
172	11264ddd4833815e1692259459	P	112	pi_3Ng1BnBjsMxFtgBe1Ap0FtfQ	200.00	1	0.00	0.00	2023-08-17 08:04:19	\N	\N	0
173	11264ddd4847d7f81692259460	P	112	pi_3Ng1BoBjsMxFtgBe1RIT4PxU	200.00	1	0.00	0.00	2023-08-17 08:04:20	\N	\N	0
174	11264ddd52edeb851692259630	P	112	pi_3Ng1EZBjsMxFtgBe1BujJWQC	80.00	1	0.00	0.00	2023-08-17 08:07:11	\N	\N	0
175	11264ddd8ea693821692260586	A	112	pi_3Ng1TyBjsMxFtgBe1jg4XDNf	876.50	1	41.50	0.00	2023-08-17 08:23:06	2023-08-17 08:23:28	\N	0
176	11264ddd9eb012951692260843	P	112	pi_3Ng1Y7BjsMxFtgBe0DDiP6zA	92.00	1	7.00	0.00	2023-08-17 08:27:23	\N	\N	0
177	11264dddf1152c061692262161	P	112	pi_3Ng1tNBjsMxFtgBe1YQEmBIO	89.00	1	0.00	0.00	2023-08-17 08:49:21	\N	\N	0
178	11264dddf963b75f1692262294	A	112	pi_3Ng1vWBjsMxFtgBe1PRR84JQ	167.75	1	7.75	0.00	2023-08-17 08:51:34	2023-08-17 08:51:58	\N	0
179	11264dde4954ed3a1692263573	P	112	pi_3Ng2G9BjsMxFtgBe0hF9FhVX	200.00	1	0.00	0.00	2023-08-17 09:12:53	\N	\N	0
180	11264dde4965f4111692263574	P	112	pi_3Ng2GABjsMxFtgBe1hgYKZZC	200.00	1	0.00	0.00	2023-08-17 09:12:54	\N	\N	0
181	11264dde49683bba1692263574	P	112	pi_3Ng2GABjsMxFtgBe1enZK4LG	200.00	1	0.00	0.00	2023-08-17 09:12:54	\N	\N	0
182	11264dde79e8069d1692264350	P	112	pi_3Ng2SgBjsMxFtgBe0PH01mCO	50.00	1	0.00	0.00	2023-08-17 09:25:50	\N	\N	0
183	11264ddea778b72b1692265079	P	112	pi_3Ng2eRBjsMxFtgBe1uqMRdSC	67.00	1	0.00	0.00	2023-08-17 09:37:59	\N	\N	0
184	11964ddf958914471692268888	P	119	pi_3Ng3dsBjsMxFtgBe1xVxZVFr	200.00	1	0.00	0.00	2023-08-17 10:41:28	\N	\N	0
185	11964ddf960252281692268896	P	119	pi_3Ng3e0BjsMxFtgBe0PswijX2	200.00	1	0.00	0.00	2023-08-17 10:41:36	\N	\N	0
186	11964ddf96cdd9251692268908	P	119	pi_3Ng3eDBjsMxFtgBe1Dq4CMj7	200.00	1	0.00	0.00	2023-08-17 10:41:49	\N	\N	0
187	11964ddf9bc53d311692268988	P	119	pi_3Ng3fUBjsMxFtgBe1fh6FoI6	200.00	1	0.00	0.00	2023-08-17 10:43:08	\N	\N	0
188	11964ddfa346ea5a1692269108	P	119	pi_3Ng3hQBjsMxFtgBe15r0W6bh	200.00	1	0.00	0.00	2023-08-17 10:45:08	\N	\N	0
189	11964ddfcf1db3211692269809	P	119	pi_3Ng3skBjsMxFtgBe16QnmxvN	200.00	1	0.00	0.00	2023-08-17 10:56:50	\N	\N	0
190	26	P	119	pi_3Ng4W4BjsMxFtgBe1Bm9DkDL	40.00	1	0.00	0.00	2023-08-17 11:37:28	\N	\N	0
191	27	P	119	pi_3Ng4t0BjsMxFtgBe1gKx2Mc7	120.00	1	0.00	0.00	2023-08-17 12:01:10	\N	\N	0
192	11964de0df4df4b41692274164	A	119	pi_3Ng50zBjsMxFtgBe0jHTvpau	31.25	1	1.25	0.00	2023-08-17 12:09:25	2023-08-17 12:09:51	\N	0
193	11264de136de15d91692275565	P	112	pi_3Ng5NaBjsMxFtgBe1nxRUMyo	78.00	1	0.00	0.00	2023-08-17 12:32:46	\N	\N	0
194	11264de136f8f0851692275567	P	112	pi_3Ng5NbBjsMxFtgBe0ZQjyQ3j	78.00	1	0.00	0.00	2023-08-17 12:32:47	\N	\N	0
195	11264de1379438951692275577	P	112	pi_3Ng5NlBjsMxFtgBe0Y75MFdZ	78.00	1	0.00	0.00	2023-08-17 12:32:57	\N	\N	0
196	11964de160d0561f1692276237	P	119	pi_3Ng5YPBjsMxFtgBe1Oat81Lq	68.00	1	3.00	0.00	2023-08-17 12:43:57	\N	\N	0
197	28	P	112	pi_3Ng6gxBjsMxFtgBe1Z1XTPzx	40.00	1	0.00	0.00	2023-08-17 13:56:51	\N	\N	0
198	5464de3148b9c101692283208	P	54	pi_3Ng7MqBjsMxFtgBe13oqEvUG	31.25	1	1.25	0.00	2023-08-17 14:40:09	\N	\N	0
199	5464de31e1b91661692283361	P	54	pi_3Ng7PJBjsMxFtgBe10m4eaHk	15.50	1	0.50	0.00	2023-08-17 14:42:42	\N	\N	0
200	11264defd7c8e25d1692335484	P	112	pi_3NgKy0BjsMxFtgBe1J3bV3QA	200.00	1	0.00	0.00	2023-08-18 05:11:24	\N	\N	0
201	11264defd8599dbb1692335493	P	112	pi_3NgKy9BjsMxFtgBe0TrOypVr	200.00	1	0.00	0.00	2023-08-18 05:11:34	\N	\N	0
202	29	P	120	cs_test_a1wFyggSCktzdQDp8Ll7QYO0NhyqlwWOTgO7OJpnHk5xb4hiULeGgWqutJ	40.00	1	0.00	0.00	2023-08-18 07:37:44	\N	\N	0
203	30	P	112	pi_3NgRRaBjsMxFtgBe0F3bHjVc	40.00	1	0.00	0.00	2023-08-18 12:06:23	\N	\N	0
204	31	P	119	cs_test_a1x1EqO0YdYIDDhRBEXBl69nfoueIl0PJ7muYI7cb6ILgiPmunO6WPKMQC	40.00	1	0.00	0.00	2023-08-18 12:25:15	\N	\N	0
205	11264e065ba313061692427706	P	112	pi_3NgixSBjsMxFtgBe1FuhkoRs	200.00	1	0.00	0.00	2023-08-19 06:48:26	\N	\N	0
206	5464e071520ea9f1692430674	P	54	pi_3NgjjKBjsMxFtgBe1B6CYSJ0	100.00	1	0.00	0.00	2023-08-19 07:37:54	\N	\N	0
207	32	P	55	pi_3NgjqUBjsMxFtgBe1733CWB1	80.00	1	0.00	0.00	2023-08-19 07:45:18	\N	\N	0
208	11264e073dd608d81692431325	P	112	pi_3NgjtpBjsMxFtgBe09f2e5vM	200.00	1	0.00	0.00	2023-08-19 07:48:45	\N	\N	0
209	11264e07446678051692431430	A	112	pi_3NgjvWBjsMxFtgBe07rJnhDr	99.50	1	4.50	0.00	2023-08-19 07:50:30	2023-08-19 07:50:50	\N	0
210	11964e076fe41a771692432126	P	119	pi_3Ngk6kBjsMxFtgBe0GONqfMp	400.00	1	0.00	0.00	2023-08-19 08:02:06	\N	\N	0
211	11964e077607ab9c1692432224	P	119	pi_3Ngk8KBjsMxFtgBe0GiA3Me2	400.00	1	0.00	0.00	2023-08-19 08:03:44	\N	\N	0
212	11964e077615606a1692432225	P	119	pi_3Ngk8LBjsMxFtgBe0CsVh8vt	400.00	1	0.00	0.00	2023-08-19 08:03:45	\N	\N	0
213	11964e077dfbd8bd1692432351	P	119	pi_3NgkAOBjsMxFtgBe0JUk3oqz	78.00	1	0.00	0.00	2023-08-19 08:05:52	\N	\N	0
214	11964e078ae57e8b1692432558	P	119	pi_3NgkDiBjsMxFtgBe1LyKPONb	400.00	1	0.00	0.00	2023-08-19 08:09:18	\N	\N	0
215	11964e078af920571692432559	P	119	pi_3NgkDjBjsMxFtgBe0nCZqOfX	400.00	1	0.00	0.00	2023-08-19 08:09:19	\N	\N	0
216	33	P	119	pi_3NgkElBjsMxFtgBe1ey6b1X5	40.00	1	0.00	0.00	2023-08-19 08:10:23	\N	\N	0
217	11964e0792cecf581692432684	A	119	pi_3NgkFlBjsMxFtgBe1RcDIMEH	52.25	1	2.25	0.00	2023-08-19 08:11:25	2023-08-19 08:11:42	\N	0
218	11964e0827e1ba6c1692435070	P	119	pi_3NgksEBjsMxFtgBe0hXXSiAJ	100.00	1	0.00	0.00	2023-08-19 08:51:10	\N	\N	0
219	11264e090f63aec91692438774	P	112	pi_3NglpyBjsMxFtgBe0wMhjhVX	400.00	1	0.00	0.00	2023-08-19 09:52:54	\N	\N	0
220	34	P	108	cs_test_a1SR32liDFs66VZSXUoXlggcRjLCZMZTmbPIFML3x5CmcudcKR4m9Plgiy	120.00	1	0.00	0.00	2023-08-19 10:04:21	\N	\N	0
221	5564e098aaa809c1692440746	P	55	pi_3NgmLmBjsMxFtgBe1WXuyKI2	50.00	1	5.00	0.00	2023-08-19 10:25:47	\N	\N	0
222	275	P	119	cs_test_a1nCo4qjk57DXkRc14YvpA6c1NoSkFattDzCtWVAMTDagvmHw9d0o2JnyR	200.00	1	0.00	0.00	2023-08-19 10:32:01	\N	\N	0
223	277	P	119	cs_test_a1DdXyXQyJg19NHs7wucI8GnPzcVzLO1dt9rS6svTQpDM9vkeXSTQ3gydQ	78.00	1	0.00	0.00	2023-08-19 10:39:14	\N	\N	0
224	5464e09c747cada1692441716	P	54	pi_3NgmbQBjsMxFtgBe1W13aUwG	100.00	1	0.00	0.00	2023-08-19 10:41:56	\N	\N	0
225	35	P	119	cs_test_a1ZMY7ogFQhGFcFso2UoNK44SimBKC1NrT8bnXgpaidSgpCtcRIAOLudIu	40.00	1	0.00	0.00	2023-08-19 10:45:04	\N	\N	0
226	11964e09ee2f1bdd1692442338	A	119	cs_test_a1CjTM9ufxSuTqisN1hREXwc0FFM1WQrq2lOQOVc2TrRqYClD4yB1qmqZA	136.25	1	6.25	0.00	2023-08-19 10:52:19	2023-08-19 10:52:47	\N	0
227	5464e0a108b8ba01692442888	P	54	pi_3NgmuKBjsMxFtgBe0SVmJefS	100.00	1	0.00	0.00	2023-08-19 11:01:29	\N	\N	0
228	10864e0ae4fb7f741692446287	A	108	cs_test_a1VFRm8pwhSsyyKwgxqkvl9YfIx9NZem9gUYJUuXjCBw2idwwpg6nj8R4J	866.00	1	41.00	0.00	2023-08-19 11:58:08	2023-08-19 11:58:43	\N	0
229	11864e0d7a7e99f91692456871	P	118	pi_3NgqXsBjsMxFtgBe0ba8akkR	36.50	1	1.50	0.00	2023-08-19 14:54:32	\N	\N	0
230	12264e0d8c8930831692457160	P	122	cs_test_a1tOTzQvRhF6Wdfu7K80UIAQ9IMnWuaDdTpEkjHGsoryo8BMROIGphbtwa	435.50	1	20.50	0.00	2023-08-19 14:59:21	\N	\N	0
470	127	P	140	pz4avz1j9m	90.00	1	0.00	0.00	2023-09-19 09:09:09	\N	\N	0
472	129	P	140	l6owz8ou6m	180.00	1	0.00	0.00	2023-09-19 09:17:13	\N	\N	0
231	6964e0dfd68024e1692458966	A	69	cs_test_a1HurNbp363jVyU0jPntggFx7o1ZwdJmjPoAShrXVq7geJXxIvgynue4X3	530.00	1	25.00	0.00	2023-08-19 15:29:27	2023-08-19 15:29:49	\N	0
232	315	P	119	cs_test_a1Jn8SLl33eecbFgO82A8NMesBErjoVitMVSQ906imVVLD14cRbeBtAZuf	200.00	1	0.00	0.00	2023-08-21 05:59:48	\N	\N	0
233	316	P	119	cs_test_a1zgctBQ7Uo32wFrSZ4HdPjTDUUdGdhzltgr0ghqc433Js7ZRXU2ZIpa5e	400.00	1	0.00	0.00	2023-08-21 06:06:24	\N	\N	0
234	322	P	119	cs_test_a1WTsI6szo6rfzYdEd1cEpoTAQo5EXDms2vmLlahtS69EaMEXwDjvcx6rQ	200.00	1	0.00	0.00	2023-08-21 06:17:52	\N	\N	0
235	324	P	119	cs_test_a1DFr2LxPrtZnSYzxLb9DWcBFGi6xaloCfd2HLBpG5iamqTg4OiPDvywCJ	200.00	1	0.00	0.00	2023-08-21 06:21:31	\N	\N	0
236	325	P	119	cs_test_a1DQxnwJ1zgXLmFCeSc4glnKAmHiyAM0yZxIrAQVN9QBQkui68qP9bmKuB	200.00	1	0.00	0.00	2023-08-21 06:25:34	\N	\N	0
237	36	P	119	cs_test_a1GUFOkl5U7dBZFXQnopudr142W2ipbBsFNCuXPvVtGzK4qyKJpjI2t5YX	40.00	1	0.00	0.00	2023-08-21 06:26:26	\N	\N	0
238	327	P	119	cs_test_a1oLWJHoQ2uxrWaL9xeFNEgn5dC2uKUR2xDnYrR2VoiZ3adlorLfD3iym8	200.00	1	0.00	0.00	2023-08-21 06:31:55	\N	\N	0
239	11964e306a1c47f81692599969	A	119	cs_test_a1EeFcVr3NOKWjOeSMHL6XYdpXsboUEDulfEjuDNPt9z5PHGEwEthIsoUS	110.00	1	5.00	0.00	2023-08-21 06:39:30	2023-08-21 06:39:59	\N	0
240	11964e3140fcb9181692603407	P	119	pi_3NhSfMBjsMxFtgBe1bz5BO2N	200.00	1	0.00	0.00	2023-08-21 07:36:48	\N	\N	0
241	11964e314114c00d1692603409	P	119	pi_3NhSfNBjsMxFtgBe03MDSnv2	200.00	1	0.00	0.00	2023-08-21 07:36:49	\N	\N	0
242	11964e3148fe41ff1692603535	P	119	pi_3NhShQBjsMxFtgBe0ljbpGHo	400.00	1	0.00	0.00	2023-08-21 07:38:56	\N	\N	0
243	11964e314915310d1692603537	P	119	pi_3NhShRBjsMxFtgBe1KKGWPds	400.00	1	0.00	0.00	2023-08-21 07:38:57	\N	\N	0
244	11964e3194b0d9fa1692604747	P	119	pi_3NhT0xBjsMxFtgBe0mnGw3Hj	200.00	1	0.00	0.00	2023-08-21 07:59:07	\N	\N	0
245	11964e3194ca3f161692604748	P	119	pi_3NhT0yBjsMxFtgBe1yXVHdVV	200.00	1	0.00	0.00	2023-08-21 07:59:09	\N	\N	0
246	11964e31aa7994d51692605095	A	119	pi_3NhT6ZBjsMxFtgBe0BTjxsRj	477.50	1	22.50	0.00	2023-08-21 08:04:55	2023-08-21 08:05:15	\N	0
247	11964e31dad93fdf1692605869	P	119	pi_3NhTJ3BjsMxFtgBe0WDeNpeQ	400.00	1	0.00	0.00	2023-08-21 08:17:49	\N	\N	0
248	11964e321440c7721692606788	P	119	pi_3NhTXsBjsMxFtgBe173ZQoSL	67.00	1	0.00	0.00	2023-08-21 08:33:08	\N	\N	0
249	11964e3241665b351692607510	A	119	pi_3NhTjWBjsMxFtgBe00n3FYsg	36.50	1	1.50	0.00	2023-08-21 08:45:10	2023-08-21 08:45:34	\N	0
250	10364e32b97d14c81692609431	P	103	pi_3NhUEWBjsMxFtgBe1kw4yY9B	100.00	1	0.00	0.00	2023-08-21 09:17:12	\N	\N	0
251	11964e37afd628571692629757	P	119	pi_3NhZWLBjsMxFtgBe0XYsTQ04	200.00	1	0.00	0.00	2023-08-21 14:55:57	\N	\N	0
252	11964e37afeb5ece1692629758	P	119	pi_3NhZWMBjsMxFtgBe0HWtu5Qk	200.00	1	0.00	0.00	2023-08-21 14:55:59	\N	\N	0
253	5464e3842d83e601692632109	A	54	pi_3Nha8HBjsMxFtgBe0Q55fUZp	68.00	1	3.00	0.00	2023-08-21 15:35:10	2023-08-21 15:35:26	\N	0
254	11364e436cc35e051692677836	A	113	pi_3Nhm1oBjsMxFtgBe0K99oAqE	41.75	1	1.75	0.00	2023-08-22 04:17:16	2023-08-22 04:17:36	\N	0
255	37	P	113	pi_3Nhm4SBjsMxFtgBe0oRGl3kv	80.00	1	0.00	0.00	2023-08-22 04:20:00	\N	\N	0
256	38	P	113	pi_3Nhm4aBjsMxFtgBe1s3MnW5m	80.00	1	0.00	0.00	2023-08-22 04:20:09	\N	\N	0
257	11364e4388bc7bf61692678283	P	113	pi_3Nhm92BjsMxFtgBe0bXEHQZt	5000.00	1	0.00	0.00	2023-08-22 04:24:44	\N	\N	0
258	39	P	54	pi_3NhnB9BjsMxFtgBe0cBBhmfC	80.00	1	0.00	0.00	2023-08-22 05:30:59	\N	\N	0
259	40	P	118	pi_3NhnWWBjsMxFtgBe1K2Asn2k	80.00	1	0.00	0.00	2023-08-22 05:53:05	\N	\N	0
260	11564e44d9d46ada1692683677	P	115	pi_3NhnY1BjsMxFtgBe1bQTte0S	400.00	1	0.00	0.00	2023-08-22 05:54:37	\N	\N	0
261	11564e44da4195971692683684	P	115	pi_3NhnY8BjsMxFtgBe0mOuXEXu	400.00	1	0.00	0.00	2023-08-22 05:54:44	\N	\N	0
262	11564e44ddf681ad1692683743	P	115	pi_3NhnZ5BjsMxFtgBe0TwnTUer	200.00	1	0.00	0.00	2023-08-22 05:55:43	\N	\N	0
263	11564e44e0bbbc3e1692683787	P	115	pi_3NhnZnBjsMxFtgBe0FhOUVdL	200.00	1	0.00	0.00	2023-08-22 05:56:28	\N	\N	0
264	11564e44e5050ad31692683856	P	115	pi_3NhnauBjsMxFtgBe1TCZu39c	200.00	1	0.00	0.00	2023-08-22 05:57:36	\N	\N	0
265	11564e44e608a0461692683872	P	115	pi_3NhnbABjsMxFtgBe0c0AXUOg	200.00	1	0.00	0.00	2023-08-22 05:57:52	\N	\N	0
266	11564e4502f6f2211692684335	P	115	pi_3NhnidBjsMxFtgBe0g660T6Y	600.00	1	0.00	0.00	2023-08-22 06:05:35	\N	\N	0
267	11564e4503c496031692684348	P	115	pi_3NhniqBjsMxFtgBe0SEh5yq9	600.00	1	0.00	0.00	2023-08-22 06:05:48	\N	\N	0
269	11564e451327734c1692684594	P	115	pi_3NhnmoBjsMxFtgBe0FPnEM8r	400.00	1	0.00	0.00	2023-08-22 06:09:54	\N	\N	0
268	12764e4512375bf31692684579	A	127	pi_3NhnmZBjsMxFtgBe1vWLH6Rj	110.00	1	5.00	0.00	2023-08-22 06:09:39	2023-08-22 06:10:01	\N	0
270	11564e452a88e3e81692684968	A	115	pi_3NhnsqBjsMxFtgBe0ORnKuw4	21.50	1	6.50	0.00	2023-08-22 06:16:08	2023-08-22 06:16:27	\N	0
271	11564e454c065f461692685504	P	115	pi_3Nho1UBjsMxFtgBe1VtW35FN	160.25	1	10.25	0.00	2023-08-22 06:25:04	\N	\N	0
272	11464e45d6ff3ace1692687727	A	114	pi_3NhobMBjsMxFtgBe1SqGAQmO	83.75	1	3.75	0.00	2023-08-22 07:02:08	2023-08-22 07:02:25	\N	0
273	41	P	114	pi_3NhogIBjsMxFtgBe1MfSE8cL	80.00	1	0.00	0.00	2023-08-22 07:07:14	\N	\N	0
274	12964e45f7367bb91692688243	P	129	pi_3NhojfBjsMxFtgBe06zktqIV	1958.00	1	93.00	0.00	2023-08-22 07:10:43	\N	\N	0
275	12964e46082c9bf51692688514	A	129	pi_3Nhoo3BjsMxFtgBe1Q1KDYE7	1202.00	1	57.00	0.00	2023-08-22 07:15:15	2023-08-22 07:15:30	\N	0
276	12964e462dd97f5f1692689117	A	129	pi_3NhoxlBjsMxFtgBe0bli4ysE	1359.50	1	64.50	0.00	2023-08-22 07:25:18	2023-08-22 07:25:32	\N	0
277	12964e4657086f101692689776	P	129	pi_3Nhp8OBjsMxFtgBe0wFaoOx7	200.00	1	0.00	0.00	2023-08-22 07:36:17	\N	\N	0
278	12664e471f47b65c1692692980	P	126	pi_3Nhpy4BjsMxFtgBe0IC5Xomv	400.00	1	0.00	0.00	2023-08-22 08:29:40	\N	\N	0
279	12664e47272714c71692693106	P	126	pi_3Nhq06BjsMxFtgBe0FUpQHXW	600.00	1	0.00	0.00	2023-08-22 08:31:46	\N	\N	0
280	12664e4740be5d071692693515	P	126	pi_3Nhq6iBjsMxFtgBe1FcnTT0S	400.00	1	0.00	0.00	2023-08-22 08:38:36	\N	\N	0
281	12664e474f5e1c3b1692693749	P	126	pi_3NhqAUBjsMxFtgBe1REFME96	67.00	1	0.00	0.00	2023-08-22 08:42:30	\N	\N	0
282	12664e475070abd01692693767	P	126	pi_3NhqAlBjsMxFtgBe0K0anNZX	67.00	1	0.00	0.00	2023-08-22 08:42:47	\N	\N	0
283	42	P	126	pi_3NhqBaBjsMxFtgBe0sEPYDvv	50.00	1	0.00	0.00	2023-08-22 08:43:39	\N	\N	0
284	12664e4775576b531692694357	A	126	pi_3NhqKHBjsMxFtgBe1IjhgF4b	26.00	1	1.00	0.00	2023-08-22 08:52:37	2023-08-22 08:53:09	\N	0
285	12664e478c56d1e91692694725	P	126	pi_3NhqQDBjsMxFtgBe0ntehiWQ	601.20	1	54.20	0.00	2023-08-22 08:58:45	\N	\N	0
286	12664e478c95ee8e1692694729	P	126	pi_3NhqQHBjsMxFtgBe1rZ3EKnl	601.20	1	54.20	0.00	2023-08-22 08:58:49	\N	\N	0
287	12664e478d0dec411692694736	A	126	pi_3NhqQPBjsMxFtgBe1dNIFKzS	601.20	1	54.20	0.00	2023-08-22 08:58:57	2023-08-22 08:59:14	\N	0
288	13064e47f6a66b851692696426	A	130	pi_3NhqreBjsMxFtgBe0bhbWuP5	31.25	1	1.25	0.00	2023-08-22 09:27:06	2023-08-22 09:27:46	\N	0
289	11964e4836f4783f1692697455	A	119	pi_3Nhr8FBjsMxFtgBe0c3YBjDv	1499.15	1	71.15	0.00	2023-08-22 09:44:15	2023-08-22 09:44:36	\N	0
290	13064e48bc05609a1692699584	A	130	pi_3NhrgaBjsMxFtgBe0VPYpWEA	299.00	1	14.00	0.00	2023-08-22 10:19:44	2023-08-22 10:20:07	\N	0
291	13064e48d1c5f2341692699932	A	130	pi_3NhrmCBjsMxFtgBe10Ln9MQC	299.00	1	14.00	0.00	2023-08-22 10:25:32	2023-08-22 10:25:59	\N	0
292	13064e4929a683a01692701338	A	130	pi_3Nhs8sBjsMxFtgBe0E9GF1gL	220.25	1	10.25	0.00	2023-08-22 10:48:58	2023-08-22 10:49:31	\N	0
293	13564e49397c0c841692701591	A	135	cs_test_a1SqcBvFvbVgcmf8TYydN9UEFPgrWOyzEX2TD84X6lj9y72Q5BehiiVhp4	15.50	1	0.50	0.00	2023-08-22 10:53:12	2023-08-22 10:53:48	\N	0
294	13064e497c5a3fed1692702661	A	130	pi_3NhsUDBjsMxFtgBe0ZqXB8Jv	36.50	1	1.50	0.00	2023-08-22 11:11:02	2023-08-22 11:11:37	\N	0
295	13664e49e812a5a61692704385	A	136	pi_3Nhsw1BjsMxFtgBe0d6Tfsay	440.75	1	20.75	0.00	2023-08-22 11:39:45	2023-08-22 11:40:39	\N	0
296	11964e4a8bca2bdd1692707004	A	119	cs_test_a1emddnuby1rCyWKAluUZin3iYOVC8FHK9zGwYDvGjLB41K0b8Wzli9oPa	398.75	1	18.75	0.00	2023-08-22 12:23:25	2023-08-22 12:23:53	\N	0
297	11964e4a9cacd1ac1692707274	A	119	pi_3NhtgdBjsMxFtgBe1U39r0rj	99.50	1	4.50	0.00	2023-08-22 12:27:55	2023-08-22 12:28:13	\N	0
298	11964e4ab9a110001692707738	A	119	pi_3Nhto6BjsMxFtgBe0JMsnbSM	36.50	1	1.50	0.00	2023-08-22 12:35:38	2023-08-22 12:35:55	\N	0
299	13664e4aba63f7221692707750	A	136	pi_3NhtoIBjsMxFtgBe1ZBeSrwF	10.25	1	0.25	0.00	2023-08-22 12:35:50	2023-08-22 12:36:15	\N	0
300	13664e4ac55380f81692707925	P	136	pi_3Nhtr7BjsMxFtgBe1NIEfG6Q	435.50	1	20.50	0.00	2023-08-22 12:38:45	\N	\N	0
301	13664e4ac645c04c1692707940	A	136	pi_3NhtrMBjsMxFtgBe1vVSIJKG	435.50	1	20.50	0.00	2023-08-22 12:39:00	2023-08-22 12:39:14	\N	0
302	11964e4af623343b1692708706	P	119	pi_3Nhu3iBjsMxFtgBe0Zkgj2Md	200.00	1	0.00	0.00	2023-08-22 12:51:46	\N	\N	0
303	43	P	119	pi_3NhuD2BjsMxFtgBe0Dv0N2n5	200.00	1	0.00	0.00	2023-08-22 13:01:24	\N	\N	0
304	44	P	54	pi_3NhuHDBjsMxFtgBe1vuZu9Zq	50.00	1	0.00	0.00	2023-08-22 13:05:43	\N	\N	0
305	45	P	54	pi_3NhuHLBjsMxFtgBe0684zw77	100.00	1	0.00	0.00	2023-08-22 13:05:52	\N	\N	0
306	46	P	119	pi_3NhuHfBjsMxFtgBe0WII0VrU	200.00	1	0.00	0.00	2023-08-22 13:06:11	\N	\N	0
307	11964e4b3824a3b71692709762	P	119	pi_3NhuKkBjsMxFtgBe1McjoQOg	78.00	1	0.00	0.00	2023-08-22 13:09:22	\N	\N	0
308	11964e4b3834f3211692709763	P	119	pi_3NhuKlBjsMxFtgBe0QN82j5m	78.00	1	0.00	0.00	2023-08-22 13:09:23	\N	\N	0
309	5464e4b96c456d01692711276	P	54	pi_3NhujABjsMxFtgBe1bFl83xN	1349.00	1	64.00	0.00	2023-08-22 13:34:36	\N	\N	0
310	47	P	119	pi_3NhuozBjsMxFtgBe0wxxotYt	50.00	1	0.00	0.00	2023-08-22 13:40:38	\N	\N	0
311	48	P	54	pi_3NhwQuBjsMxFtgBe1nuhBSE0	50.00	1	0.00	0.00	2023-08-22 15:23:52	\N	\N	0
312	5464e4dacd40ce61692719821	P	54	pi_3NhwwzBjsMxFtgBe07AsrnXo	1756.40	1	83.40	0.00	2023-08-22 15:57:01	\N	\N	0
313	5464e4dad6c01081692719830	A	54	pi_3Nhwx9BjsMxFtgBe1OUunWUq	1756.40	1	83.40	0.00	2023-08-22 15:57:11	2023-08-22 15:57:39	\N	0
314	5464e4dba5b72da1692720037	P	54	pi_3Nhx0TBjsMxFtgBe0B6Tz0Wh	220.25	1	10.25	0.00	2023-08-22 16:00:38	\N	\N	0
315	5464e4dcca1e70a1692720330	P	54	pi_3Nhx5CBjsMxFtgBe05d62bWD	220.25	1	10.25	0.00	2023-08-22 16:05:30	\N	\N	0
316	49	P	54	pi_3NhybOBjsMxFtgBe1QNxc5O7	150.00	1	0.00	0.00	2023-08-22 17:42:50	\N	\N	0
317	50	P	54	pi_3Ni9jMBjsMxFtgBe1qIgO75M	50.00	1	0.00	0.00	2023-08-23 05:35:48	\N	\N	0
318	51	P	54	pi_3Ni9kiBjsMxFtgBe0ORUVrX2	50.00	1	0.00	0.00	2023-08-23 05:37:12	\N	\N	0
319	52	P	54	pi_3NiA2dBjsMxFtgBe1oQtXqsa	50.00	1	0.00	0.00	2023-08-23 05:55:43	\N	\N	0
320	53	P	54	pi_3NiA4sBjsMxFtgBe0kgbdgxb	50.00	1	0.00	0.00	2023-08-23 05:58:03	\N	\N	0
321	5464e5ce25e33831692782117	A	54	pi_3NiD9mBjsMxFtgBe14vWRUDm	1296.50	1	61.50	0.00	2023-08-23 09:15:18	2023-08-23 09:15:44	\N	0
322	54	P	119	pi_3NiEsIBjsMxFtgBe1YCAxxbE	50.00	1	0.00	0.00	2023-08-23 11:05:22	\N	\N	0
323	11964e5f889284fa1692792969	A	119	pi_3NiFynBjsMxFtgBe0Wz9p30H	1683.95	1	79.95	0.00	2023-08-23 12:16:09	2023-08-23 12:16:28	\N	0
324	11964e601548a9d31692795220	A	119	pi_3NiGZ6BjsMxFtgBe1pOvhJh9	20.75	1	0.75	0.00	2023-08-23 12:53:40	2023-08-23 12:54:12	\N	0
325	11964e601ea273a41692795370	P	119	pi_3NiGbWBjsMxFtgBe0TcUq34y	173.00	1	8.00	0.00	2023-08-23 12:56:10	\N	\N	0
326	11964e601f03dcad1692795376	P	119	pi_3NiGbcBjsMxFtgBe02Pmgrei	173.00	1	8.00	0.00	2023-08-23 12:56:16	\N	\N	0
327	11964e602506aa6a1692795472	P	119	pi_3NiGdABjsMxFtgBe17NlYUEn	173.00	1	8.00	0.00	2023-08-23 12:57:52	\N	\N	0
328	6964edb773e44001693300595	A	69	3e39DSUJ6DapZAMJcYO6V48DV	157.25	1	7.25	0.00	2023-08-29 09:16:41	2023-08-29 09:17:01	\N	0
329	6964edc1df2495e1693303263	P	69	UzXzxFOk8OISVvKopTyp6RuLj	136.25	1	6.25	0.00	2023-08-29 10:01:10	\N	\N	0
330	6964eed9faefdbf1693374970	A	69	TsWMnmI2vyiN3UiD6MQqYO2cr	267.50	1	12.50	0.00	2023-08-30 05:56:11	2023-08-30 05:57:38	\N	0
331	7764eedc7ca31c21693375612	P	77	pVZLXBBU82z3fk4t4L3OR1EgU	136.25	1	6.25	0.00	2023-08-30 06:06:53	\N	\N	0
332	13764eee029837481693376553	P	137	0yv0neAD7VGYMVMYttZyt6Hnf	15.50	1	0.50	0.00	2023-08-30 06:22:34	\N	\N	0
333	13764eee10e4b0901693376782	P	137	NlZ3We5akZzJTUhqCqe0R6OdN	15.50	1	0.50	0.00	2023-08-30 06:26:22	\N	\N	0
334	13764eee1553eeff1693376853	P	137	wC0TTXZMNfMHlevZtjPYUDLkB	15.50	1	0.50	0.00	2023-08-30 06:27:34	\N	\N	0
335	13764eee2fde7cc91693377277	P	137	AV6pW6Wo3ndpHSaW7qsc2yrMv	15.50	1	0.50	0.00	2023-08-30 06:34:38	\N	\N	0
336	6964eee48331eb61693377667	P	69	pi_3Nki5PBjsMxFtgBe0lnWyvoZ	200.00	1	0.00	0.00	2023-08-30 06:41:07	\N	\N	0
337	13764eee9b732cae1693378999	P	137	g02reR9vDSDaB9fBaBswfK5eW	15.50	1	0.50	0.00	2023-08-30 07:03:19	\N	\N	0
338	13764eeea5095aa41693379152	A	137	15NYzKGJBaLq165pNSHq8LVa3	15.50	1	0.50	0.00	2023-08-30 07:05:53	2023-08-30 07:06:18	\N	0
339	7764eeec7e898771693379710	P	77	pi_3NkicMBjsMxFtgBe0tylFwOw	200.00	1	0.00	0.00	2023-08-30 07:15:11	\N	\N	0
340	7764eef122ed3ca1693380898	P	77	pi_3NkivXBjsMxFtgBe03rv8Zs2	200.00	1	0.00	0.00	2023-08-30 07:34:59	\N	\N	0
341	7764eef12f91f061693380911	P	77	pi_3NkivjBjsMxFtgBe0RemN9XB	200.00	1	0.00	0.00	2023-08-30 07:35:12	\N	\N	0
342	12264f5c4e4376e51693828324	P	122	VOLcHQ44rwXuLbn742UjOUed3	435.50	1	20.50	0.00	2023-09-04 11:52:05	\N	\N	0
343	12264f5c555691191693828437	P	122	vw0igeRUQe3nOOG5zm25CoKfL	435.50	1	20.50	0.00	2023-09-04 11:53:58	\N	\N	0
344	12264f5c57a22ae11693828474	P	122	cZQLPYKqUJ2YOeqpI1hli1hYd	435.50	1	20.50	0.00	2023-09-04 11:54:34	\N	\N	0
345	12264f5c7f3b19ca1693829107	P	122	j6MGpp9h5lGYvbiuqp2ayglf0	435.50	1	20.50	0.00	2023-09-04 12:05:08	\N	\N	0
346	12264f5d6b197e801693832881	P	122	mZ7KCLhAJwedlozo41pqD8lSW	435.50	1	20.50	0.00	2023-09-04 13:08:05	\N	\N	0
347	12264f5d6fa10b951693832954	P	122	BSTi6pcvUpdqKZ9xQAYB1nHQP	220.25	1	10.25	0.00	2023-09-04 13:09:15	\N	\N	0
348	12264f5d77a58a0e1693833082	P	122	kWAJn4LY2VwxPXMjaFBuVTYka	220.25	1	10.25	0.00	2023-09-04 13:11:23	\N	\N	0
349	12264f5d874d80741693833332	P	122	m7oId8esN7T6LGp17fBuCDkDj	220.25	1	10.25	0.00	2023-09-04 13:15:33	\N	\N	0
350	12264f5d8f105bea1693833457	P	122	Kqb7wLJELBKWqu556lfqO6Q4q	220.25	1	10.25	0.00	2023-09-04 13:17:38	\N	\N	0
351	12264f5d9671a8d81693833575	P	122	qxdA1BMdPMccS9Gmv70zbzozv	220.25	1	10.25	0.00	2023-09-04 13:19:35	\N	\N	0
352	12264f5d9bcc33d21693833660	P	122	eAvic1QPjFsgFSCkNp6lIzDOQ	220.25	1	10.25	0.00	2023-09-04 13:21:01	\N	\N	0
353	12264f5dcf64f1751693834486	P	122	9tds1WOXxZ2TNX9qtvwL6JK3Y	220.25	1	10.25	0.00	2023-09-04 13:34:47	\N	\N	0
354	12264f5de3ed46121693834814	A	122	thoWHpLIoYwKFYA0zYp28duU4	220.25	1	10.25	0.00	2023-09-04 13:40:15	2023-09-04 13:46:28	\N	0
355	12264f5dfde1fe8f1693835230	A	122	OWbUg9Y0Al1d32F1NDXi78smm	15.50	1	0.50	0.00	2023-09-04 13:47:11	2023-09-04 13:47:24	\N	0
356	12264f5e07d014971693835389	A	122	Ok4ZaFUxbXK0LpDXtvyNhrbdq	1370.00	1	65.00	0.00	2023-09-04 13:49:50	2023-09-04 13:50:02	\N	0
357	408	P	122	qi7pnwr4ya	120.00	1	0.00	0.00	2023-09-05 12:40:57	\N	\N	1
358	408	P	122	w1x6h83tnd	120.00	1	0.00	0.00	2023-09-05 12:43:31	\N	\N	1
359	409	P	122	eevu0yxose	100.00	1	0.00	0.00	2023-09-05 12:47:53	\N	\N	1
360	409	P	122	s59x4fil6m	100.00	1	0.00	0.00	2023-09-05 13:03:05	\N	\N	1
361	409	P	122	bshj02socg	100.00	1	0.00	0.00	2023-09-05 13:04:08	\N	\N	1
362	60	P	122	g1em25tke1	200.00	1	0.00	0.00	2023-09-05 13:04:40	\N	\N	0
363	61	P	122	z400kkpki4	200.00	1	0.00	0.00	2023-09-05 13:05:04	\N	\N	0
364	62	P	122	0fy6igjwap	200.00	1	0.00	0.00	2023-09-05 13:05:19	\N	\N	0
365	410	P	122	p22coordmb	100.00	1	0.00	0.00	2023-09-05 13:07:53	\N	\N	1
366	12264f728711b93d1693919345	A	122	ls0Px8p5Q2Z7h0gu2siDn0OnE	220.25	1	10.25	0.00	2023-09-05 13:09:06	2023-09-05 13:09:15	\N	0
367	63	P	122	b5k5fj51qx	100.00	1	0.00	0.00	2023-09-05 13:09:59	\N	\N	0
368	64	P	122	1ezrijj8ka	200.00	1	0.00	0.00	2023-09-11 13:15:51	\N	\N	2
369	65	P	122	mnk0rkp5gl	100.00	1	0.00	0.00	2023-09-11 13:20:47	\N	\N	2
370	66	P	122	idnnuzl2s9	100.00	1	0.00	0.00	2023-09-12 02:29:32	\N	\N	2
371	67	P	122	azflrxg6rq	100.00	1	0.00	0.00	2023-09-12 05:30:30	\N	\N	2
372	68	P	122	4hyun8ohvl	100.00	1	0.00	0.00	2023-09-12 05:30:50	\N	\N	2
373	69	P	122	xxxfa236n3	100.00	1	0.00	0.00	2023-09-12 06:07:47	\N	\N	2
374	70	P	122	l89g1bbffc	100.00	1	0.00	0.00	2023-09-12 06:08:15	\N	\N	2
375	71	P	122	cge8vd8kjm	100.00	1	0.00	0.00	2023-09-12 06:08:43	\N	\N	2
376	340	P	122	wy3gsx9az0	1000.00	1	0.00	0.00	2023-09-13 06:06:33	\N	\N	1
377	72	P	69	51hu7y14ml	200.00	1	0.00	0.00	2023-09-13 09:13:00	\N	\N	0
378	73	P	122	con93n9zju	100.00	1	0.00	0.00	2023-09-14 01:57:55	\N	\N	2
379	74	P	122	5plw2y5ht5	100.00	1	0.00	0.00	2023-09-14 02:11:22	\N	\N	2
380	75	P	122	xybgj9pn6o	100.00	1	0.00	0.00	2023-09-14 02:21:16	\N	\N	2
381	76	P	122	ld5g9vrwwe	100.00	1	0.00	0.00	2023-09-14 02:23:06	\N	\N	2
382	77	P	122	8fh7hpil2f	100.00	1	0.00	0.00	2023-09-14 03:12:35	\N	\N	2
383	1226502905c791781694666844	A	122	cbNJhmENoAe5ZjtvTOcIEORSI	15.50	1	0.50	0.00	2023-09-14 04:47:25	2023-09-14 04:47:34	\N	0
384	122650291538d4b31694667091	A	122	PQU9IU9c8RRe7JDeS1l6J0qu7	15.50	1	0.50	0.00	2023-09-14 04:51:32	2023-09-14 04:51:44	\N	0
385	1396502b6fbee4a51694676731	A	139	JeMugfBADvUtjpjaGBivqhZde	31.25	1	1.25	0.00	2023-09-14 07:32:13	2023-09-14 07:32:49	\N	0
386	80	P	77	i7qeuy0pde	100.00	1	0.00	0.00	2023-09-14 07:37:33	\N	\N	0
387	1226502b95232a331694677330	A	122	HAuRb1TrmuiANIKZfFUxR2WMM	157.25	1	7.25	0.00	2023-09-14 07:42:11	2023-09-14 07:42:20	\N	0
388	1226502bdcf01bbc1694678479	A	122	B48LJMmBXT8M1Eg49q3GeOmAz	157.25	1	7.25	0.00	2023-09-14 08:01:19	2023-09-14 08:01:34	\N	0
389	596502c0af6c4961694679215	P	59	7D3XfRa29RL9Fk3QazNyDCqQu	20.75	1	0.75	0.00	2023-09-14 08:13:37	\N	\N	0
390	81	P	89	cj14qzn8fq	500.00	1	0.00	0.00	2023-09-14 08:48:52	\N	\N	0
391	82	P	89	azu3lh4k0g	500.00	1	0.00	0.00	2023-09-14 09:01:37	\N	\N	0
392	83	P	89	wiaj1sx3dv	500.00	1	0.00	0.00	2023-09-14 10:42:47	\N	\N	0
393	84	P	89	gjb1yx2lec	400.00	1	0.00	0.00	2023-09-14 10:54:10	\N	\N	0
394	85	P	89	sh9134rtq5	100.00	1	0.00	0.00	2023-09-14 10:59:24	\N	\N	0
395	86	P	89	50uy5afgc9	500.00	1	0.00	0.00	2023-09-14 11:01:54	\N	\N	0
396	87	P	89	d8mek8sucs	500.00	1	0.00	0.00	2023-09-14 11:05:17	\N	\N	0
397	88	P	89	efuxy81ckb	500.00	1	0.00	0.00	2023-09-14 11:06:41	\N	\N	0
398	89	P	77	ckkdpxddd1	100.00	1	0.00	0.00	2023-09-14 11:18:44	\N	\N	0
399	8965030171a4e541694695793	P	89	oXUj86dHoECmaQCKgxUswfxqx	173.00	1	8.00	0.00	2023-09-14 12:49:54	\N	\N	0
400	896503021e592ba1694695966	P	89	pi_3NqF2IBjsMxFtgBe1fuWP0nf	173.00	1	8.00	0.00	2023-09-14 12:52:46	\N	\N	0
401	8965030421528801694696481	P	89	pi_3NqFAbBjsMxFtgBe1RWSCXLv	173.00	1	8.00	0.00	2023-09-14 13:01:21	\N	\N	0
402	89650305ee2b3741694696942	P	89	1MfjveE5nFV1aEBhjxoifTcrc	173.00	1	8.00	0.00	2023-09-14 13:09:03	\N	\N	0
403	89650306569630d1694697046	P	89	Ggy8uO9ee4cbic7sIOg6FpLEG	173.00	1	8.00	0.00	2023-09-14 13:10:47	\N	\N	0
404	89650306cd11c111694697165	A	89	SOHEER1WPNQgUzpO5cmTfc1hf	173.00	1	8.00	0.00	2023-09-14 13:12:47	2023-09-14 13:13:16	\N	0
405	1396503f25b1c7da1694757467	P	139	mS5DEZkcpeIxWK0ag1u7pSGqM	20.75	1	0.75	0.00	2023-09-15 05:57:48	\N	\N	0
406	1226507f1c2ba90c1695019458	A	122	OpPNtlHjjcFuO39bap09dVwNz	220.25	1	10.25	0.00	2023-09-18 06:44:19	2023-09-18 06:44:29	\N	0
407	475	P	122	qbayimlr2r	100.00	1	0.00	0.00	2023-09-18 08:40:45	\N	\N	1
408	90	P	122	kwj88sesti	150.00	1	0.00	0.00	2023-09-18 11:14:50	\N	\N	2
409	91	P	140	pxltlm2096	200.00	1	0.00	0.00	2023-09-18 12:16:19	\N	\N	0
410	92	P	140	965oovhw8u	200.00	1	0.00	0.00	2023-09-18 12:16:23	\N	\N	0
411	93	P	139	kq5wzxpqpa	100.00	1	0.00	0.00	2023-09-19 04:59:48	\N	\N	0
412	94	P	139	yt6kvp4n98	200.00	1	0.00	0.00	2023-09-19 05:07:58	\N	\N	0
413	95	P	139	7cazi4yqfs	200.00	1	0.00	0.00	2023-09-19 05:10:36	\N	\N	0
414	96	P	139	hcyfxzscdt	200.00	1	0.00	0.00	2023-09-19 05:12:15	\N	\N	0
415	13965092ea05c7101695100576	A	139	D5TNChvcneJSNiH8gplaIDw0T	20.75	1	0.75	0.00	2023-09-19 05:16:17	2023-09-19 05:16:39	\N	0
416	100	P	140	oizsebcts3	50.00	1	0.00	0.00	2023-09-19 05:28:10	\N	\N	0
417	139650931a875fd21695101352	P	139	gvhry9xr02	100.00	1	0.00	0.00	2023-09-19 05:29:14	\N	\N	0
418	139650931aae71f81695101354	P	139	g2ird1liu5	100.00	1	0.00	0.00	2023-09-19 05:29:15	\N	\N	0
419	139650931ec8e6e61695101420	P	139	fjv8w750wm	100.00	1	0.00	0.00	2023-09-19 05:30:21	\N	\N	0
420	139650932514a7ed1695101521	P	139	vzzwnngvb9	100.00	1	0.00	0.00	2023-09-19 05:32:02	\N	\N	0
421	101	P	140	vxwzdpnfsp	40.00	1	0.00	0.00	2023-09-19 05:39:09	\N	\N	0
422	1406509349bcd9ff1695102107	P	140	jrAdeI0igoRvYUGPWdpixzyKQ	31.25	1	1.25	0.00	2023-09-19 05:41:48	\N	\N	0
423	140650934a4f307a1695102116	P	140	noPkLf3438Bt8lOPkVSrdr1Lk	31.25	1	1.25	0.00	2023-09-19 05:41:57	\N	\N	0
424	102	P	108	2uho7ek0yn	20.00	1	0.00	0.00	2023-09-19 05:51:50	\N	\N	0
425	103	P	108	i48e6iupgg	20.00	1	0.00	0.00	2023-09-19 05:52:52	\N	\N	0
426	14065093dafa0acb1695104431	A	140	V47Z7Okuq1ZI9bVHjUAzylaGH	31.25	1	1.25	0.00	2023-09-19 06:20:32	2023-09-19 06:21:19	\N	0
427	104	P	108	bg7d8s5mh1	40.00	1	0.00	0.00	2023-09-19 06:21:22	\N	\N	2
428	105	P	140	8fpltfmwzq	40.00	1	0.00	0.00	2023-09-19 06:30:44	\N	\N	0
429	106	P	140	k2u4lqah0l	40.00	1	0.00	0.00	2023-09-19 06:32:32	\N	\N	0
430	107	P	140	7pskbamkcb	40.00	1	0.00	0.00	2023-09-19 06:38:28	\N	\N	0
431	108	P	122	d0jqj5no1w	90.00	1	0.00	0.00	2023-09-19 06:47:18	\N	\N	2
432	13965094758345611695106904	P	139	4vc0b71jy4	100.00	1	0.00	0.00	2023-09-19 07:01:45	\N	\N	0
433	139650948272bd241695107111	P	139	c495vyv53c	150.00	1	0.00	0.00	2023-09-19 07:05:12	\N	\N	0
434	1396509484be69731695107147	P	139	3gyvhg7gtr	150.00	1	0.00	0.00	2023-09-19 07:05:48	\N	\N	0
435	109	P	108	nkmae4taxe	90.00	1	0.00	0.00	2023-09-19 07:12:00	\N	\N	0
436	7765094a19c6ca21695107609	P	77	GaUkBOPeFFiMkWxEnFZEtu4s0	304.25	1	14.25	0.00	2023-09-19 07:13:30	\N	\N	0
437	7765094c1ed9a351695108126	A	77	5HirvOhLLXdgDnpBjfZ268crK	173.00	1	8.00	0.00	2023-09-19 07:22:07	2023-09-19 07:22:40	\N	0
438	110	P	108	9mdrtpty8g	90.00	1	0.00	0.00	2023-09-19 07:36:02	\N	\N	0
439	111	P	103	83ug3j41qk	50.00	1	0.00	0.00	2023-09-19 07:40:29	\N	\N	0
440	1036509511e8d3381695109406	P	103	sic2ust5ff	100.00	1	0.00	0.00	2023-09-19 07:43:27	\N	\N	0
441	112	P	122	7u0arp8may	90.00	1	0.00	0.00	2023-09-19 07:44:53	\N	\N	0
442	113	P	122	id28ai15zl	90.00	1	0.00	0.00	2023-09-19 07:45:48	\N	\N	0
443	114	P	122	wm1ns9ceds	90.00	1	0.00	0.00	2023-09-19 07:46:44	\N	\N	0
444	115	P	103	yd4gyaslfk	50.00	1	0.00	0.00	2023-09-19 07:48:48	\N	\N	0
445	116	P	103	gc8bwr1zcv	50.00	1	0.00	0.00	2023-09-19 07:48:53	\N	\N	0
446	117	P	103	is2jw0cgu1	50.00	1	0.00	0.00	2023-09-19 07:49:54	\N	\N	0
447	77650952ddea21c1695109853	P	77	gvhPAZPbOZkQ1BsL5ysQWl360	15.50	1	0.50	0.00	2023-09-19 07:50:54	\N	\N	0
448	7765095303bb76e1695109891	P	77	TfcPkCH5jMNd5QcFsUzlNQ0DP	15.50	1	0.50	0.00	2023-09-19 07:51:32	\N	\N	0
449	118	P	103	n5wtj8gbaf	50.00	1	0.00	0.00	2023-09-19 07:53:10	\N	\N	0
450	776509536e20acb1695109998	A	77	9vpCY6Z8Eh5hk5YExaH0rfARK	15.50	1	0.50	0.00	2023-09-19 07:53:19	2023-09-19 07:53:39	\N	0
451	119	P	103	abshk918hn	50.00	1	0.00	0.00	2023-09-19 07:54:43	\N	\N	0
452	120	P	122	5gofl5vhyo	90.00	1	0.00	0.00	2023-09-19 07:56:25	\N	\N	2
453	121	P	122	waf7apmf5y	50.00	1	0.00	0.00	2023-09-19 08:01:12	\N	\N	2
454	1396509561ba8f141695110683	P	139	8krgeglbjy	110.00	1	0.00	0.00	2023-09-19 08:04:45	\N	\N	0
455	7765095751c22ce1695110993	A	77	iJrZcaqW62roUghDDrns7jr3Z	31.25	1	1.25	0.00	2023-09-19 08:09:55	2023-09-19 08:10:20	\N	0
456	10365095905ddb291695111429	A	103	W4mN5y2x7PXvqZQDSqXKn8wWM	36.50	1	1.50	0.00	2023-09-19 08:17:10	2023-09-19 08:17:26	\N	0
457	10365095adedaca41695111902	A	103	FoK7MG2wSqFX1XBK9cRGwqSZe	15.50	1	0.50	0.00	2023-09-19 08:25:03	2023-09-19 08:25:20	\N	0
458	122	P	77	koy1onl0qi	50.00	1	0.00	0.00	2023-09-19 08:32:44	\N	\N	0
459	5965095e1383bd31695112723	P	59	9ijy9lzaah	50.00	1	0.00	0.00	2023-09-19 08:38:44	\N	\N	0
460	5965095e15160c51695112725	P	59	vcb8i1c71i	50.00	1	0.00	0.00	2023-09-19 08:38:45	\N	\N	0
461	5965095ee20a2631695112930	P	59	jffylhq4wa	100.00	1	0.00	0.00	2023-09-19 08:42:10	\N	\N	0
462	5965095ee3bca091695112931	P	59	4mx8vf6o5w	100.00	1	0.00	0.00	2023-09-19 08:42:12	\N	\N	0
463	5965095eea5aa1d1695112938	P	59	01sv3mjgph	100.00	1	0.00	0.00	2023-09-19 08:42:19	\N	\N	0
464	59650960e24460b1695113442	P	59	k88euddm1z	55.00	1	0.00	0.00	2023-09-19 08:50:43	\N	\N	0
465	10365096351daa6e1695114065	P	103	NKSYzyB416KWOwxfSg6MMpVaM	15.50	1	0.50	0.00	2023-09-19 09:01:07	\N	\N	0
466	123	P	59	40z5km115k	50.00	1	0.00	0.00	2023-09-19 09:04:30	\N	\N	0
467	124	P	140	pqpe3ijti8	90.00	1	0.00	0.00	2023-09-19 09:07:56	\N	\N	0
468	125	P	140	4f027ipi0p	90.00	1	0.00	0.00	2023-09-19 09:08:16	\N	\N	0
473	140650969ba55ae31695115706	P	140	ucl8KvJsNmV1ZfuNqoz5LFVbk	15.50	1	0.50	0.00	2023-09-19 09:28:27	\N	\N	0
474	140650969c3ca6611695115715	A	140	ZAxLJxUWD7fwhzWMCYfdywKgD	15.50	1	0.50	0.00	2023-09-19 09:28:36	2023-09-19 09:29:33	\N	0
475	130	P	140	dc0zvu093e	90.00	1	0.00	0.00	2023-09-19 09:47:26	\N	\N	0
476	1226509791ca37951695119644	A	122	5hPSI3kEUpT8d9wplhDs4o3o3	143.25	1	6.25	0.00	2023-09-19 10:34:05	2023-09-19 10:34:12	\N	0
477	12265097977403661695119735	A	122	7jVX4C4KokFZsNEqnwn8zeWkN	141.25	1	6.25	0.00	2023-09-19 10:35:36	2023-09-19 10:35:43	\N	0
478	103650979b622fc61695119798	A	103	c48Oj8pciv3FoK92zptni7zbk	10.50	1	0.50	0.00	2023-09-19 10:36:39	2023-09-19 10:37:03	\N	0
479	131	P	59	ecammqp2ru	10.00	1	0.00	0.00	2023-09-19 10:55:05	\N	\N	0
480	12265098c89a25031695124617	P	122	XGYuwdN99XnZetzyoLbtnpAnD	225.75	1	10.75	0.00	2023-09-19 11:56:58	\N	\N	0
481	12265098cb40b07c1695124660	A	122	Z1RYPTKq5QGyd4HawvdFKuxbU	235.75	1	10.75	0.00	2023-09-19 11:57:41	2023-09-19 11:57:49	\N	0
482	12265098ce5013d61695124709	A	122	yoLMbgCMDAx65wq9GX1Dy0dkZ	13.25	1	0.25	0.00	2023-09-19 11:58:29	2023-09-19 11:58:37	\N	0
483	12265098dc5817ab1695124933	A	122	1v6laCFVpkEKZQDNre5wgUtGg	690.50	1	32.50	0.00	2023-09-19 12:02:14	2023-09-19 12:02:24	\N	0
484	10865099229e26301695126057	P	108	gVYeWVIjU2yjMfoiqgHhY5rIP	62.25	1	2.25	0.00	2023-09-19 12:20:58	\N	\N	0
485	1086509922e59a621695126062	P	108	pi_3Ns2vKBjsMxFtgBe0BuXTwih	62.25	1	2.25	0.00	2023-09-19 12:21:02	\N	\N	0
486	108650992559b7071695126101	A	108	RV9YHfSgYdAH6jhXwx7Q4STfW	62.25	1	2.25	0.00	2023-09-19 12:21:42	2023-09-19 12:22:06	\N	0
487	122650993a6569b21695126438	A	122	W4THUjeEZErfdruml6UrZZ4T0	228.50	1	10.50	0.00	2023-09-19 12:27:19	2023-09-19 12:27:29	\N	0
488	140650993ee2e2c81695126510	A	140	5tGIOG5ORIb33TOjd6P5MnEbR	10.25	1	0.25	0.00	2023-09-19 12:28:31	2023-09-19 12:28:49	\N	0
489	140650994de7c9f61695126750	A	140	H3WVWYbjZ2jBAxZQuEEipSHjF	220.25	1	10.25	0.00	2023-09-19 12:32:31	2023-09-19 12:33:02	\N	0
490	132	P	108	ig6e0vluq7	10.00	1	0.00	0.00	2023-09-19 14:46:49	\N	\N	0
491	133	P	77	exr3jqoyy3	90.00	1	0.00	0.00	2023-09-19 15:07:24	\N	\N	0
493	134	P	118	r7lomx4dl5	10.00	1	0.00	0.00	2023-09-19 19:38:03	\N	\N	0
492	1086509f7efdb6ef1695152111	A	108	n2BSle8lzfPWcZ5rrt84FlzAJ	221.25	1	10.25	0.00	2023-09-19 19:35:12	2023-09-19 19:39:01	\N	0
494	135	P	146	7uyu1lenr3	10.00	1	0.00	0.00	2023-09-20 08:57:46	\N	\N	0
495	136	P	146	3t563n47hz	10.00	1	0.00	0.00	2023-09-20 08:58:52	\N	\N	0
\.


--
-- Data for Name: personal_access_tokens; Type: TABLE DATA; Schema: public; Owner: postgres
--

COPY public.personal_access_tokens (id, tokenable_type, tokenable_id, name, token, abilities, last_used_at, created_at, updated_at) FROM stdin;
1	App\\Models\\User	2	Personal Access Token	3166a5d3322ce898416006f22004e502511dad56cea107a4b2f97c2a62a84e06	["*"]	\N	2023-05-20 03:01:26	2023-05-20 03:01:26
2	App\\Models\\User	2	Personal Access Token	e3b021fad0eed3e8ba4e7deb141049a438b1a5883a689b30a95302a356eb6085	["*"]	\N	2023-05-27 08:21:22	2023-05-27 08:21:22
3	App\\Models\\User	2	Personal Access Token	6847c4b26cfc44276ca070f86ab058e9d1be6ca318552d9328b83cc6e8411438	["*"]	\N	2023-05-27 08:21:47	2023-05-27 08:21:47
4	App\\Models\\User	2	Personal Access Token	0bc205325494150ea3beda90d5619a577928e0c2bf5de5d92b7561017412c7d7	["*"]	\N	2023-05-27 08:27:00	2023-05-27 08:27:00
5	App\\Models\\User	6	Personal Access Token	27c364f3dc5175ed4b5bbe94f23fc06d9efe96c69bd233364f9c0a76a7ff080a	["*"]	\N	2023-05-27 08:27:28	2023-05-27 08:27:28
6	App\\Models\\User	2	Personal Access Token	b81eeaa172f10c599fbfbd386e0565aa8111fb048f26338c06eb149c4f82abb8	["*"]	\N	2023-05-27 08:57:25	2023-05-27 08:57:25
7	App\\Models\\User	2	Personal Access Token	c00a002993e4bd5d21d6fe7fe6ac1f65f98fc579afc5b0f3517cfbbe6d5a1562	["*"]	\N	2023-05-27 08:57:43	2023-05-27 08:57:43
8	App\\Models\\User	2	Personal Access Token	0887e7063fdffc6ef7bb3f1043b846639be575c3fa0f57f4a6bcaa636cafc551	["*"]	\N	2023-05-27 09:51:50	2023-05-27 09:51:50
9	App\\Models\\User	2	Personal Access Token	7af330ced3183b1ff5890a0016ed05fd7460b8beae34fb4bbe5f98e4e46ec1f1	["*"]	\N	2023-05-27 12:41:33	2023-05-27 12:41:33
10	App\\Models\\User	2	Personal Access Token	2a23f8f1fbe76f1387eed42348b9c722de1ec792007ffbcadc4a1dd2095e30ed	["*"]	\N	2023-05-27 15:42:33	2023-05-27 15:42:33
11	App\\Models\\User	2	Personal Access Token	99344ab0eff7a1b1b4fbc4cf31eb29e5feba86f5fff444b5fa6401c97c26fa8a	["*"]	\N	2023-05-27 17:44:10	2023-05-27 17:44:10
12	App\\Models\\User	2	Personal Access Token	42e25639ec6857419545296616250e5eb73dd8f97bbe35b8d99f45edbbe72a23	["*"]	\N	2023-05-27 18:12:06	2023-05-27 18:12:06
13	App\\Models\\User	2	Personal Access Token	3be34bcf8ebb66979c8d9cfe238b63e6e3933cb31437d578d2e61335c96d5611	["*"]	\N	2023-05-27 18:22:01	2023-05-27 18:22:01
14	App\\Models\\User	2	Personal Access Token	20d18a83abb0060133fe8af6ebd024f49d4514ec0ead14712a683e9a39e277fa	["*"]	\N	2023-05-27 18:22:58	2023-05-27 18:22:58
15	App\\Models\\User	2	Personal Access Token	2158d77fb0b5bc6d20e94bbc289bce99bb111377b71c5725aec711557abc3a17	["*"]	\N	2023-05-27 18:23:14	2023-05-27 18:23:14
16	App\\Models\\User	2	Personal Access Token	69cee69e6f36fcd351676d24fc0723851093ce9cd510f944c6b8311ea1ab63d1	["*"]	\N	2023-05-27 18:24:42	2023-05-27 18:24:42
17	App\\Models\\User	2	Personal Access Token	194b98ca0e12ebdb2d0b025aaac25dcbe434086f1c775ff42fd27bbe60d7e048	["*"]	\N	2023-05-27 18:26:03	2023-05-27 18:26:03
18	App\\Models\\User	2	Personal Access Token	6e913aeea73b0d827eb9a372c2bb0361cbcdbfc4c1b78548c092f9b7bbbd0b75	["*"]	\N	2023-05-27 18:28:30	2023-05-27 18:28:30
19	App\\Models\\User	2	Personal Access Token	9383a8a4fe5afc5cafdf184c0f75803dd6a244bf2a57d875c87a02956de6c199	["*"]	\N	2023-05-27 18:29:45	2023-05-27 18:29:45
20	App\\Models\\User	2	Personal Access Token	c9f3e2596398c97fc523cd8002a5437b10156858201d65e6f20b891d9c93fa6c	["*"]	\N	2023-05-27 18:34:25	2023-05-27 18:34:25
21	App\\Models\\User	2	Personal Access Token	7a75e08997ae556446732b620aaab1dbab8fd8426422fb1d4d0a421568e879dd	["*"]	\N	2023-05-27 18:37:50	2023-05-27 18:37:50
22	App\\Models\\User	2	Personal Access Token	72d60ad3e4a5008807ee5a103a62f58995b2ff008c2a09c935771f32ea671416	["*"]	\N	2023-05-27 18:38:32	2023-05-27 18:38:32
23	App\\Models\\User	2	Personal Access Token	3ea827248dff2f77730da6f73f44bf974335d243769348f7aea8eebd85eb0f4e	["*"]	\N	2023-05-27 18:52:12	2023-05-27 18:52:12
24	App\\Models\\User	2	Personal Access Token	58950f37bb851f33340b8f6746d570515a12fdaf6337698e0008b7198fe974dd	["*"]	\N	2023-05-27 18:56:59	2023-05-27 18:56:59
25	App\\Models\\User	2	Personal Access Token	ee1bc3ad01dfb6b0f7f312f77eefc152ea83a49d57ae3b58fae4da830b56505e	["*"]	\N	2023-05-27 18:57:12	2023-05-27 18:57:12
26	App\\Models\\User	2	Personal Access Token	982f80931524b745aa70a9d6ab8cb6bd33bd64a7f3fa16438582a41a35bdf5ee	["*"]	\N	2023-05-27 18:59:27	2023-05-27 18:59:27
27	App\\Models\\User	2	Personal Access Token	6caeca338c50a1c75d629275718a0e913e627f5451ded37a5affc26a55f96d83	["*"]	\N	2023-05-27 19:06:13	2023-05-27 19:06:13
28	App\\Models\\User	2	Personal Access Token	adfc013e832a8067cdf2d75de2d17d275025cef142350976aa956fc81ebcabe3	["*"]	\N	2023-05-28 17:31:30	2023-05-28 17:31:30
29	App\\Models\\User	2	Personal Access Token	96bbd9a7efc11a264897d34ebe05f676bbd1320e34e738911d4b3acd6014fa48	["*"]	\N	2023-05-28 17:39:44	2023-05-28 17:39:44
30	App\\Models\\User	2	Personal Access Token	1a0b17c45b6882d3b11d30f9d1e6e91f8cf9f60a19bf0a2181a057091a46776e	["*"]	\N	2023-05-28 18:44:58	2023-05-28 18:44:58
31	App\\Models\\User	2	Personal Access Token	2e2d3ddfd82e26518202ce4b0cd25c411435e92489c215c01c08122a0cc6f8b2	["*"]	\N	2023-05-28 18:52:56	2023-05-28 18:52:56
32	App\\Models\\User	8	Personal Access Token	8922c4a7722ca2b9c301ea2d60304f6d244ca2dc1407154cc904d9fe149dc1b0	["*"]	\N	2023-05-28 19:00:48	2023-05-28 19:00:48
33	App\\Models\\User	2	Personal Access Token	88abd82fb202dda71e0309f25b416853bf910320b16a1eeb44ba579314d0738d	["*"]	\N	2023-05-29 04:39:56	2023-05-29 04:39:56
34	App\\Models\\User	2	Personal Access Token	bb0e0bc41251a0c7834b73e6f5212fc36b8fb94fe6c43dc70b1e3266bcb18f46	["*"]	\N	2023-05-29 04:46:38	2023-05-29 04:46:38
35	App\\Models\\User	2	Personal Access Token	5c9eb8126a9ee74063698151a54940eafb8eb1e74f5a325e029cb45aff5bccb4	["*"]	\N	2023-05-29 05:06:21	2023-05-29 05:06:21
36	App\\Models\\User	2	Personal Access Token	b4d8042c098468ac2ecca273e38c92326fdc06453c2bf1b2e138cec52dc73c2a	["*"]	\N	2023-05-29 05:06:30	2023-05-29 05:06:30
37	App\\Models\\User	2	Personal Access Token	5ee0eb85d7800cb90e255422537a01a354b5dc90e589c39c3036883e267f0946	["*"]	\N	2023-05-29 05:23:33	2023-05-29 05:23:33
38	App\\Models\\User	10	Personal Access Token	4d1963ac30e82bad15a5b2c839e59a7018a91c42d96efedd7d07e10f06ed53fb	["*"]	\N	2023-05-29 06:32:49	2023-05-29 06:32:49
39	App\\Models\\User	2	Personal Access Token	febe09c4de55d05f3170a8bfb4db1850607a4e85cd84562c5e2a6c4477b36146	["*"]	\N	2023-05-29 06:33:03	2023-05-29 06:33:03
40	App\\Models\\User	11	Personal Access Token	866260e44bcd964a5f17dbe235786c95e6374fbcedec3d0f49815748ea90a88d	["*"]	\N	2023-05-29 06:34:41	2023-05-29 06:34:41
41	App\\Models\\User	12	Personal Access Token	8096d6cb04c106cdc906e9008b0362d5e5eb9df9c0d120f6c4f32c23d6afacb8	["*"]	\N	2023-05-29 06:36:48	2023-05-29 06:36:48
42	App\\Models\\User	2	Personal Access Token	a77a246d53590da72af05f07006ee3b10a365ac6a31f2c69bf5a3fc0419f90c5	["*"]	\N	2023-05-29 07:23:24	2023-05-29 07:23:24
43	App\\Models\\User	13	Personal Access Token	0b0434528dc1cb18f201aa364a0bc1fc1b12e688655c59ca0301a7498dea1b4d	["*"]	\N	2023-05-29 07:41:19	2023-05-29 07:41:19
44	App\\Models\\User	14	Personal Access Token	90ffe07ecbf89aca2e3a6582f4acaf3c760ae42089641e7d268de01eceb0792b	["*"]	\N	2023-05-29 09:24:19	2023-05-29 09:24:19
45	App\\Models\\User	15	Personal Access Token	601069990915966a3cf308e38910539d96c3a87a064f3eeff8af706dd9954cf6	["*"]	\N	2023-05-29 10:04:33	2023-05-29 10:04:33
46	App\\Models\\User	2	Personal Access Token	4019d79c663ebddbd605c6d062e708870faac0354d4ab50ceafcd7c90f831183	["*"]	\N	2023-05-29 10:06:18	2023-05-29 10:06:18
47	App\\Models\\User	14	Personal Access Token	be50fa177edaa667473b96bb39dff940e22834a58abfaea44be4ebf703d0b934	["*"]	\N	2023-05-29 11:05:36	2023-05-29 11:05:36
48	App\\Models\\User	16	Personal Access Token	8aa24b8b0efd9e83d56c9ecc204acaf9fbf3af7ca6a88665a93d48a6e79b92f7	["*"]	\N	2023-05-29 11:47:39	2023-05-29 11:47:39
49	App\\Models\\User	16	Personal Access Token	d22e475bfb71573356ef43e70ca849c998a2c63e9414b297b8f89e4c5fc1ac9c	["*"]	\N	2023-05-29 11:49:10	2023-05-29 11:49:10
50	App\\Models\\User	16	Personal Access Token	9b761706db06ea7ea9b9f3a3cd30d1f19fbb59bc6714fd30cc025e415ce28e0b	["*"]	\N	2023-05-29 11:49:48	2023-05-29 11:49:48
51	App\\Models\\User	2	Personal Access Token	a14c42a40097f62c8d2b9c7a51e05b7a21e88104371db576709bffbade9c3d36	["*"]	\N	2023-05-29 12:29:59	2023-05-29 12:29:59
52	App\\Models\\User	17	Personal Access Token	c3bc2f86f58ef91d0d720fbddbf32d13ced1e1d4e242464e620634452b81bed0	["*"]	\N	2023-05-29 12:50:22	2023-05-29 12:50:22
53	App\\Models\\User	18	Personal Access Token	0bfac7cd4604f0b8e476b3eaa8013ab0179ac611ead814e75db7cf1fd8c59931	["*"]	\N	2023-05-29 12:54:25	2023-05-29 12:54:25
54	App\\Models\\User	19	Personal Access Token	273dfbe7b18696c02e4f09c0fc27734f6af66c5a657e9d79d0c54d1d860c0966	["*"]	\N	2023-05-29 12:56:54	2023-05-29 12:56:54
55	App\\Models\\User	20	Personal Access Token	9c0c0fb2cce7051e4d66071a7d29db4da6c9527091641c9e095929ea766a86f0	["*"]	\N	2023-05-29 13:01:26	2023-05-29 13:01:26
56	App\\Models\\User	21	Personal Access Token	b2c93025820d6bf9c0b7f17c843f3260b9c255783b7079aa7de9eac78e5829a6	["*"]	\N	2023-05-29 13:02:59	2023-05-29 13:02:59
57	App\\Models\\User	22	Personal Access Token	11ca8caca127bd863a369fe16a247eb427dd1d7b92881bc788a2ec9001435c81	["*"]	\N	2023-05-29 13:08:02	2023-05-29 13:08:02
58	App\\Models\\User	23	Personal Access Token	94f46efa36663edbefd72ad729697c61b1f438d4901ffdb24f57487087fdf2c4	["*"]	\N	2023-05-30 01:40:29	2023-05-30 01:40:29
59	App\\Models\\User	23	Personal Access Token	e96bfc8faadcfab9dfe380abbbd8c190bc87ad1f1c47cd36dce06945f8b6ac41	["*"]	\N	2023-05-30 01:42:44	2023-05-30 01:42:44
60	App\\Models\\User	23	Personal Access Token	1fc26b67e605b37e1b6bb08d194db3cbbd3f35906e9027261ac094994b0cd8cb	["*"]	\N	2023-05-30 01:44:01	2023-05-30 01:44:01
61	App\\Models\\User	2	Personal Access Token	fa940357f34fdbe3906b24e632acd41496b99d1bd0060acd8470c401433cfc16	["*"]	\N	2023-05-30 01:44:12	2023-05-30 01:44:12
62	App\\Models\\User	16	Personal Access Token	03170cbd3073e4458436caf5291fd643e5606706c8f615f900dfaf115557a966	["*"]	\N	2023-05-30 04:39:45	2023-05-30 04:39:45
63	App\\Models\\User	24	Personal Access Token	c5389bbd749b2ebfad926ff4c935f72f1b7d1b00c4dabebbe2fdeb7e5e829675	["*"]	\N	2023-05-30 04:44:43	2023-05-30 04:44:43
64	App\\Models\\User	25	Personal Access Token	4619b2f87905036461b772b2cef39b5c78f5222dfc2b8aef9c8e4de5cfa398f0	["*"]	\N	2023-05-30 05:52:45	2023-05-30 05:52:45
65	App\\Models\\User	2	Personal Access Token	eb7b48ca90723803fec7548c8124145a8d8e9a38a4da1b1c02be59ed26e0a026	["*"]	\N	2023-05-30 06:54:59	2023-05-30 06:54:59
66	App\\Models\\User	2	Personal Access Token	31a487b6c29f0ac2cb457f40e61c358b98a0e18d31b65df08bb79cb88b32fa0c	["*"]	\N	2023-05-30 07:54:48	2023-05-30 07:54:48
67	App\\Models\\User	2	Personal Access Token	a0361bd2fe116659c25a9c7bd7421f7edf9b2bc6db448483f58670a126dd6373	["*"]	\N	2023-05-30 07:56:50	2023-05-30 07:56:50
68	App\\Models\\User	2	Personal Access Token	21d5c56d579f234dff35ce21eb85edb29d06f8478166092f97732a8dabfc7692	["*"]	\N	2023-05-30 11:08:46	2023-05-30 11:08:46
69	App\\Models\\User	2	Personal Access Token	05ab597751840354a52468f3d123a944c2129899459aaeff34651b38d8a1100a	["*"]	\N	2023-05-30 11:16:57	2023-05-30 11:16:57
70	App\\Models\\User	2	Personal Access Token	a4bc05211ffe339378a9e22b37d7e015eee37fd9e5af05ef6270514718466ac3	["*"]	\N	2023-05-30 11:52:50	2023-05-30 11:52:50
71	App\\Models\\User	2	Personal Access Token	ae10461780f2c49f56e427c6cdd7cf14fbfb4deed5eb085affcd130ccd1e56cc	["*"]	\N	2023-05-31 02:46:46	2023-05-31 02:46:46
72	App\\Models\\User	26	Personal Access Token	6661c1c47e2a915af732cfd2d265ba649190b94dec92b8a0fbcac94d682dfa0d	["*"]	\N	2023-05-31 04:02:19	2023-05-31 04:02:19
73	App\\Models\\User	27	Personal Access Token	9bb4ac4c70129b860c85d103a801067d9297db71f7b096ea21be3202963981f1	["*"]	\N	2023-05-31 04:30:18	2023-05-31 04:30:18
74	App\\Models\\User	24	Personal Access Token	9eb8be4d5338233eb9a37f5436421500bc05dc9668ce6fa18bb605fa2ac468b7	["*"]	\N	2023-05-31 04:42:28	2023-05-31 04:42:28
75	App\\Models\\User	28	Personal Access Token	337afed85bf5ccb07ea535dbcd8ca697b0a3752f0b18691d93c35ff9d908fb24	["*"]	\N	2023-05-31 05:56:20	2023-05-31 05:56:20
76	App\\Models\\User	29	Personal Access Token	8326e03eb60b6155b65f7466b227bcf9ba0eb28cc7a5a3200c8fde605eac604c	["*"]	\N	2023-05-31 05:57:47	2023-05-31 05:57:47
77	App\\Models\\User	30	Personal Access Token	e6c6606a27b30fa2b29d7a122e08537eef3c0c00a75326f9f2e2ccc1aeeba881	["*"]	\N	2023-05-31 06:05:37	2023-05-31 06:05:37
78	App\\Models\\User	31	Personal Access Token	199890c60f81e6cf3f14ade013e1c0d6a60a306ee11c91be10e5569ef8f367f2	["*"]	\N	2023-05-31 06:06:03	2023-05-31 06:06:03
79	App\\Models\\User	32	Personal Access Token	19337775465558ca50a546f06e1f36bec6313dee5609b24650b03448088a116f	["*"]	\N	2023-05-31 06:19:57	2023-05-31 06:19:57
80	App\\Models\\User	33	Personal Access Token	eda312f8b38fda4125bd1fd24854e77fee5ae6f320e40e55c51970bf35b1f15f	["*"]	\N	2023-05-31 07:01:19	2023-05-31 07:01:19
81	App\\Models\\User	34	Personal Access Token	46fdfc669f43b2a64a09b54fdb90051ea15ecda9501c265b8dbd718cd580b42b	["*"]	\N	2023-05-31 07:22:34	2023-05-31 07:22:34
82	App\\Models\\User	35	Personal Access Token	fa9c6fd5a784b6dec927e00e7d7c2ec872d056815ce34dd9e1bb956ad650b873	["*"]	\N	2023-05-31 07:29:11	2023-05-31 07:29:11
83	App\\Models\\User	36	Personal Access Token	a893fadf1961e52b7c1faa478463407cd435efaad760c77860db6422648b4ff8	["*"]	\N	2023-05-31 07:34:10	2023-05-31 07:34:10
84	App\\Models\\User	37	Personal Access Token	749eadb28f6f3568546459e8ae1d6bc3676f8672b9cdeafb8bc8e567f4bb5724	["*"]	\N	2023-05-31 07:39:57	2023-05-31 07:39:57
85	App\\Models\\User	38	Personal Access Token	0236f3b5d1ee779c8644b40344664e2fd2e876fecef8dd83e479aa3455658391	["*"]	\N	2023-05-31 07:51:30	2023-05-31 07:51:30
86	App\\Models\\User	39	Personal Access Token	88a383a4832edf54a7f283dde203ddbfea4761c1c0efd58aadd98b1d9f1ed5eb	["*"]	\N	2023-05-31 07:53:12	2023-05-31 07:53:12
87	App\\Models\\User	39	Personal Access Token	3ab4755ae51c8fa508593e0c005002803932f2e0098adafa94d0679f3f8747e9	["*"]	\N	2023-05-31 07:54:30	2023-05-31 07:54:30
88	App\\Models\\User	39	Personal Access Token	1b2ff0f5bf0bd1a500443125ff9b245f6b5ca5270556c5d627155bc35d5b7b97	["*"]	\N	2023-05-31 08:41:38	2023-05-31 08:41:38
89	App\\Models\\User	39	Personal Access Token	c0f3657485794bee07d31ba0bdd602227600bad43076c5cbe5eb050c059869de	["*"]	\N	2023-05-31 08:43:26	2023-05-31 08:43:26
90	App\\Models\\User	40	Personal Access Token	982e29ccc4bb9dbb8cd61742fa3514b365a9f966d4ce29e378cfb78f0f8fcd1d	["*"]	\N	2023-05-31 08:55:00	2023-05-31 08:55:00
91	App\\Models\\User	40	Personal Access Token	c782ade055d69f943100b557e4072ac090503b4c6983ea43c6f7a9b1f8449c8e	["*"]	\N	2023-05-31 08:57:11	2023-05-31 08:57:11
92	App\\Models\\User	42	Personal Access Token	a5ce0545fb6a5eddfbecbe3b6b45b25476da69b2891f542fc5c05f7002a9b552	["*"]	\N	2023-05-31 11:08:26	2023-05-31 11:08:26
93	App\\Models\\User	43	Personal Access Token	81ade3b5769428e5f2d3965f8b9d7ca55b0373ead720506f530ebcac9c238828	["*"]	\N	2023-05-31 11:27:55	2023-05-31 11:27:55
94	App\\Models\\User	44	Personal Access Token	2166ec9fac7b84b0d9c28f461df0cb87a00c4f02bb3e2b2d0b2190645d662080	["*"]	\N	2023-05-31 11:29:43	2023-05-31 11:29:43
95	App\\Models\\User	45	Personal Access Token	2888391c452b0fae48f08ba402e7facf2c69d9a84b9683c528decb3a6080bd24	["*"]	\N	2023-05-31 12:49:50	2023-05-31 12:49:50
96	App\\Models\\User	2	Personal Access Token	b20ce483709c139cad4deb2fcf62846ffe03b0c5286849ed55a6d7a4dc3dd97e	["*"]	\N	2023-06-01 01:42:05	2023-06-01 01:42:05
97	App\\Models\\User	46	Personal Access Token	e54fbe7c623348721980956bdb983b4284124eb1712f42d59961d429159cd560	["*"]	\N	2023-06-01 01:56:59	2023-06-01 01:56:59
98	App\\Models\\User	11	Personal Access Token	5d8bfc587f3ee8a6e721be5657de2fff916645cd3beb08a2f33d7cfc543c9c87	["*"]	\N	2023-06-01 04:04:36	2023-06-01 04:04:36
99	App\\Models\\User	11	Personal Access Token	a5058e5bf060a443376f491be89c056751b529e602550c06d0c8ea0ac617ffcd	["*"]	\N	2023-06-01 05:24:29	2023-06-01 05:24:29
100	App\\Models\\User	2	Personal Access Token	1578a6b199548cec6b6c2c59133d8476dc6244ef15fab57c55c91c527cfba8e1	["*"]	\N	2023-06-01 05:52:01	2023-06-01 05:52:01
101	App\\Models\\User	2	Personal Access Token	b61dbc93e76d30c5374e22a681a64dd194c849a02e5542e1a1cf145ea2d3b5f0	["*"]	\N	2023-06-01 05:52:35	2023-06-01 05:52:35
102	App\\Models\\User	2	Personal Access Token	4b49747fc9b010bfa9109eabe09a89a5426de4a4577b1ebfa2a8e56ecf8e01a3	["*"]	\N	2023-06-01 06:05:47	2023-06-01 06:05:47
103	App\\Models\\User	11	Personal Access Token	cc3c3f0be672a816f1dcdae38d1d5b2494773e8bca15b85c9aa2965cb916dd48	["*"]	\N	2023-06-01 07:48:35	2023-06-01 07:48:35
104	App\\Models\\User	11	Personal Access Token	137aae6d463c81aa2c89b9706f76ee1f2ecf9e5995bf9430c0caac24675b2062	["*"]	\N	2023-06-01 08:40:11	2023-06-01 08:40:11
105	App\\Models\\User	11	Personal Access Token	b43a2e659cb84d9bd1db0fb7a55cff44fa39b4d66d6ea6036350e81cebe7f3f8	["*"]	\N	2023-06-01 08:50:37	2023-06-01 08:50:37
106	App\\Models\\User	11	Personal Access Token	ee03ecceed8f91418a2dd68981fe76dbd9140a14e3901c3ed6e594f9d9f2f7ca	["*"]	\N	2023-06-01 08:54:33	2023-06-01 08:54:33
107	App\\Models\\User	11	Personal Access Token	d9c5afa3f7c705cbd7629d93e19aa5a81917a13a2b74b38c4c44909183e56b62	["*"]	\N	2023-06-01 08:56:14	2023-06-01 08:56:14
108	App\\Models\\User	11	Personal Access Token	c2d77af39752b03f36436d8b30beb27169dfb26f1ca006fe123a77dcdc4e9838	["*"]	\N	2023-06-01 08:57:38	2023-06-01 08:57:38
109	App\\Models\\User	11	Personal Access Token	b79368c88973845824cd86cf5eed0273d29056cd4d98dbad4ec6b6892ab6570a	["*"]	\N	2023-06-01 09:02:08	2023-06-01 09:02:08
110	App\\Models\\User	2	Personal Access Token	9803added910444d16d82599c776ebe3ac9abf8fc17457f32ccac74b947f2e79	["*"]	\N	2023-06-01 09:23:59	2023-06-01 09:23:59
111	App\\Models\\User	11	Personal Access Token	453c89398546563fa7da57be3f30f1ca7ecedee0d039043c2977742e33a39d17	["*"]	\N	2023-06-01 09:47:07	2023-06-01 09:47:07
112	App\\Models\\User	11	Personal Access Token	fbe01c54441eb665feb0642dcf72b531c24d80cc291f43c322ba8bc62ecd7e23	["*"]	\N	2023-06-01 10:14:55	2023-06-01 10:14:55
113	App\\Models\\User	11	Personal Access Token	0f8ffcb955af3223b51708f21a12c8abd3985354a91e82fb70c6c4eb23d40ee0	["*"]	\N	2023-06-01 10:32:47	2023-06-01 10:32:47
114	App\\Models\\User	11	Personal Access Token	f596f24d8a4bbcb9b9acdaac401ff3af895684b53abdb3170bac34ad7c1216f0	["*"]	\N	2023-06-01 10:51:20	2023-06-01 10:51:20
115	App\\Models\\User	11	Personal Access Token	c0dd0d8b609d766a4c93f88a031bcdac78861ba0b8716d5347ff20ded3f33b79	["*"]	\N	2023-06-01 10:51:32	2023-06-01 10:51:32
116	App\\Models\\User	11	Personal Access Token	c69b40c940cd2dbfaee157ec916475e1657d3699ee03e5f7a38d5a88a67a935d	["*"]	\N	2023-06-01 11:18:52	2023-06-01 11:18:52
117	App\\Models\\User	11	Personal Access Token	47118bd583079729b3070eac689e33e1a2fc2c34d9b697b92150180d09cc2ecb	["*"]	\N	2023-06-01 11:22:42	2023-06-01 11:22:42
118	App\\Models\\User	2	Personal Access Token	cf30b6a4f3bc4f49d921a87fb5ea58bb6f0c69ade9c87bee530400b69b72c9fa	["*"]	\N	2023-06-01 11:24:15	2023-06-01 11:24:15
119	App\\Models\\User	11	Personal Access Token	5840d6bf96572802ecc26062ecded7f2bafb8b1ed3350f3547d9dd43ec92380e	["*"]	\N	2023-06-01 12:01:16	2023-06-01 12:01:16
120	App\\Models\\User	2	Personal Access Token	64d3905263e1ea32452ff626e3aff2ab492510b72b58a08507e4b59a1ae49db4	["*"]	\N	2023-06-01 12:24:25	2023-06-01 12:24:25
121	App\\Models\\User	11	Personal Access Token	3aac1a50be8aa92e341f4eb5fc58af326b1797c271c5c2518c4e0ba5482fd78d	["*"]	\N	2023-06-01 12:26:30	2023-06-01 12:26:30
122	App\\Models\\User	11	Personal Access Token	407dd68e9bd0e133883dc7392fca897706d0ce25437cc267eec7922aae164750	["*"]	\N	2023-06-01 12:50:50	2023-06-01 12:50:50
123	App\\Models\\User	11	Personal Access Token	eb5383260472841df1b9ddad778b8f8fdb0710fbd27c99ee48eb9643f44a02ec	["*"]	\N	2023-06-01 13:30:08	2023-06-01 13:30:08
124	App\\Models\\User	2	Personal Access Token	d259409c75d988e5fe95553abd190db18049c912beadc5e70eafeb2f846d23c5	["*"]	\N	2023-06-01 14:23:48	2023-06-01 14:23:48
125	App\\Models\\User	2	Personal Access Token	9bd350c6dd6a86ba92efd5d609644de03681f0ccffa0090983e4f429660824d9	["*"]	\N	2023-06-01 14:28:27	2023-06-01 14:28:27
126	App\\Models\\User	2	Personal Access Token	22a80f40a360a55b4e0f2586b1f86388fcfb8746d65f780d604c03fe3fdf6986	["*"]	\N	2023-06-01 14:35:11	2023-06-01 14:35:11
127	App\\Models\\User	2	Personal Access Token	f83425e76f3e1c2ee2f0fd8beaaed42f053ccde30d0b4d3b8e36fb0e96c103cb	["*"]	\N	2023-06-01 14:39:28	2023-06-01 14:39:28
128	App\\Models\\User	2	Personal Access Token	0f8a3606dced321532fba3dbba690fbe4a98a3fd34d7fc19a071995d49131298	["*"]	\N	2023-06-01 14:49:33	2023-06-01 14:49:33
129	App\\Models\\User	2	Personal Access Token	a58000136c6d28c679d0f373bb94f03b876ac9f0255a32054ea3e2c1f3492ab3	["*"]	\N	2023-06-01 14:50:45	2023-06-01 14:50:45
130	App\\Models\\User	2	Personal Access Token	5b399f4b70f557295f37c640b4a037e2aa20afe4dcbf8880fc9dd3639466ef89	["*"]	\N	2023-06-01 14:56:45	2023-06-01 14:56:45
131	App\\Models\\User	11	Personal Access Token	9d8c873f225bc4956312bcd3473f30a4f685daf2fc433453ba4736e2549177ca	["*"]	\N	2023-06-01 14:59:30	2023-06-01 14:59:30
132	App\\Models\\User	47	Personal Access Token	86d1809021726813f7408d6f9129ecbe2345c7f8ea81254c60d667a6d7a2bd0a	["*"]	\N	2023-06-01 15:04:26	2023-06-01 15:04:26
133	App\\Models\\User	2	Personal Access Token	c616c527e37042b68c8a769f8b30c65fed36d1300147410ebca926dbb17c1c83	["*"]	\N	2023-06-01 15:29:10	2023-06-01 15:29:10
134	App\\Models\\User	2	Personal Access Token	0f718ad6ef7dc4ad203733dd4069559412fb3db5e87f9cb313de90bac6d6bd32	["*"]	\N	2023-06-02 04:47:56	2023-06-02 04:47:56
135	App\\Models\\User	2	Personal Access Token	c343d7a1ac821072a1417337e38b64ee89f17bda5cc0cc93a4758a1c7fa8dc49	["*"]	\N	2023-06-02 04:52:17	2023-06-02 04:52:17
136	App\\Models\\User	2	Personal Access Token	269817ba6413bcbe386c8912151e872989d3a51db540964adcb6fd44aa6adfe5	["*"]	\N	2023-06-02 05:01:28	2023-06-02 05:01:28
137	App\\Models\\User	11	Personal Access Token	d976ecfe630e0747ec824b34b50c716c2c59260d15c0cb3b7f5673b2f9efb139	["*"]	\N	2023-06-02 05:09:18	2023-06-02 05:09:18
138	App\\Models\\User	2	Personal Access Token	bee7c275d710ca0961235e6e0ac2a0ac0635a2c352540c20f12b5f607d035495	["*"]	\N	2023-06-02 06:08:03	2023-06-02 06:08:03
139	App\\Models\\User	11	Personal Access Token	e6c8f9c54fd1b7a76ae31054dda0506f095341a24e36a9da93cb873ad8ce8fa0	["*"]	\N	2023-06-02 06:20:45	2023-06-02 06:20:45
140	App\\Models\\User	2	Personal Access Token	f68239aec2d452a38825af77ab3b4eee9ecbe661c3a9ebabaa0220b03833faa9	["*"]	\N	2023-06-02 06:41:05	2023-06-02 06:41:05
141	App\\Models\\User	2	Personal Access Token	db9a538df48914db1eedda594613e6cf673630ed0e3a8239ebcc29b0059d6d8f	["*"]	\N	2023-06-02 06:54:05	2023-06-02 06:54:05
142	App\\Models\\User	2	Personal Access Token	b0b9bfb719532041a9b98b3db4286c7c6e89fdcfc91486ef31434733bff08ffd	["*"]	\N	2023-06-02 07:00:27	2023-06-02 07:00:27
143	App\\Models\\User	2	Personal Access Token	b9833213b84ea69e7477818c6d5563985a26d1d90293bca15bb8bc7e1f9e02b6	["*"]	\N	2023-06-02 07:03:46	2023-06-02 07:03:46
144	App\\Models\\User	2	Personal Access Token	d71171a587e01ddeecca96fbc4945b7eb24cace84c488853d237f51eeba21f0f	["*"]	\N	2023-06-02 07:05:29	2023-06-02 07:05:29
145	App\\Models\\User	2	Personal Access Token	b4cd36407d92dec42bec8e0f35dad432af16e2089bbb7d00fde7a23dcafe2dde	["*"]	\N	2023-06-02 07:07:04	2023-06-02 07:07:04
146	App\\Models\\User	2	Personal Access Token	a64761768330b8405b6a00c8f3d42ea4fccc5219e743e8173e049c0f9eeb4d5d	["*"]	\N	2023-06-02 07:08:33	2023-06-02 07:08:33
147	App\\Models\\User	2	Personal Access Token	906f40aab6ed76c22f9623c39fc125c0d829ac75b047b8f7fae1f370f73ddc8b	["*"]	\N	2023-06-02 07:09:30	2023-06-02 07:09:30
148	App\\Models\\User	2	Personal Access Token	84b9980a9708294704999f2bd950b3284ff655253f7121f68f2b6eaddf290a2c	["*"]	\N	2023-06-02 07:13:23	2023-06-02 07:13:23
149	App\\Models\\User	2	Personal Access Token	a671070b405f9e4db9f74d5011c2be2e0dd0ba6b748405f5c3f9bfb124bd6d13	["*"]	\N	2023-06-02 07:25:35	2023-06-02 07:25:35
150	App\\Models\\User	48	Personal Access Token	95cde00f63ad5c47afbb15311bdec7fbb0fc588b9d4f7c629becc403aac4ee8d	["*"]	\N	2023-06-02 07:32:53	2023-06-02 07:32:53
151	App\\Models\\User	48	Personal Access Token	5c2fd687b36ae0667f9346bc3273059eaa59c8609c460e89daf91963d2854f8b	["*"]	\N	2023-06-02 07:59:27	2023-06-02 07:59:27
152	App\\Models\\User	49	Personal Access Token	073889678804c5b5b84d17f60ff80ee22043b3812659f936d0b2184643c17f2a	["*"]	\N	2023-06-02 08:04:31	2023-06-02 08:04:31
153	App\\Models\\User	50	Personal Access Token	589b4bfdb0d94a90f3d11e1b71dd798552a8d250784871695a527b8362fb2306	["*"]	\N	2023-06-02 08:50:22	2023-06-02 08:50:22
154	App\\Models\\User	50	Personal Access Token	cde5e91f18a4d95a76b983258c7af3ee83996c40f195fa2f167693fd38a8365f	["*"]	\N	2023-06-02 08:53:11	2023-06-02 08:53:11
155	App\\Models\\User	2	Personal Access Token	0bcec5663fc425f74b956d5f16dbbb0767211e2207dcb537e99b4f96a27cffd1	["*"]	\N	2023-06-02 08:56:01	2023-06-02 08:56:01
156	App\\Models\\User	2	Personal Access Token	b64f42217b5d06fde14387a6c7426ebdd748583a1cd8942bfe0499b2f415528e	["*"]	\N	2023-06-02 09:03:54	2023-06-02 09:03:54
157	App\\Models\\User	48	Personal Access Token	74fae86b2e8058229213c94d8c9deb322c2c0d69adb0be8b5bdcfb8f4fdb93d8	["*"]	\N	2023-06-02 09:12:05	2023-06-02 09:12:05
158	App\\Models\\User	2	Personal Access Token	75df19bc6369545c77d66d57b70ff767a16b15bc8a61bd1fbdc3c6409fc22a67	["*"]	\N	2023-06-02 09:18:43	2023-06-02 09:18:43
159	App\\Models\\User	2	Personal Access Token	d01dc68bbf323454cb2b3ac27d0acce87c1baa5ad0d1f09311e240e572cfd9a5	["*"]	\N	2023-06-02 10:27:14	2023-06-02 10:27:14
160	App\\Models\\User	2	Personal Access Token	78884c120530b55e0d9ed5e92fe2821477da3114fddfb80081fb2014613c033a	["*"]	\N	2023-06-02 11:01:41	2023-06-02 11:01:41
161	App\\Models\\User	48	Personal Access Token	b8b734ed69b58c658288e66174d684fbab688057d3ce25a9a9e561f9e928e460	["*"]	\N	2023-06-02 11:24:25	2023-06-02 11:24:25
162	App\\Models\\User	2	Personal Access Token	bc139aa343fa67acfb781583732d086758665cccf7d74eb5ecad51ae122520a2	["*"]	\N	2023-06-02 12:34:25	2023-06-02 12:34:25
163	App\\Models\\User	2	Personal Access Token	211701631b3d556189d37e2aac8b11138ce5387ddddcf99972f1d833b8d62f1d	["*"]	\N	2023-06-02 12:39:35	2023-06-02 12:39:35
164	App\\Models\\User	2	Personal Access Token	007633f083289ae90c84615647b32c927482f697c109f09612a83c222d5a314b	["*"]	\N	2023-06-02 12:41:22	2023-06-02 12:41:22
165	App\\Models\\User	40	Personal Access Token	30cd84d63d7315e9ee35f795a988900208a392aa680d6849506610bd0b5a328e	["*"]	\N	2023-06-02 12:42:49	2023-06-02 12:42:49
166	App\\Models\\User	2	Personal Access Token	2dc7e7fc2cc9cd7043c9a26c7b4a8d9e74265753cc26c5f72816d96bde049037	["*"]	\N	2023-06-02 12:49:53	2023-06-02 12:49:53
167	App\\Models\\User	11	Personal Access Token	97f9fed5e2f8be1b3cfdff455588b4adc50893200476dc3eb3754629d472a62b	["*"]	\N	2023-06-02 16:20:33	2023-06-02 16:20:33
168	App\\Models\\User	11	Personal Access Token	7b9b384de4ce5c850df7960ac3788a42801b558969e80b3160dd4b21885c4684	["*"]	\N	2023-06-02 16:21:41	2023-06-02 16:21:41
169	App\\Models\\User	2	Personal Access Token	3e6ae82d88f86e92bb570a5c2326d67b8c00e69d7dc40d6412df85e354d846dd	["*"]	\N	2023-06-02 16:55:54	2023-06-02 16:55:54
170	App\\Models\\User	2	Personal Access Token	8e502eb940f2ca890667f5a4934575979d732647ea9bcbb0459fd557c2462f83	["*"]	\N	2023-06-03 02:38:37	2023-06-03 02:38:37
171	App\\Models\\User	11	Personal Access Token	90c30f3c83a9a2a11be864648407b67c531cdaf7a4ec0f3e12e1fa1b3e2a3de5	["*"]	\N	2023-06-03 05:52:01	2023-06-03 05:52:01
172	App\\Models\\User	2	Personal Access Token	3f6ed454a32957bac505b1d23c0fc528aa6eaf8a360d8cd16a09fd6299bd2a79	["*"]	\N	2023-06-03 06:40:38	2023-06-03 06:40:38
173	App\\Models\\User	51	Personal Access Token	7f61267a397a40e8cc9489336b3e6e33f2a87c27a88a9e86917644e2ba5265eb	["*"]	\N	2023-06-03 11:43:20	2023-06-03 11:43:20
174	App\\Models\\User	52	Personal Access Token	ba1bc2a82beb21354d3813d937b9f9bbad77cfa2b687be92057488b4160aa6ce	["*"]	\N	2023-06-03 11:52:46	2023-06-03 11:52:46
175	App\\Models\\User	53	Personal Access Token	e2017dd331eaee5215dbfe41da6e436943a1a8e70772dba5694409e73088c452	["*"]	\N	2023-06-03 11:59:21	2023-06-03 11:59:21
176	App\\Models\\User	48	Personal Access Token	00989d6b92d14adfa942232023ecc88c8a6bc3a69dc262491e13d2a993202366	["*"]	\N	2023-06-03 13:42:58	2023-06-03 13:42:58
177	App\\Models\\User	48	Personal Access Token	c94ec627eef0a373fbf6b6c34b0e3a2cb8188ee37701f27aec23c947fa018ad3	["*"]	\N	2023-06-03 14:06:25	2023-06-03 14:06:25
178	App\\Models\\User	48	Personal Access Token	029b78c0b93c8d310282cbfc3b4b94a194a31d01ff0effe6bf8e4086476bdebe	["*"]	\N	2023-06-03 14:37:34	2023-06-03 14:37:34
179	App\\Models\\User	2	Personal Access Token	8a4e24fd24f73dffbd104c38d2a3f4ffb5b6df252447a3be836ef9abedf0f852	["*"]	\N	2023-06-05 04:01:05	2023-06-05 04:01:05
180	App\\Models\\User	2	Personal Access Token	d1c9455e6469dd1a69f6275f7351a355e3992ca44459d61454dbae3b797b12e1	["*"]	\N	2023-06-05 04:07:35	2023-06-05 04:07:35
181	App\\Models\\User	2	Personal Access Token	b854e7df27a1ffcdef6a67271f61a7892c5f88f756e94a3f7b8a7252893b2a84	["*"]	\N	2023-06-05 05:26:09	2023-06-05 05:26:09
182	App\\Models\\User	2	Personal Access Token	05a9d3cc3ca60a307be7dfdf18cd609f21305844e42d6cf03fd44cf9aea419ed	["*"]	\N	2023-06-05 05:30:44	2023-06-05 05:30:44
183	App\\Models\\User	53	Personal Access Token	6ece246db5020d212290e631611b2c370222f671bf7e18b7ef29845b190b1768	["*"]	\N	2023-06-05 06:16:13	2023-06-05 06:16:13
184	App\\Models\\User	2	Personal Access Token	aa7ff0376ffc98762e62e76f19fb9f2bc0e0abdc1d97ba5bd6355e586cdc84fc	["*"]	\N	2023-06-05 06:18:50	2023-06-05 06:18:50
185	App\\Models\\User	53	Personal Access Token	0df22e823c0cf3af67e808b47bf82784a38d2bb192f1dd9d77c94df981e36b91	["*"]	\N	2023-06-05 07:10:58	2023-06-05 07:10:58
186	App\\Models\\User	2	Personal Access Token	c78d7354c3109913bd5624923385776b059e9ed83eec257b670e62c0c8b35745	["*"]	\N	2023-06-05 07:39:26	2023-06-05 07:39:26
187	App\\Models\\User	2	Personal Access Token	f402e07478f15eddb077ad7e1fe2d61a996aabe0b97936f95c45079ae65fdf62	["*"]	\N	2023-06-05 07:58:39	2023-06-05 07:58:39
188	App\\Models\\User	53	Personal Access Token	faee15b887054966e052f89a7c04f0d1fa0e1c836ccbe51fb2124453ee0ed596	["*"]	\N	2023-06-05 08:09:53	2023-06-05 08:09:53
189	App\\Models\\User	54	Personal Access Token	fd9a63ad513eaec5624b94742aeeafc6653650698ca2dc3b861b8d552d1e4cee	["*"]	\N	2023-06-05 08:52:31	2023-06-05 08:52:31
190	App\\Models\\User	2	Personal Access Token	3f785aa8b664eb532120cb076da62760e4fba60f92cdddbdcb5692c08eadb421	["*"]	\N	2023-06-05 09:57:19	2023-06-05 09:57:19
191	App\\Models\\User	2	Personal Access Token	efb5c22cd960ad6861d90d0e45b8e020b5917352ffc8774706aa5b3a37a8f288	["*"]	\N	2023-06-05 10:11:41	2023-06-05 10:11:41
192	App\\Models\\User	2	Personal Access Token	761e70f8d30120c79320205914722e34c8f9a2e1c64f8798e55ccb69cbe4e4b4	["*"]	\N	2023-06-05 10:14:08	2023-06-05 10:14:08
193	App\\Models\\User	2	Personal Access Token	46468bdc0f1073b62ff812e212f61b4691d3b66bb3abd2737763a305c363c08a	["*"]	\N	2023-06-05 10:19:05	2023-06-05 10:19:05
194	App\\Models\\User	2	Personal Access Token	e0c5ef81c20cf0637362fa4a55898d92255732b81987fcea790e464ad8ae5f96	["*"]	\N	2023-06-05 10:32:24	2023-06-05 10:32:24
195	App\\Models\\User	2	Personal Access Token	4333e0f2580f7bfb21b62016c4d13bedc3bbd56bb50f69d7f574f27397d9a1e7	["*"]	\N	2023-06-05 11:50:40	2023-06-05 11:50:40
196	App\\Models\\User	46	Personal Access Token	6f2c6c2f81f7b95cb7b4b8dfe479f3fc17e6be8fdf044469ea8c02e3f3925c1b	["*"]	\N	2023-06-05 12:33:30	2023-06-05 12:33:30
197	App\\Models\\User	46	Personal Access Token	0b1877525e98c210892039550b129b08c7ed0e742ed9535d5362b2aa3352e59e	["*"]	\N	2023-06-05 12:33:49	2023-06-05 12:33:49
198	App\\Models\\User	55	Personal Access Token	fdfd00cb966d3ad286a0843b13d21677ee14b4be173220d1b1c335c2510c4505	["*"]	\N	2023-06-05 12:55:51	2023-06-05 12:55:51
199	App\\Models\\User	2	Personal Access Token	918f765b33ef9f6ac7d4f048742190a4a809d903609b0512dd05af314b2dce96	["*"]	\N	2023-06-05 13:59:51	2023-06-05 13:59:51
200	App\\Models\\User	2	Personal Access Token	f20d45d8f52088296ae9cc79477fd63921ca3e5dc73e5c788a3d3bf1a3bc430c	["*"]	\N	2023-06-05 17:17:35	2023-06-05 17:17:35
201	App\\Models\\User	2	Personal Access Token	1abc41b7a79b754520b48612504a759e0edde44393d908b373f3f1ccff7d75ae	["*"]	\N	2023-06-05 17:20:42	2023-06-05 17:20:42
202	App\\Models\\User	56	Personal Access Token	188edd224d7752919ba298762c2b764936e55994dda53af872731f6770f9bf01	["*"]	\N	2023-06-06 05:34:27	2023-06-06 05:34:27
203	App\\Models\\User	57	Personal Access Token	e2543b44504828047493bd6c04551b1d8e9162767f248b6dcf9cb21cd1ba9732	["*"]	\N	2023-06-06 05:34:52	2023-06-06 05:34:52
204	App\\Models\\User	2	Personal Access Token	f0abc9d40d311568ef77ee0cae9821cfa7052a1f098a57f80ec9bdc16feef9f5	["*"]	\N	2023-06-06 05:55:46	2023-06-06 05:55:46
205	App\\Models\\User	2	Personal Access Token	99157340ea62d0e78592408b071cd0d8e52ce95d0d5ef965c5c797c3aae79285	["*"]	\N	2023-06-06 06:16:47	2023-06-06 06:16:47
206	App\\Models\\User	2	Personal Access Token	01b3a0ed02fa21c94a7c0983389ee3e64edce0dc98f82ea2d6586f02fb5c9d41	["*"]	\N	2023-06-06 06:33:49	2023-06-06 06:33:49
207	App\\Models\\User	2	Personal Access Token	3bc01c3fc753b3952503253d1b83943d5dffe0e56df453f3a800fc4ae4d5125b	["*"]	\N	2023-06-06 06:47:03	2023-06-06 06:47:03
208	App\\Models\\User	2	Personal Access Token	8c0594ef3b9742e814ef521b1670fccc129b34a341916e0535375205c71bc4db	["*"]	\N	2023-06-06 07:27:34	2023-06-06 07:27:34
209	App\\Models\\User	2	Personal Access Token	a09f7c7a7c668af13c45976db78f9382bd647051d9f5e6a959fbcd4e7998a6c9	["*"]	\N	2023-06-06 08:03:18	2023-06-06 08:03:18
210	App\\Models\\User	2	Personal Access Token	fe06ffef29f1f488cae147ac31a3e45b77076e20d507848900ecac345eb50fab	["*"]	\N	2023-06-06 08:06:14	2023-06-06 08:06:14
211	App\\Models\\User	2	Personal Access Token	e319f68dde4da312389bae9ed7ff931449c7e7fc7c2304ac2edbab3401194465	["*"]	\N	2023-06-06 08:20:40	2023-06-06 08:20:40
212	App\\Models\\User	2	Personal Access Token	0740990becca170d890029c619ef0b455f2f3a02f8b47057783b63db582ee41a	["*"]	\N	2023-06-06 09:09:41	2023-06-06 09:09:41
213	App\\Models\\User	2	Personal Access Token	028754831e4ae8f00ae59ecef567eac4df3eaab678dc0becb5240d2b801becee	["*"]	\N	2023-06-06 10:14:33	2023-06-06 10:14:33
214	App\\Models\\User	2	Personal Access Token	5904ecd50e80e3eec1af79c7a74c487407d7615834dc59ad7c87c2a9e47eff51	["*"]	\N	2023-06-06 10:50:06	2023-06-06 10:50:06
215	App\\Models\\User	54	Personal Access Token	c1ec79b1651c74a145f951451b2c6f97540db63cb108024dcea45f42ed997b97	["*"]	\N	2023-06-06 11:08:38	2023-06-06 11:08:38
216	App\\Models\\User	54	Personal Access Token	285d97cd94c7a4a2a4fcf38edf10a0cc8b4db7b3da0c80dda184e18d2a5f3835	["*"]	\N	2023-06-06 11:50:22	2023-06-06 11:50:22
217	App\\Models\\User	54	Personal Access Token	fe8cd04a314c71a7befa64c87b237f913ec381fcee67a31913f771d64ecb6032	["*"]	\N	2023-06-06 11:55:40	2023-06-06 11:55:40
218	App\\Models\\User	58	Personal Access Token	ec7df4bf90fdb616b8a843f537e27ec62cbe39cdea9e4a110b4835ab1214b83e	["*"]	\N	2023-06-06 12:00:10	2023-06-06 12:00:10
219	App\\Models\\User	2	Personal Access Token	1eb57bdf74bb374e74bfe9857f8b0cae58031e99922940fb0dd872da6b4848de	["*"]	\N	2023-06-06 12:00:29	2023-06-06 12:00:29
220	App\\Models\\User	54	Personal Access Token	becd6074dbaa3a52e17de083bf73607892757f5d243755b93d8161d218dd330b	["*"]	\N	2023-06-06 12:36:23	2023-06-06 12:36:23
221	App\\Models\\User	54	Personal Access Token	e585907f73e3f76503746ea684471b48c5e3c19f31973276c94b614d528e028c	["*"]	\N	2023-06-06 12:53:05	2023-06-06 12:53:05
222	App\\Models\\User	54	Personal Access Token	78f6050b81f2e2e11ee977217bbe8a536fe5e535640c6a395e6fdcdba4a44aa2	["*"]	\N	2023-06-06 12:57:26	2023-06-06 12:57:26
223	App\\Models\\User	2	Personal Access Token	1e23f9d19ba9801dcde0d30edc0e40529bd9ad8d5b73d1ea309926130da76102	["*"]	\N	2023-06-06 13:06:45	2023-06-06 13:06:45
224	App\\Models\\User	2	Personal Access Token	df1336fe1e39e7aa1393aa4f716619bf9ec9f5d2c8fb3f4ce00fc69b1d36b23d	["*"]	\N	2023-06-06 13:53:22	2023-06-06 13:53:22
225	App\\Models\\User	54	Personal Access Token	b02175d43a74408410f9872b0b89a57d491e31c4c76a1cf41286a7ac7f710338	["*"]	\N	2023-06-06 13:58:36	2023-06-06 13:58:36
226	App\\Models\\User	54	Personal Access Token	60967063439962d306ed9e7667b20916468c7c241eff40d7f09ff9fc1054f068	["*"]	\N	2023-06-06 14:12:30	2023-06-06 14:12:30
227	App\\Models\\User	54	Personal Access Token	bba2b8ef2a91d49c34df989886a2fc7c86bb3f567968010001ca63cc213bf5ec	["*"]	\N	2023-06-06 14:17:41	2023-06-06 14:17:41
228	App\\Models\\User	54	Personal Access Token	0d79ba5bce2366856f8319202aca572dd648f87922c3f75998963c5ed43eb887	["*"]	\N	2023-06-06 14:18:26	2023-06-06 14:18:26
229	App\\Models\\User	54	Personal Access Token	2e44766b50964726230d29f9338daea16dcdf449ba5b10252f7ef9e11edf1f06	["*"]	\N	2023-06-06 14:29:59	2023-06-06 14:29:59
230	App\\Models\\User	2	Personal Access Token	023ac08d59cc2ba2b7f53743de7f1bd7db7620ced6f5260459b85834bcf3e942	["*"]	\N	2023-06-07 02:55:09	2023-06-07 02:55:09
231	App\\Models\\User	54	Personal Access Token	3867529cd5e8fc20e42de332965456a9066445242f22781d8bf2400513fe77dc	["*"]	\N	2023-06-07 04:59:00	2023-06-07 04:59:00
232	App\\Models\\User	54	Personal Access Token	c17d5cd72b32bab1f99752d44fc4ae9e33f5255bd9d0446669800c76df24a7ec	["*"]	\N	2023-06-07 04:59:47	2023-06-07 04:59:47
233	App\\Models\\User	54	Personal Access Token	b0dcbee260f3d8385e4d22de6a5199b838899a86f517b4c39f3a5a100528ba5b	["*"]	\N	2023-06-07 06:06:22	2023-06-07 06:06:22
234	App\\Models\\User	54	Personal Access Token	4296c92997efce0edbb0f37d09ad3e9b133f99217e053e368b5c9d563fa30067	["*"]	\N	2023-06-07 06:12:41	2023-06-07 06:12:41
235	App\\Models\\User	54	Personal Access Token	8b199606ac571f3c193867f38ee091a97bc5f9099c23587c25c44e3a208d549c	["*"]	\N	2023-06-07 06:27:39	2023-06-07 06:27:39
236	App\\Models\\User	54	Personal Access Token	6d8d060f80b4d720f9401f8a1cd0656045e462f4ae62926aa382f8186b707e02	["*"]	\N	2023-06-07 12:00:06	2023-06-07 12:00:06
237	App\\Models\\User	54	Personal Access Token	19d56966e819289e26c696bc62376a3e7f09f64263ac59fb469a6c9b97e61fc9	["*"]	\N	2023-06-07 13:40:46	2023-06-07 13:40:46
238	App\\Models\\User	2	Personal Access Token	2c971aa3475db243d8181b2450f8ddc1223d20cef884c1dbe6bafa8afd85c212	["*"]	\N	2023-06-07 13:53:03	2023-06-07 13:53:03
239	App\\Models\\User	54	Personal Access Token	8d9d12c6389507243d86bb64666f8eed32701af894f6862115809a47ba7a0e39	["*"]	\N	2023-06-08 06:11:30	2023-06-08 06:11:30
240	App\\Models\\User	54	Personal Access Token	e6c2f46bf71e62781bf43da3cd4ebf57baa12cadf529ff2c30dcf65065245f2e	["*"]	\N	2023-06-08 06:37:16	2023-06-08 06:37:16
241	App\\Models\\User	2	Personal Access Token	747f894aab630a4b5709d4ef4c2928140257cb26ae5cbbdc2498cbfa0c43166d	["*"]	\N	2023-06-08 07:23:03	2023-06-08 07:23:03
242	App\\Models\\User	2	Personal Access Token	0abf9e459c31183a6d98b1312f3797827516b6462593bd2940aeb8682d3bdf60	["*"]	\N	2023-06-08 07:44:17	2023-06-08 07:44:17
243	App\\Models\\User	54	Personal Access Token	e4a5254a8a3eb9fb1113283c64bd4a2e77a3d37394231db249412a606b82b579	["*"]	\N	2023-06-08 07:45:13	2023-06-08 07:45:13
244	App\\Models\\User	54	Personal Access Token	9574b258c6deab4248e6501e82a18deac8d57889209f47e96b8317fb45b48e05	["*"]	\N	2023-06-08 07:49:40	2023-06-08 07:49:40
245	App\\Models\\User	55	Personal Access Token	27b0a4aa0fb85ce7ad7498e9f9f34abcb41a1136f1ed295ab03cf7e951313c7b	["*"]	\N	2023-06-08 07:49:53	2023-06-08 07:49:53
246	App\\Models\\User	2	Personal Access Token	f868680275afbab918fe17bae5d9687107cac03ba98cb1d08dac3d33ee19d5b7	["*"]	\N	2023-06-12 07:21:16	2023-06-12 07:21:16
247	App\\Models\\User	54	Personal Access Token	4c3a278c7704154a57552303ff28891af679d731dff1db3ce01e681d140f0c08	["*"]	\N	2023-06-12 09:11:19	2023-06-12 09:11:19
248	App\\Models\\User	59	Personal Access Token	8c00700439529bbf81e74c7095991af373968eaeaf7c13a4006e976d68ab9f6b	["*"]	\N	2023-06-12 09:20:45	2023-06-12 09:20:45
249	App\\Models\\User	54	Personal Access Token	61c8147b3298f212e36fdded01dce23d0f8ee3c5de041a8e5049bb32f7905f69	["*"]	\N	2023-06-12 09:40:05	2023-06-12 09:40:05
250	App\\Models\\User	59	Personal Access Token	1a1866fa98ce3750de555ef79666ecfcb33f9ba5d38d2e487ea2f5b4aaf53d35	["*"]	\N	2023-06-12 10:16:45	2023-06-12 10:16:45
251	App\\Models\\User	59	Personal Access Token	d0c66780ae943446321f0df30a7fb73e7ce16d037b2fc5d5846080326950a27e	["*"]	\N	2023-06-12 10:17:28	2023-06-12 10:17:28
252	App\\Models\\User	59	Personal Access Token	524202f767ddb8b5878a317f9a34c88db35c414c47fc230ab8deb669fb1b34ae	["*"]	\N	2023-06-12 10:22:14	2023-06-12 10:22:14
253	App\\Models\\User	59	Personal Access Token	0b358b73a9d238dbbce3d659f393ebab10b4e7cc9a6abb506c8a4b3b82a4fbd0	["*"]	\N	2023-06-12 11:55:58	2023-06-12 11:55:58
254	App\\Models\\User	59	Personal Access Token	423bbb6b551d7e7911a725bc37112222b9748441d36c8004518781137986b01b	["*"]	\N	2023-06-13 03:45:26	2023-06-13 03:45:26
255	App\\Models\\User	54	Personal Access Token	14ecccf9a4fbfbfbdf971500834bfdcc6fa7f46d58973525b47cfe6a5ca75352	["*"]	\N	2023-06-13 05:37:37	2023-06-13 05:37:37
256	App\\Models\\User	54	Personal Access Token	ed0894432fba8a7c34da4f487f920360ba0e565609d95f974b31ee1f0560fdbb	["*"]	\N	2023-06-13 06:50:24	2023-06-13 06:50:24
257	App\\Models\\User	2	Personal Access Token	81698c4600bc000708b4b0d54005f685a76c74410f9618813dff205fe09fc45a	["*"]	\N	2023-06-13 08:24:55	2023-06-13 08:24:55
258	App\\Models\\User	60	Personal Access Token	ca7ee629522efa965e1f2299b71adacb85206d0d1e818d12590ad3a6a168fb1c	["*"]	\N	2023-06-14 13:28:33	2023-06-14 13:28:33
259	App\\Models\\User	61	Personal Access Token	93365f03b96539072baa6243fa64da24696982b4187de00fe6294b999b44dd86	["*"]	\N	2023-06-14 14:24:22	2023-06-14 14:24:22
260	App\\Models\\User	61	Personal Access Token	aa675de9e7b657fc1dfafbd4dd49ae72f5c66fdddd888aa244cce335ef6dede2	["*"]	\N	2023-06-15 08:19:15	2023-06-15 08:19:15
261	App\\Models\\User	62	Personal Access Token	171bc18ba02e45091831c9f1f51d1202d45d31042333cbc2ed3807c1f9d1b4b4	["*"]	\N	2023-06-15 08:52:02	2023-06-15 08:52:02
262	App\\Models\\User	54	Personal Access Token	b4bc373fec095026b82caa1207c0fbd2ad85aa5055f858bba891f0272db6623b	["*"]	\N	2023-06-15 09:46:36	2023-06-15 09:46:36
263	App\\Models\\User	62	Personal Access Token	7ca2ca6927c74450e21f6b37da3d37522acdf8d5ea7851bd73c0f354267b3b66	["*"]	\N	2023-06-15 10:29:25	2023-06-15 10:29:25
264	App\\Models\\User	61	Personal Access Token	f7ff65224cc8bdc3b34476ceb06da2ae4908dcd245a24dd2f6a9ac08db625a6a	["*"]	\N	2023-06-15 10:36:58	2023-06-15 10:36:58
265	App\\Models\\User	62	Personal Access Token	61041e8392d514970c443fe3f5633068b301c3662329aaf9e947a6bd329f0007	["*"]	\N	2023-06-15 10:38:22	2023-06-15 10:38:22
266	App\\Models\\User	63	Personal Access Token	20bc007235b2933f84c580d511d5d6c4c8db4170f314e2c01de6e54697fb6ed9	["*"]	\N	2023-06-16 08:04:25	2023-06-16 08:04:25
267	App\\Models\\User	59	Personal Access Token	2e1c9a2a25c321a692929bab2f5fc3c1a61ac6da5678f78ff002ea8c498873ed	["*"]	\N	2023-06-16 12:09:43	2023-06-16 12:09:43
268	App\\Models\\User	59	Personal Access Token	d76b45187141da1e0535a8c4e3ce4ea4623fc850e4d85d5239ce8b9d5091e64b	["*"]	\N	2023-06-17 04:56:59	2023-06-17 04:56:59
269	App\\Models\\User	59	Personal Access Token	801b95cd057f6e1a5978590f96e588e59a8032ac643a7f0930682d3cc7983d62	["*"]	\N	2023-06-17 05:42:50	2023-06-17 05:42:50
270	App\\Models\\User	59	Personal Access Token	059c25442a3d4fa35ea5a7b604cf4a4952ba43c76160e7b0646d63e652e3be6e	["*"]	\N	2023-06-17 06:32:57	2023-06-17 06:32:57
271	App\\Models\\User	59	Personal Access Token	a231d24b9ebfc004d9e84ecd586bc7a424c6163ddb23b6cb9f8f330df8b2352e	["*"]	\N	2023-06-17 07:23:46	2023-06-17 07:23:46
272	App\\Models\\User	54	Personal Access Token	64fc2d0ab52c01bd1d9ba615a50285ce064ea197351d8d846a6611801b2ef49e	["*"]	\N	2023-06-17 07:27:16	2023-06-17 07:27:16
273	App\\Models\\User	54	Personal Access Token	6daea7ddd0c298db62458e8ee0c8b9722217566710467a781c35b1354836364f	["*"]	\N	2023-06-17 08:10:20	2023-06-17 08:10:20
274	App\\Models\\User	54	Personal Access Token	22b970a9ec7689598399421a67b2a3ba5ef59b865971cf258815e163b6b940a8	["*"]	\N	2023-06-17 08:16:34	2023-06-17 08:16:34
275	App\\Models\\User	59	Personal Access Token	0571f552c0dbf7b59f24427a0a681e8c7bc6660e13da514fd6b6f8156f22d70c	["*"]	\N	2023-06-17 09:01:07	2023-06-17 09:01:07
276	App\\Models\\User	59	Personal Access Token	0cd36aab2179fa62669a693ffa69bf97f203755c3dc8a3ccfa7788630c6896d6	["*"]	\N	2023-06-17 09:14:18	2023-06-17 09:14:18
277	App\\Models\\User	54	Personal Access Token	6ad48a60daa1ac8f37e4a83769b794dc58ce937656d653c4058b116ae07f489e	["*"]	\N	2023-06-17 10:39:10	2023-06-17 10:39:10
278	App\\Models\\User	54	Personal Access Token	cbdde26e77753feaff8fa0d792fde5e4f71a7874e12940b23546b86f81ca3651	["*"]	\N	2023-06-17 10:43:32	2023-06-17 10:43:32
279	App\\Models\\User	54	Personal Access Token	ca9fb2706be6924ce25389e902cb2f188110a801077c0ada5b7c24b95a018e73	["*"]	\N	2023-06-17 10:44:35	2023-06-17 10:44:35
280	App\\Models\\User	59	Personal Access Token	55d074eabc5e27f133cada720d317c47f8e6910e87ce7bdc164617165dac3266	["*"]	\N	2023-06-17 12:50:23	2023-06-17 12:50:23
281	App\\Models\\User	2	Personal Access Token	8b2461e202ccbea8e9d80975be7e7c2f048114bf5e3a396880403467249a8f3a	["*"]	\N	2023-06-20 09:30:18	2023-06-20 09:30:18
282	App\\Models\\User	2	Personal Access Token	7fd422f6ea44bc4a2418c61636db3219c6d217acaf26b6979dff50d8f72c6337	["*"]	\N	2023-06-20 10:02:11	2023-06-20 10:02:11
283	App\\Models\\User	54	Personal Access Token	2c50e763e3eb5694353fba473fbd531c0bc74a28c91a515d6d7989fd29b07bf9	["*"]	\N	2023-06-20 10:03:13	2023-06-20 10:03:13
284	App\\Models\\User	54	Personal Access Token	bd1f8582565939a32d336a80cc34250a55d7d370460f66ee8c0ed7b5c4a9a586	["*"]	\N	2023-06-20 12:56:57	2023-06-20 12:56:57
285	App\\Models\\User	59	Personal Access Token	2e09f02bc2ae53a88f48e64a7a0bd6ebb5bae6e610a020e8013254c8981b1746	["*"]	\N	2023-06-21 02:19:34	2023-06-21 02:19:34
286	App\\Models\\User	54	Personal Access Token	d2234e1fbebce8a07b5a3dd97ca51bcce4f57626de1ef42ec7fadb8a638a2704	["*"]	\N	2023-06-21 06:40:27	2023-06-21 06:40:27
287	App\\Models\\User	54	Personal Access Token	9d3c88f337aca2f6737a599dd6bc5d9dada882ffeaefc91a4f3401255e5daf18	["*"]	\N	2023-06-21 07:43:55	2023-06-21 07:43:55
288	App\\Models\\User	64	Personal Access Token	4a8406bf973f11ca1619d805e1288e1ef906da31abbabddd56ce462d3926e2bb	["*"]	\N	2023-06-21 10:45:20	2023-06-21 10:45:20
289	App\\Models\\User	59	Personal Access Token	c28a1962822c0b7d029bea06e138df9a6e518b1543f45064d015d7e2187eb7a3	["*"]	\N	2023-06-21 10:57:38	2023-06-21 10:57:38
290	App\\Models\\User	59	Personal Access Token	ebe2a433c7b00b370187360ea8d00bbc7ffc435f3206312afdbb832d28781647	["*"]	\N	2023-06-21 10:59:05	2023-06-21 10:59:05
291	App\\Models\\User	64	Personal Access Token	4f9e7155ec435c4be49725bf94945149195390427d87be0db6ce8d8fd4ad3515	["*"]	\N	2023-06-21 11:30:37	2023-06-21 11:30:37
292	App\\Models\\User	54	Personal Access Token	8536970ed441b1b8846b8c65ef91f67648b39739325e8326fadf922c4d9cfe55	["*"]	\N	2023-06-21 11:32:03	2023-06-21 11:32:03
293	App\\Models\\User	64	Personal Access Token	b9572fabe94bba2fb1f8c1b1653e3ec19010c21636d360bb29d2d3c95646a8b4	["*"]	\N	2023-06-21 12:26:57	2023-06-21 12:26:57
294	App\\Models\\User	59	Personal Access Token	d6010fef7cfa9086fb60448323060c7b8b92539af5aa985d2ad8d7ac80bcc115	["*"]	\N	2023-06-21 13:05:22	2023-06-21 13:05:22
295	App\\Models\\User	54	Personal Access Token	bbc3c799ba5f02cb5721782365307582bc2b0da3f246102677ec91578a94c1c7	["*"]	\N	2023-06-22 09:09:19	2023-06-22 09:09:19
296	App\\Models\\User	2	Personal Access Token	e3299402ea1c020bc114641033b1b132fa6f2b3b4509891f3de1d54d6734901d	["*"]	\N	2023-06-22 09:33:41	2023-06-22 09:33:41
297	App\\Models\\User	65	Personal Access Token	6525262ba1d0de8bc5ad287d98abb166702aed3207ecadfc80299d84f36dd497	["*"]	\N	2023-06-22 09:39:22	2023-06-22 09:39:22
298	App\\Models\\User	54	Personal Access Token	3a7c52a23b61d92f0760e358dfb3989e369e0f36cc0eeb71e5dae19f0531ccfc	["*"]	\N	2023-06-22 09:40:59	2023-06-22 09:40:59
299	App\\Models\\User	2	Personal Access Token	34d1070a8fee16b2b601e3552872fa5ae1a47cbce4f94a9809d49634fa15aa58	["*"]	\N	2023-06-22 10:55:08	2023-06-22 10:55:08
300	App\\Models\\User	66	Personal Access Token	76620c1dec1e3c492d4681d6896b34529d0ffa32e540fd6cc4ea0cf00963fd19	["*"]	\N	2023-07-18 07:30:56	2023-07-18 07:30:56
301	App\\Models\\User	67	Personal Access Token	a4ba8b00d992a9cc9a1984586c7a942a021ead4a72228cd9c058c1d455255d34	["*"]	\N	2023-07-19 07:24:34	2023-07-19 07:24:34
302	App\\Models\\User	68	Personal Access Token	b1e5cc32b621f7e46975afed070d7384e3ed376d99217598d01319a4a1cc70c9	["*"]	\N	2023-07-19 08:10:50	2023-07-19 08:10:50
303	App\\Models\\User	1	Personal Access Token	f68c6a29a739fd180d9aeb76d5a776ab0d1ce4d129fefc052575e86d7ab36577	["*"]	\N	2023-07-20 05:30:37	2023-07-20 05:30:37
304	App\\Models\\User	1	Personal Access Token	899779294ed27e280dee92be6c2c7ea218ec536c2e8ffe52edacc2858c80107d	["*"]	\N	2023-07-20 05:32:03	2023-07-20 05:32:03
305	App\\Models\\User	54	Personal Access Token	1a88b978341518815a5843e9cf4090ecebbbc832a828d4bc88bbfc492611f9a6	["*"]	\N	2023-07-20 06:39:41	2023-07-20 06:39:41
306	App\\Models\\User	54	Personal Access Token	0ab009bd15658463c8d07cc16c0d2b2f8a296d3c7f0da31e0484de076adf421f	["*"]	\N	2023-07-20 11:02:44	2023-07-20 11:02:44
307	App\\Models\\User	69	Personal Access Token	077711f0e81c6f4bae8be851fd91550e13449a99ab8ea649b1d3935408693566	["*"]	\N	2023-07-20 11:35:52	2023-07-20 11:35:52
308	App\\Models\\User	69	Personal Access Token	59bb527b40c1dc8c17641954d39a47824a5f212126e89c9c6d7918d2a2f3e879	["*"]	\N	2023-07-20 11:36:11	2023-07-20 11:36:11
309	App\\Models\\User	54	Personal Access Token	5fe9ead23a3bae2f0b30cafc29411aa8e4f020d83183e0f389df91ef1d7f2837	["*"]	\N	2023-07-20 11:48:17	2023-07-20 11:48:17
310	App\\Models\\User	69	Personal Access Token	da8aa593ff61ffad9ea3c4921d768f993e7ade6c68586a1933e9103b1d1245f1	["*"]	\N	2023-07-20 11:56:04	2023-07-20 11:56:04
311	App\\Models\\User	70	Personal Access Token	9bc34393878b6af377d8d2227013403e37ef29b0e4766cc2ee21e43f2a60fc7c	["*"]	\N	2023-07-21 06:37:11	2023-07-21 06:37:11
312	App\\Models\\User	70	Personal Access Token	42f44942cb15fcfea55969dc10e99d06663a00f18afbf855664abc1c0ec81bee	["*"]	\N	2023-07-21 06:38:02	2023-07-21 06:38:02
313	App\\Models\\User	71	Personal Access Token	dc1ffb01845d6065720986f63d4ff527477d25aa2bb3595518c2c74e9508d7ef	["*"]	\N	2023-07-21 12:10:40	2023-07-21 12:10:40
314	App\\Models\\User	71	Personal Access Token	97da809d4b33b85d464a253170f0dac920590809e35ed9ab6eb0bf295e1044e0	["*"]	\N	2023-07-21 12:20:14	2023-07-21 12:20:14
315	App\\Models\\User	71	Personal Access Token	364aff1fc7c306deb91663da8440b54933cf1340688f24859b7f9f6a064474a8	["*"]	\N	2023-07-22 16:08:59	2023-07-22 16:08:59
316	App\\Models\\User	54	Personal Access Token	2080c987fe34d0e64fe45b4ecb619ec77aa05ea3c11b0e168e3728cb2e7522b4	["*"]	\N	2023-07-24 07:37:57	2023-07-24 07:37:57
317	App\\Models\\User	69	Personal Access Token	b303db9442960961eda3e1a1a248fe75d541d1e5c8d269dd4d2398ed58b13af5	["*"]	\N	2023-07-24 13:13:21	2023-07-24 13:13:21
318	App\\Models\\User	69	Personal Access Token	664058bc67359c1c17ab990dce20686d5657587e9cb010a048bf2719b11e76b6	["*"]	\N	2023-07-24 13:13:50	2023-07-24 13:13:50
319	App\\Models\\User	69	Personal Access Token	371a5812be824774fdedd666243dbc6b21da8c931ba25911c9691bf44884210b	["*"]	\N	2023-07-24 13:18:39	2023-07-24 13:18:39
320	App\\Models\\User	69	Personal Access Token	44539bb535fc8b4e02d054f916a79ce89619eb750b3dde5e6797e88eb2d17585	["*"]	\N	2023-07-24 15:44:11	2023-07-24 15:44:11
321	App\\Models\\User	72	Personal Access Token	bba700d07db9ad1fb88acf3423fb3a30025e66a21822fe4ed8fbef66d5e74088	["*"]	\N	2023-07-24 16:01:16	2023-07-24 16:01:16
322	App\\Models\\User	69	Personal Access Token	252fa50822c7445d15ce0e9c55ea164c2df2b71024ab5270df597f92198d537f	["*"]	\N	2023-07-25 07:03:00	2023-07-25 07:03:00
323	App\\Models\\User	54	Personal Access Token	dc662aeed796a304a381659a8d8632f7ad6ac183e28a05d34fed40a55e8a1f8f	["*"]	\N	2023-07-25 07:15:12	2023-07-25 07:15:12
324	App\\Models\\User	55	Personal Access Token	2580a910ebb3f09d9186b1c7289941301eb41382fcb3622ef161d29c86012f04	["*"]	\N	2023-07-25 07:15:21	2023-07-25 07:15:21
325	App\\Models\\User	54	Personal Access Token	1095c0a023fedb98d6b0b90e5a59c44dfd9b8f280dc68c374bbff3fe5ccfe1c6	["*"]	\N	2023-07-25 07:39:49	2023-07-25 07:39:49
326	App\\Models\\User	54	Personal Access Token	8b6ecbbebf0fec2e32a7a3f61e22b530e81d31953ab630e91013269477544ac6	["*"]	\N	2023-07-25 08:16:39	2023-07-25 08:16:39
327	App\\Models\\User	55	Personal Access Token	8aebdb0d10a788e39bc11aef40418f64bd3637c0bc8de640ec62f05d39b011eb	["*"]	\N	2023-07-25 08:21:56	2023-07-25 08:21:56
328	App\\Models\\User	71	Personal Access Token	e2392892ce94a9c0b07ec55bd0c0e643c9683eb5caab9ffd289ba3ed1af1a45e	["*"]	\N	2023-07-25 13:05:27	2023-07-25 13:05:27
329	App\\Models\\User	46	Personal Access Token	9ac7f69a9a3c1e25750d693b4d721cf32dfd996482af335844955c8a47c19576	["*"]	\N	2023-07-26 07:34:39	2023-07-26 07:34:39
330	App\\Models\\User	54	Personal Access Token	961ff5257be2dac578d187981b849150e540a438f676c426e060112085ea2649	["*"]	\N	2023-07-26 07:35:34	2023-07-26 07:35:34
331	App\\Models\\User	54	Personal Access Token	6f18f81e72337d13820962907040a51411faa6b11075f18b257d3d541f7d1571	["*"]	\N	2023-07-26 10:22:39	2023-07-26 10:22:39
332	App\\Models\\User	54	Personal Access Token	77cdec92508d9051aed53481ba4d5e4b3162d5edc9dea503c94d655f8aeaa5bc	["*"]	\N	2023-07-26 10:25:01	2023-07-26 10:25:01
333	App\\Models\\User	54	Personal Access Token	088b74036fe57385f2014f7ee2b80c6833698c845ee8d5ee8a3f482c9a1918c9	["*"]	\N	2023-07-26 10:26:29	2023-07-26 10:26:29
334	App\\Models\\User	55	Personal Access Token	ae3e40471835af4e0f8733577dd451d555efea3b4327d645e0cb3a96063c5e7f	["*"]	\N	2023-07-26 10:41:40	2023-07-26 10:41:40
335	App\\Models\\User	73	Personal Access Token	a0b5a142ffbc0b45bbc2180ba300b76efdf9ff55de19e486865c04eb85d61642	["*"]	\N	2023-07-26 10:41:48	2023-07-26 10:41:48
336	App\\Models\\User	74	Personal Access Token	b2f978e8d489356b3ad56aab87fa8c8b1ecdb0a9c3d59fcbbda7935b2f20f9a2	["*"]	\N	2023-07-26 10:43:34	2023-07-26 10:43:34
337	App\\Models\\User	54	Personal Access Token	34ebad378ac2066a87656b3271e67dc76e8f8665c4d1c2412df6d67b1f594768	["*"]	\N	2023-07-26 11:10:31	2023-07-26 11:10:31
338	App\\Models\\User	75	Personal Access Token	33d25917c3d03c7b6a23479cc79403d0a2e90a70d8b41a69fe5756bf84cd314c	["*"]	\N	2023-07-26 11:21:28	2023-07-26 11:21:28
339	App\\Models\\User	54	Personal Access Token	bb56113add09248ddd1d0d7a8681802f79188bf6fb9b5ee395fc3209ba0ac750	["*"]	\N	2023-07-26 12:16:07	2023-07-26 12:16:07
340	App\\Models\\User	54	Personal Access Token	c00d5d323278fa082a968b38bac6cdcd74134f919d3e3b4387f47d3ef587732a	["*"]	\N	2023-07-26 13:11:55	2023-07-26 13:11:55
341	App\\Models\\User	54	Personal Access Token	fdc366d1451bb1bf953aaffbfad3b244d9a2478db9f51ad973ff81a1083be4ad	["*"]	\N	2023-07-26 13:17:06	2023-07-26 13:17:06
342	App\\Models\\User	54	Personal Access Token	83e4395131de61b3bbba9a291d4d9449a451a6d2da31ab4921e03853486ceb33	["*"]	\N	2023-07-26 13:21:56	2023-07-26 13:21:56
343	App\\Models\\User	54	Personal Access Token	36ef97742c0b70d110cd5c052fb9df0bb65c334825a63937e85258ff3866bd3a	["*"]	\N	2023-07-26 13:36:10	2023-07-26 13:36:10
344	App\\Models\\User	54	Personal Access Token	65f1477237110699ac6a050840c491e7ad596d1f819797b7a7c7215f4135fac2	["*"]	\N	2023-07-26 13:45:05	2023-07-26 13:45:05
345	App\\Models\\User	69	Personal Access Token	0741d41cd6aa6d17bec5ead91eb9db08b72d18cf295355fbad61d3d8a887fb38	["*"]	\N	2023-07-27 04:40:49	2023-07-27 04:40:49
346	App\\Models\\User	54	Personal Access Token	5d9bf08cceb93ede515cca653c53ec44834c427f1755cc7afd4366b0fda191e8	["*"]	\N	2023-07-27 05:40:14	2023-07-27 05:40:14
347	App\\Models\\User	69	Personal Access Token	1669270f373b709b437e27b02e3357ce3f81be9a8536752be2ff6763b2e157cc	["*"]	\N	2023-07-27 07:00:02	2023-07-27 07:00:02
348	App\\Models\\User	54	Personal Access Token	2eee9768e63a9d5839352f176e54e1cbca8121bc13ceed01d8534d1ed1ad5acb	["*"]	\N	2023-07-27 09:44:58	2023-07-27 09:44:58
349	App\\Models\\User	75	Personal Access Token	9af529b68c7d7e0d0c57e50bc35c4250f6e0057daabc799fdef662460dbf1bf7	["*"]	\N	2023-07-28 20:22:29	2023-07-28 20:22:29
350	App\\Models\\User	75	Personal Access Token	c46e4a7b22f5506acd022de5164d2243702513f169abb942b1f20ca9ce8c12ed	["*"]	\N	2023-07-28 20:26:58	2023-07-28 20:26:58
351	App\\Models\\User	54	Personal Access Token	8d46a87ff6d094a4b328560b5e976772358ed3b1772940db296dbfa1d2bff63d	["*"]	\N	2023-07-29 07:45:40	2023-07-29 07:45:40
352	App\\Models\\User	54	Personal Access Token	1489e1c76d417c25819e5eeeb78d746c7a40fc47d2e8ba7c58a185d2d59bef13	["*"]	\N	2023-07-29 08:28:29	2023-07-29 08:28:29
353	App\\Models\\User	54	Personal Access Token	51ec3bbc915a70cecb232481761a983c42600ce19e90e29017c221c6d156cab6	["*"]	\N	2023-07-29 08:30:35	2023-07-29 08:30:35
354	App\\Models\\User	76	Personal Access Token	a31565773f806df82bf5e84232078bb6cb5a698d8364ecaddb246310765dc437	["*"]	\N	2023-07-29 10:51:59	2023-07-29 10:51:59
355	App\\Models\\User	54	Personal Access Token	92f03bae477d07c91e2c2e024ffcb43c63e633a3670191d28a0ed1a4ae7537a7	["*"]	\N	2023-07-29 11:02:25	2023-07-29 11:02:25
356	App\\Models\\User	76	Personal Access Token	c60635445e05df7d659842bcf15dbf7eedb48eb5c0ea22fcde033b9e721e5c6b	["*"]	\N	2023-07-29 11:42:16	2023-07-29 11:42:16
357	App\\Models\\User	76	Personal Access Token	ad170b03a4178dbc1173e02e7ccf44db880453f0a44fa5ac9df9b56430f31bd8	["*"]	\N	2023-07-29 12:48:56	2023-07-29 12:48:56
358	App\\Models\\User	76	Personal Access Token	8e44bd2bd1c1bdcc8bac4b55f36781b06b9bcd048b58a4c35a78c5ffb3920443	["*"]	\N	2023-07-30 10:40:03	2023-07-30 10:40:03
359	App\\Models\\User	77	Personal Access Token	4c0a3875824ffb2590649ea595a29e58aaeb0867a7a3424fb4081e17ab6a2d44	["*"]	\N	2023-07-31 07:23:31	2023-07-31 07:23:31
360	App\\Models\\User	77	Personal Access Token	8dfbb7311cf62abea35fb90d567d199da9a7ccba027d46588f3f475b294f2715	["*"]	\N	2023-07-31 12:08:19	2023-07-31 12:08:19
361	App\\Models\\User	69	Personal Access Token	2d5bd7d0dfc189e7c5b44b17ea654a4dc5adcef4bd75717eefdda7ebfa0a7cfe	["*"]	\N	2023-07-31 15:15:06	2023-07-31 15:15:06
362	App\\Models\\User	69	Personal Access Token	2386339ff07b250859e0084c045b608e239684ee4cd3c291c655578be33af108	["*"]	\N	2023-07-31 15:49:40	2023-07-31 15:49:40
363	App\\Models\\User	78	Personal Access Token	8edb43ae79d8b16f529e89701f0c2702c54a0ea4c30f0300db5a2cab31620954	["*"]	\N	2023-07-31 16:53:50	2023-07-31 16:53:50
364	App\\Models\\User	69	Personal Access Token	63b7dcb13d9155aaf46ac93c3cc8c66c808ad73acfac16824e67e08d547700d0	["*"]	\N	2023-07-31 17:48:29	2023-07-31 17:48:29
365	App\\Models\\User	75	Personal Access Token	1ac22a9bb9744e325df3180b887c701461709a7cc07bfe4155360a2d5071cbe8	["*"]	\N	2023-08-01 05:39:25	2023-08-01 05:39:25
366	App\\Models\\User	55	Personal Access Token	27b560218f223c61e572f85fdc12ca4545083fcaf95f6a165b09159769ee8844	["*"]	\N	2023-08-01 06:54:22	2023-08-01 06:54:22
367	App\\Models\\User	69	Personal Access Token	7b9b914bc1fb2f190017cf330479932e8b6c32eab10dfd62fbdf3670b35b6911	["*"]	\N	2023-08-01 12:42:40	2023-08-01 12:42:40
368	App\\Models\\User	79	Personal Access Token	5eaed2fe2e6a77ac5fb37e8f0cd916f133fbbea64330d883837e4aa9e25417c1	["*"]	\N	2023-08-01 15:29:09	2023-08-01 15:29:09
369	App\\Models\\User	79	Personal Access Token	56edb4dc66ef9bfe3c45946ee7aa13e0dcce3e3a11b019d26c5572ff0c74969e	["*"]	\N	2023-08-01 15:29:10	2023-08-01 15:29:10
370	App\\Models\\User	80	Personal Access Token	9f92fe7d1732886640f12bf3d3cdfce8bec6f6d63d36262ecda2fbaf7b43f4d1	["*"]	\N	2023-08-01 15:34:28	2023-08-01 15:34:28
371	App\\Models\\User	80	Personal Access Token	97e5afde354c6ee00272ad04132dca1f12b66f540d3a2ba837417f61eb74b202	["*"]	\N	2023-08-01 15:34:29	2023-08-01 15:34:29
372	App\\Models\\User	81	Personal Access Token	1e3621b8c5d8fd1c22bac4a92e008869c7cbf0859664187b0d516d6f81be4130	["*"]	\N	2023-08-01 15:40:10	2023-08-01 15:40:10
373	App\\Models\\User	81	Personal Access Token	5ced3000eb92769dcc12f57a926e6018c3d7ab07008444457390e0956ed2bf07	["*"]	\N	2023-08-01 15:40:11	2023-08-01 15:40:11
374	App\\Models\\User	69	Personal Access Token	8e7ac397327c0649fc13606b03cad5ea1ac4fa8a68863ba9c745f0088278b5aa	["*"]	\N	2023-08-01 16:06:02	2023-08-01 16:06:02
375	App\\Models\\User	69	Personal Access Token	82f2ab812dd12704fb9d9f463193e4d682a7cc92c07148d5d3018bceb505d42d	["*"]	\N	2023-08-01 16:12:19	2023-08-01 16:12:19
376	App\\Models\\User	69	Personal Access Token	cdcb45a71403449e2b77d39d7d3b88901113eff280d83215f90d7cd5f80c0b14	["*"]	\N	2023-08-01 16:12:53	2023-08-01 16:12:53
377	App\\Models\\User	77	Personal Access Token	5f62027faee66c7723e8e9673b2440beb164ffee3cf6d1fd87f9dc93636e68ae	["*"]	\N	2023-08-02 06:20:43	2023-08-02 06:20:43
378	App\\Models\\User	54	Personal Access Token	b8c3ba53d84b7e8eb36aaf26cc57bc6466a61bfc216cfaa96a6a813b8a54695a	["*"]	\N	2023-08-02 07:16:08	2023-08-02 07:16:08
379	App\\Models\\User	54	Personal Access Token	7ebc7ad852021b61e1bc6a1217587b1828e1474f87c1f14eb848c18d53fa305c	["*"]	\N	2023-08-02 08:16:36	2023-08-02 08:16:36
380	App\\Models\\User	54	Personal Access Token	410a58430bfb0752a45df41d7970a82e435d76f506ddb60eebf4455a71d460d0	["*"]	\N	2023-08-02 09:00:04	2023-08-02 09:00:04
381	App\\Models\\User	82	Personal Access Token	ac6a066082d823613b79d385239bd275057f84e6e87e62660bf4434a8021fac5	["*"]	\N	2023-08-02 12:34:06	2023-08-02 12:34:06
382	App\\Models\\User	82	Personal Access Token	c6af61877367c6686ad8c8ac8fb82570f3a5b91fb1e7bf5a988b60d2b46a245d	["*"]	\N	2023-08-02 12:34:07	2023-08-02 12:34:07
383	App\\Models\\User	82	Personal Access Token	7b66c41357c6345a1a9c5b3c7ff27ebf385c8198d9b7005b114f6ea8946d21f9	["*"]	\N	2023-08-02 12:38:20	2023-08-02 12:38:20
384	App\\Models\\User	82	Personal Access Token	1368aa7cbeb0accc3283b1091f5b2bd68ab6012308fafc11f6fc57b1a6b0f751	["*"]	\N	2023-08-02 12:47:39	2023-08-02 12:47:39
385	App\\Models\\User	82	Personal Access Token	9988766d09cb91297d83396cbe694119de4acbd1f1082e04199d99323a5f3248	["*"]	\N	2023-08-02 12:57:27	2023-08-02 12:57:27
386	App\\Models\\User	82	Personal Access Token	bc77086533a09c6ba4e3aac8eefff2d2a43c199ed5cfa625b0559e4e087d9f37	["*"]	\N	2023-08-02 13:35:24	2023-08-02 13:35:24
387	App\\Models\\User	76	Personal Access Token	8f80733514fc05b0648e58575ef61498633f883669a4c273613942a1b163328c	["*"]	\N	2023-08-02 13:38:30	2023-08-02 13:38:30
388	App\\Models\\User	76	Personal Access Token	06fd28ae29d0f86b3ebbbef03fe4eddbab03d317225bf4680f1185b0d9f618c1	["*"]	\N	2023-08-02 13:39:38	2023-08-02 13:39:38
389	App\\Models\\User	82	Personal Access Token	542f9af288098243343f6d40b8decb4b1c3f2f1832c369b747727923e9fbcae5	["*"]	\N	2023-08-03 12:34:59	2023-08-03 12:34:59
390	App\\Models\\User	54	Personal Access Token	158927b87a979e27d521a603a39e88acba3d46d01c1428858fa72689d058a6b0	["*"]	\N	2023-08-03 13:38:49	2023-08-03 13:38:49
391	App\\Models\\User	85	Personal Access Token	7cdd71b85b92d6bac8a666d9f794264f05962cf5667fd87090342d6c6043d81f	["*"]	\N	2023-08-03 13:53:05	2023-08-03 13:53:05
392	App\\Models\\User	85	Personal Access Token	4503a723796850c0160a2586a90feba14d48b85a2c16d7883757418bd8f41964	["*"]	\N	2023-08-03 13:53:06	2023-08-03 13:53:06
393	App\\Models\\User	69	Personal Access Token	79bac15928b06942931f7ff03b33b66c4c2534cf278debd900486faa104dff97	["*"]	\N	2023-08-03 15:11:00	2023-08-03 15:11:00
394	App\\Models\\User	69	Personal Access Token	56bb2f842becbe33f07534b2ca93461a6f0bb82ab1c09c6f47c15d7e20d73f33	["*"]	\N	2023-08-03 19:56:01	2023-08-03 19:56:01
395	App\\Models\\User	69	Personal Access Token	0d4cdb0ad1fe01fee72e3736c7c89ac0542b1233d8aedbce4b7f0b742cd551a8	["*"]	\N	2023-08-03 20:30:35	2023-08-03 20:30:35
396	App\\Models\\User	69	Personal Access Token	09de434b962bb45b9da3d0621f1cb6d948a0da59a11b256dac39ddd56f6af221	["*"]	\N	2023-08-03 20:33:38	2023-08-03 20:33:38
397	App\\Models\\User	54	Personal Access Token	667e813812a3462db45efe301286eac553bd36b79fdf539a2389e1ff36272719	["*"]	\N	2023-08-04 05:46:48	2023-08-04 05:46:48
398	App\\Models\\User	82	Personal Access Token	70aa9ae334362616e0459c5372fae1d306ca138e444bf9b3edd7e045ad514d5b	["*"]	\N	2023-08-04 07:14:42	2023-08-04 07:14:42
399	App\\Models\\User	82	Personal Access Token	638150be497101bf8a82f0622184e2bc6838a6c46da739e3a87c9db4cbd536fe	["*"]	\N	2023-08-04 07:34:02	2023-08-04 07:34:02
400	App\\Models\\User	82	Personal Access Token	6b395b48482d6d43753ec651b5efe69f94ae34d89a4ed0ec74e79418d05ed16b	["*"]	\N	2023-08-04 08:10:33	2023-08-04 08:10:33
401	App\\Models\\User	55	Personal Access Token	5d476903764d0f4968b6095fed1ee0591f693d617803b95d2ca2031a8aceb0bd	["*"]	\N	2023-08-04 08:34:03	2023-08-04 08:34:03
402	App\\Models\\User	74	Personal Access Token	e3d8f88e34c176ee7140d820378efa47086ec7a975188e0150dcb36de3f35df6	["*"]	\N	2023-08-04 08:34:07	2023-08-04 08:34:07
403	App\\Models\\User	55	Personal Access Token	1ebd45e1365e0b42979f2c02cf728bd098b520df2c26793aa2e8d792fc4f943e	["*"]	\N	2023-08-04 08:35:32	2023-08-04 08:35:32
404	App\\Models\\User	55	Personal Access Token	1df5b2de792d7777d5d7d5604fa6eeedbca5362f316fcac746471f234dd3ad1d	["*"]	\N	2023-08-04 08:39:24	2023-08-04 08:39:24
405	App\\Models\\User	55	Personal Access Token	5597b5df555a2511c164fd40f54c444a7d91a19001d7ad2287929af771b5ad77	["*"]	\N	2023-08-04 08:42:16	2023-08-04 08:42:16
406	App\\Models\\User	87	Personal Access Token	94a6e458d18f63bd93936c829f41d977adbfe8ee11052bd83e8e0ff8c1efc9cc	["*"]	\N	2023-08-04 08:46:40	2023-08-04 08:46:40
407	App\\Models\\User	87	Personal Access Token	0b2691e079ff88da33b362162a6652cedeff55f8acd2dfa602c0ec25a006ce17	["*"]	\N	2023-08-04 08:46:40	2023-08-04 08:46:40
408	App\\Models\\User	55	Personal Access Token	5c97943bf6ddbf34a03faa25b30e3277476e2cb1ce7af226dabf76ce2891e764	["*"]	\N	2023-08-04 08:50:58	2023-08-04 08:50:58
409	App\\Models\\User	76	Personal Access Token	19a64dd5ef692ae54e90f213a9dedfbbcfef55e7d97672dba56dc3adb0d4e654	["*"]	\N	2023-08-04 08:58:33	2023-08-04 08:58:33
410	App\\Models\\User	88	Personal Access Token	3e9c3fa784aaebe8098b25be1628b86aad0f2e26cf8eeb1f1a93abcd0e9669db	["*"]	\N	2023-08-04 09:09:58	2023-08-04 09:09:58
411	App\\Models\\User	88	Personal Access Token	0c8bce1efec96e0719db370d9d47f9556c8a30409854b29506f14c800bb10478	["*"]	\N	2023-08-04 09:09:58	2023-08-04 09:09:58
412	App\\Models\\User	55	Personal Access Token	89ced84b4d84fe68b9fd6f6a9d2ee7aac1d47702bb65df62e34fa873b20c0f93	["*"]	\N	2023-08-04 10:04:07	2023-08-04 10:04:07
413	App\\Models\\User	55	Personal Access Token	a62ab40824adb0fe6471ff0a5499af9912758347babef9bfa9d1d3651a4c64d4	["*"]	\N	2023-08-04 10:04:25	2023-08-04 10:04:25
414	App\\Models\\User	55	Personal Access Token	17f34408dc477bd992bbdf3f400c66c50563a94a3a5381a149d3729614d7fc7c	["*"]	\N	2023-08-04 10:11:32	2023-08-04 10:11:32
415	App\\Models\\User	55	Personal Access Token	ad05c3848303e21cf2d242572861b47f45827506e36bc5bc17bb8c919c99e60d	["*"]	\N	2023-08-04 10:25:07	2023-08-04 10:25:07
416	App\\Models\\User	55	Personal Access Token	c3ab1ffd68843be9646ab87e6eca40d0b4ebf77686b1bf51244c8bbdd710ccaf	["*"]	\N	2023-08-04 10:27:00	2023-08-04 10:27:00
417	App\\Models\\User	54	Personal Access Token	cfac2c04f709d84236ea122c5a632dc44e5768f22dbfd31355bd7c527b230e97	["*"]	\N	2023-08-04 10:32:48	2023-08-04 10:32:48
418	App\\Models\\User	76	Personal Access Token	8715ee41d8b11c7734813a1629770ccdb877ed1151c6641d54e99a45e505742c	["*"]	\N	2023-08-04 11:23:21	2023-08-04 11:23:21
419	App\\Models\\User	54	Personal Access Token	8b57c2613430a1571f8c2e88840ec99ec19873f8f6dc6a05cf9c920eb8dc20e6	["*"]	\N	2023-08-04 12:00:15	2023-08-04 12:00:15
420	App\\Models\\User	54	Personal Access Token	20c1a9c940e51aa77f8dd82ba8d86cada673de3541362d818a49c7ea23542496	["*"]	\N	2023-08-04 13:15:50	2023-08-04 13:15:50
421	App\\Models\\User	54	Personal Access Token	49314c4444a04262d29453aa65a2891494d63af52b98781d67e3eb9ce5630aae	["*"]	\N	2023-08-04 14:05:16	2023-08-04 14:05:16
422	App\\Models\\User	54	Personal Access Token	78a577d658e8dd6a56b636d9b3622ad8a0c22accbc3285f8267cbf5bf5a551e0	["*"]	\N	2023-08-04 14:26:19	2023-08-04 14:26:19
423	App\\Models\\User	54	Personal Access Token	8a5d729da8568ffc10ff242fbf0fb1008ba1335fc6573995e4d7a89b832e9ee9	["*"]	\N	2023-08-04 14:32:17	2023-08-04 14:32:17
424	App\\Models\\User	54	Personal Access Token	a3075c80ca50410dbe280343c1dffe484bdf70632791b5a3e69b2901812fb014	["*"]	\N	2023-08-04 14:38:30	2023-08-04 14:38:30
425	App\\Models\\User	54	Personal Access Token	d91668475c5b362e72e943ff81581b8dd3b0571a7263cf68109eed70e8bd8899	["*"]	\N	2023-08-04 14:42:27	2023-08-04 14:42:27
426	App\\Models\\User	54	Personal Access Token	1d747fd756f88dff53a527bdd6db6fafca351377aac9ef81a1a84e3b6e4c55f6	["*"]	\N	2023-08-04 14:56:10	2023-08-04 14:56:10
427	App\\Models\\User	54	Personal Access Token	320fb98ee7c0c3ab7738b41d0c08ba3860f20c41b0305b01a85d8e46a0712645	["*"]	\N	2023-08-04 14:57:19	2023-08-04 14:57:19
428	App\\Models\\User	89	Personal Access Token	51ce5796a760adff1574fcf9d5faa2fe4a94cb921cf91bfa84f8fd3d3475ac83	["*"]	\N	2023-08-04 16:12:06	2023-08-04 16:12:06
429	App\\Models\\User	89	Personal Access Token	112a3697bb2bb7f806abed3cd9b6126b5761b039cd095c2984cb02b7b4374b06	["*"]	\N	2023-08-04 16:12:46	2023-08-04 16:12:46
430	App\\Models\\User	89	Personal Access Token	c393d0d803258ba3bba276a4a1ebd97bc2fa43dd71e7413d69bdebce3c58417d	["*"]	\N	2023-08-04 16:14:49	2023-08-04 16:14:49
431	App\\Models\\User	89	Personal Access Token	fdedf69f89b6f920b742155f64ca4c05d2e16f11d5f5a6e2855157907d00dc92	["*"]	\N	2023-08-04 16:18:45	2023-08-04 16:18:45
432	App\\Models\\User	89	Personal Access Token	00d8d57e9789d495d11741ceea682fc3f2e2908b4d3c92030620489f4b686710	["*"]	\N	2023-08-04 16:39:31	2023-08-04 16:39:31
433	App\\Models\\User	89	Personal Access Token	ca3152cce45cc2fb46f537e300ecffdc6feb573d9f5056e43034aadeea8de2ad	["*"]	\N	2023-08-04 16:39:45	2023-08-04 16:39:45
434	App\\Models\\User	89	Personal Access Token	b2f3dc8a64cbe31d0c035186e6da02b8c8254dd09b10b608369c5f276ee6c4e2	["*"]	\N	2023-08-04 16:46:06	2023-08-04 16:46:06
435	App\\Models\\User	89	Personal Access Token	17bbd61d3cfbb536a02bf39f044ef33769a1594599e83414d24ef178defa7724	["*"]	\N	2023-08-04 16:50:54	2023-08-04 16:50:54
436	App\\Models\\User	89	Personal Access Token	5e671a9cd8a76db0810ba73fa96e8dff18834cd85a87f835841dc2520b8521a4	["*"]	\N	2023-08-04 17:11:45	2023-08-04 17:11:45
437	App\\Models\\User	69	Personal Access Token	9bcaf5e0e193ca8e74092c7e4baa25b4140a81e80e77cc697cede5f6f15fa7d0	["*"]	\N	2023-08-04 18:38:14	2023-08-04 18:38:14
438	App\\Models\\User	90	Personal Access Token	7805457f3b1a9b7149738558788b989bc400a5999dfd81729b8ccb3908b4d0fd	["*"]	\N	2023-08-05 04:58:21	2023-08-05 04:58:21
439	App\\Models\\User	54	Personal Access Token	44c0052ad6cbb2f497191e954b84b4707803525be34e7cce39ee0bf8c2a543ea	["*"]	\N	2023-08-05 06:53:49	2023-08-05 06:53:49
440	App\\Models\\User	54	Personal Access Token	5541eab11ff15ba53f0bb376ec0bd0021e926637258ecb3559bb8f4f9ec2b7da	["*"]	\N	2023-08-05 07:43:10	2023-08-05 07:43:10
441	App\\Models\\User	54	Personal Access Token	206d84811f1d22329e9ca857469e7e487db6ef3a7373bd7acbe84800c78d0373	["*"]	\N	2023-08-05 07:54:57	2023-08-05 07:54:57
442	App\\Models\\User	54	Personal Access Token	301a513bafbe41ca07694ea70c999ede2fad9001e78381cc7fc4a2e108bdb1be	["*"]	\N	2023-08-05 08:03:43	2023-08-05 08:03:43
443	App\\Models\\User	89	Personal Access Token	58fe5759a04b163150b50c2a07515d448e0c2f9ab17e189aacfc04896307023b	["*"]	\N	2023-08-05 09:34:00	2023-08-05 09:34:00
444	App\\Models\\User	69	Personal Access Token	9f109627f5d9c9cd698225bc86ac7776c69a9470c6c30e2173e148cbbed7ae15	["*"]	\N	2023-08-05 10:06:32	2023-08-05 10:06:32
445	App\\Models\\User	54	Personal Access Token	35ad4cbd4c4369cc1c1ccf2a8a0ae3fe38fdb3422debb9dc1ea3193c06a90e59	["*"]	\N	2023-08-05 10:28:53	2023-08-05 10:28:53
446	App\\Models\\User	54	Personal Access Token	0aac49e6778d7e319cf336293f139fc8316a057d473c3154a94c2b1f25f51e98	["*"]	\N	2023-08-05 10:34:00	2023-08-05 10:34:00
447	App\\Models\\User	54	Personal Access Token	7fae6c05f9f09a33b394c370e3e8db92edf88697ed7a2a0eafe1f05a27669e1b	["*"]	\N	2023-08-05 10:46:37	2023-08-05 10:46:37
448	App\\Models\\User	77	Personal Access Token	a0e483b26a809273801123a2b90ad8a19cf2a743ef8e2d3f43b86f0afbd538d9	["*"]	\N	2023-08-05 10:56:19	2023-08-05 10:56:19
449	App\\Models\\User	91	Personal Access Token	d8e28da46db2065eee04b22804f2df8fe9e91dca2762c6c4ca4d2ef836ddd6e8	["*"]	\N	2023-08-05 10:56:59	2023-08-05 10:56:59
450	App\\Models\\User	91	Personal Access Token	9fe3f5edc933d1e521d010fb22d7fc70194f97ab23025c5d5ad225862d2c3df2	["*"]	\N	2023-08-05 10:57:00	2023-08-05 10:57:00
451	App\\Models\\User	54	Personal Access Token	36520e2cd9fa81c98d7b3f847794bad73521852be6a7b79022e70ba28dfbd07a	["*"]	\N	2023-08-05 10:58:04	2023-08-05 10:58:04
452	App\\Models\\User	50	Personal Access Token	9aa0bf63d11f01e16557e54a200382374e4cd2e307f076c01e55d4936f8a73b6	["*"]	\N	2023-08-05 12:13:08	2023-08-05 12:13:08
453	App\\Models\\User	77	Personal Access Token	1af49741355d94258decefdebbc34326fec5bbbe90ea8c643a787152f6a60389	["*"]	\N	2023-08-05 12:16:34	2023-08-05 12:16:34
454	App\\Models\\User	91	Personal Access Token	5d34b39bb1e7c109df6cf65e35c2c130ee82486563ea84b3d585443dfc9c8be6	["*"]	\N	2023-08-05 12:17:01	2023-08-05 12:17:01
455	App\\Models\\User	91	Personal Access Token	0c8cc10fcca54eb66be85d1a7a0a9200ba0cd46bd92499ed5d41fa88a24bbfa1	["*"]	\N	2023-08-05 12:25:55	2023-08-05 12:25:55
456	App\\Models\\User	91	Personal Access Token	04991b00b1f829e39c823fcdb753f40bc3b466187703c64217fdac9f4a68455c	["*"]	\N	2023-08-05 12:28:53	2023-08-05 12:28:53
457	App\\Models\\User	54	Personal Access Token	7b41a6f52be0d32eaedc43d343775490f7cfc12dd720e064728980695fcd2400	["*"]	\N	2023-08-05 12:32:17	2023-08-05 12:32:17
458	App\\Models\\User	91	Personal Access Token	eb34ce1095aa9bce9a9f8197509bdc8b09f2119b076c2b13697069b6bc597116	["*"]	\N	2023-08-05 12:36:11	2023-08-05 12:36:11
459	App\\Models\\User	54	Personal Access Token	e19bfe4cf7cd0489f320bb961b778c5fd3895262d241ef16c73e68c1e97d1c2c	["*"]	\N	2023-08-05 12:36:20	2023-08-05 12:36:20
460	App\\Models\\User	54	Personal Access Token	51b8f8aee55a67ab4a96808c4048c7e6b780a6a0c4c410b069e4dded44d97b50	["*"]	\N	2023-08-05 12:52:31	2023-08-05 12:52:31
461	App\\Models\\User	54	Personal Access Token	d017a04d0028952ff7b3c6c6b8ed89061cc20d98c3154863200d07e697407574	["*"]	\N	2023-08-05 12:52:42	2023-08-05 12:52:42
462	App\\Models\\User	54	Personal Access Token	62d384f7e8a33867eb5b96052cc53c7a7647fa64c225a3e6f82be28d61aecfb8	["*"]	\N	2023-08-05 12:53:30	2023-08-05 12:53:30
463	App\\Models\\User	92	Personal Access Token	be14f42d86b8532304a9fd91fd9b2c2c60853b8c2bd57fe23ae4053026f53037	["*"]	\N	2023-08-05 13:29:38	2023-08-05 13:29:38
464	App\\Models\\User	69	Personal Access Token	f2eb28891695baa519d11f909671b6452f398eb607e0c64047fcbd6fc1e638c0	["*"]	\N	2023-08-05 14:59:29	2023-08-05 14:59:29
465	App\\Models\\User	69	Personal Access Token	a0bd58555dbac7a3d049e9d38f06141ec385733512aacb479366ab6e0293528b	["*"]	\N	2023-08-05 14:59:46	2023-08-05 14:59:46
466	App\\Models\\User	69	Personal Access Token	bdf5457848de2c555cfdfdc24f9825a79aeec33ff4ee01d998bac06c1ab2d344	["*"]	\N	2023-08-05 15:00:08	2023-08-05 15:00:08
467	App\\Models\\User	89	Personal Access Token	5e6fb97b9195e9403e1bc98045e2450feff49447990fc0db14caea51d19f6845	["*"]	\N	2023-08-05 15:21:52	2023-08-05 15:21:52
468	App\\Models\\User	54	Personal Access Token	c0c53f381310e38ed73413c8902615d1185ff341be9b5eaab9fc7299aa6d27a3	["*"]	\N	2023-08-05 15:32:40	2023-08-05 15:32:40
469	App\\Models\\User	93	Personal Access Token	594a2eb234f258e71850453a62d664a19b5f805384c0969ae0c17b8c82039d0c	["*"]	\N	2023-08-05 15:34:30	2023-08-05 15:34:30
470	App\\Models\\User	69	Personal Access Token	27af3e27a63915ecea269926799298841a9116abc462950525cc6ab0c572f606	["*"]	\N	2023-08-07 04:16:58	2023-08-07 04:16:58
471	App\\Models\\User	92	Personal Access Token	6efd84e8a448546e23cc45a9353677c3e34210231b56aa7fe83643b3698dfbcd	["*"]	\N	2023-08-07 05:38:21	2023-08-07 05:38:21
472	App\\Models\\User	54	Personal Access Token	af49ac8860236feb21fa937b88ba12944f91410b80267fef38535fe05e7dc0c0	["*"]	\N	2023-08-07 06:25:43	2023-08-07 06:25:43
473	App\\Models\\User	54	Personal Access Token	87a7168d89469c9d5c937aad810b5eafd204f94da04eb330aa25a1ec54c9d40f	["*"]	\N	2023-08-07 06:33:21	2023-08-07 06:33:21
474	App\\Models\\User	54	Personal Access Token	9cebad5c37eb115452bc224132088849d02aaa270e50d6dee640b4756773df49	["*"]	\N	2023-08-07 06:58:45	2023-08-07 06:58:45
475	App\\Models\\User	54	Personal Access Token	8810ccdd8631c63188264d54568015bff9669dde75e0e59af3d135ec961b32c3	["*"]	\N	2023-08-07 07:10:49	2023-08-07 07:10:49
476	App\\Models\\User	54	Personal Access Token	7e254149dba8352f90e0e264dee675155829b72d7e45a95a9692b255f8e01338	["*"]	\N	2023-08-07 07:12:04	2023-08-07 07:12:04
477	App\\Models\\User	92	Personal Access Token	f94918fe061d46a55ef6d84bddab6f676291dd7717bece023019c64adbcc0687	["*"]	\N	2023-08-07 07:42:51	2023-08-07 07:42:51
478	App\\Models\\User	54	Personal Access Token	4162773af5fa33a9ec8630b60e1da9cdeecdebe516fe1677df695c0110e9d284	["*"]	\N	2023-08-07 15:10:32	2023-08-07 15:10:32
479	App\\Models\\User	54	Personal Access Token	dd37c286aa118004a7908000e3ef2c52ce8c094d3d9636cef9bb747a9a4e4ec5	["*"]	\N	2023-08-07 15:36:45	2023-08-07 15:36:45
480	App\\Models\\User	54	Personal Access Token	04d2cc972e8dc48515d9358b3691ca42ccde82a2622317ffce2d116992505c1b	["*"]	\N	2023-08-07 18:02:34	2023-08-07 18:02:34
481	App\\Models\\User	54	Personal Access Token	fc94c8921653392d79273e37edc35168b4440aa6339679a8fdcd4a6f8e8ffff8	["*"]	\N	2023-08-07 18:51:58	2023-08-07 18:51:58
482	App\\Models\\User	54	Personal Access Token	bda285975f140db5d61d7bddff6794212cace095da728fdf87d75b0d01eddc82	["*"]	\N	2023-08-07 19:05:38	2023-08-07 19:05:38
483	App\\Models\\User	54	Personal Access Token	986f72df05038c8edae0b8df90006d76585fb39db441c6a435c3d8cb0b0385b7	["*"]	\N	2023-08-07 19:30:38	2023-08-07 19:30:38
484	App\\Models\\User	54	Personal Access Token	c6e4bb4f7fe15f7e7d057e713e6de633d497419ee998f59e33d333facff31ea3	["*"]	\N	2023-08-07 21:37:31	2023-08-07 21:37:31
485	App\\Models\\User	54	Personal Access Token	612fd315768a587d680f147bfa4c764d9e0216d209b59210aa26178141accc43	["*"]	\N	2023-08-07 22:56:07	2023-08-07 22:56:07
486	App\\Models\\User	69	Personal Access Token	5d455f766f0b9987c702331487db5dd25746d01a95fa63e10fd2ba8fc02f415c	["*"]	\N	2023-08-08 04:26:08	2023-08-08 04:26:08
487	App\\Models\\User	94	Personal Access Token	99ec74a7ecc526deeb5bb1c73ca27c0a0bc90690bfd98e3264df3bdad22743db	["*"]	\N	2023-08-08 04:31:51	2023-08-08 04:31:51
488	App\\Models\\User	94	Personal Access Token	f09c308f8803c9810efa016635818225932ecacae7d46a0efdfe76044509f33c	["*"]	\N	2023-08-08 04:31:52	2023-08-08 04:31:52
489	App\\Models\\User	54	Personal Access Token	b88a76f1a2c50a7248eef403c6a957b7e80f76471febac047d15113be658d863	["*"]	\N	2023-08-08 05:56:10	2023-08-08 05:56:10
490	App\\Models\\User	54	Personal Access Token	969374ea24c69b53036709d6b6a22f5e4ebe625ee198ebd7a702b2338d46e9dd	["*"]	\N	2023-08-08 07:02:13	2023-08-08 07:02:13
491	App\\Models\\User	54	Personal Access Token	fd6e3d4c43d0cf6455aaa82666b3772e4406afd77dd08a1c1b41db7f25c25b34	["*"]	\N	2023-08-08 07:05:16	2023-08-08 07:05:16
492	App\\Models\\User	54	Personal Access Token	a81d4cd22506d21efbba4d8219326069560af7328c993c3c9dfb95a06393ddaa	["*"]	\N	2023-08-08 09:45:33	2023-08-08 09:45:33
493	App\\Models\\User	95	Personal Access Token	b0537ad15c8990cbbfc9e9e7c547eb4e3fe267d41a3ddc36f03d893c973755a2	["*"]	\N	2023-08-08 11:12:04	2023-08-08 11:12:04
494	App\\Models\\User	95	Personal Access Token	302c751a33397ac3c3c19b8c5871ae266a7bdcf9b75e09e055919e2600a943f3	["*"]	\N	2023-08-08 11:15:19	2023-08-08 11:15:19
495	App\\Models\\User	54	Personal Access Token	8d1ff17e0aa41ded302acc9dbac8d1f202608d15dac81695f53445277dc2da4b	["*"]	\N	2023-08-08 11:17:39	2023-08-08 11:17:39
496	App\\Models\\User	96	Personal Access Token	b004e1846a451424ed55dcec27b34c397d7bc6aa42f33d9f71acb410aaed53a8	["*"]	\N	2023-08-08 11:45:01	2023-08-08 11:45:01
497	App\\Models\\User	96	Personal Access Token	bcd74315a755143fda4771fe8fc300ad7eabbc01cb12c534795eda8d2ec7982a	["*"]	\N	2023-08-08 11:45:02	2023-08-08 11:45:02
498	App\\Models\\User	54	Personal Access Token	47279757c318a360ade93bf1bb5fbd519656c66eeef7e73a6306c1d9876b8ccc	["*"]	\N	2023-08-08 12:02:11	2023-08-08 12:02:11
499	App\\Models\\User	54	Personal Access Token	4a800686b15333d43ccf7964b82cd44613715d696f9ba22ceb6e534f35b1d182	["*"]	\N	2023-08-08 12:03:59	2023-08-08 12:03:59
500	App\\Models\\User	54	Personal Access Token	d9ed6fcfa02fd3eafa27914029fc5cfcd1aaec8c0d42cb9af233ddd71ba79d66	["*"]	\N	2023-08-08 15:09:04	2023-08-08 15:09:04
501	App\\Models\\User	97	Personal Access Token	c5cb082e641be39ac9ce990d00196b1636683d6dd66374c21c7894ac4f2c45c0	["*"]	\N	2023-08-08 15:29:20	2023-08-08 15:29:20
502	App\\Models\\User	54	Personal Access Token	f28c96183259587daab6a98b050f03bec89f55973242f60050cb4b5e7e9ac2a7	["*"]	\N	2023-08-08 15:31:09	2023-08-08 15:31:09
503	App\\Models\\User	54	Personal Access Token	aa27bc3d5a638a8baa1460c1a123d3bef204ed362d827e114950000b4e6a4a04	["*"]	\N	2023-08-08 15:42:59	2023-08-08 15:42:59
504	App\\Models\\User	54	Personal Access Token	1793fbefc179354b7a05e4a5c5703de2e7f535cc19d739595298523eb516b82b	["*"]	\N	2023-08-08 15:50:28	2023-08-08 15:50:28
505	App\\Models\\User	54	Personal Access Token	30a76a499f6cdec44a7978d2659ca3323b954ace895805cb0561473c5eed9140	["*"]	\N	2023-08-08 15:54:07	2023-08-08 15:54:07
506	App\\Models\\User	54	Personal Access Token	ea569bc87ea976d11b7e8e8471709c119e47e1b917ce371072ca31fb0206def5	["*"]	\N	2023-08-08 16:21:41	2023-08-08 16:21:41
507	App\\Models\\User	54	Personal Access Token	c03eb80f0d6c8da4f028610f31a39b50c96d2267e4baf71a07b8ac5cf3381e17	["*"]	\N	2023-08-08 16:28:01	2023-08-08 16:28:01
508	App\\Models\\User	54	Personal Access Token	11f0289089607251e22991d86e408e522e8d7edd99079d385342f0ea89b8f01a	["*"]	\N	2023-08-08 17:58:37	2023-08-08 17:58:37
509	App\\Models\\User	54	Personal Access Token	a1ef0c055d4649cf9c50e046366cc75f1daf088b27d8869e16a0e0502fab7ddd	["*"]	\N	2023-08-08 18:49:43	2023-08-08 18:49:43
510	App\\Models\\User	54	Personal Access Token	6e78befd883cd2ef5d907002941152640b8bfba9b12787ff7895ba3d54387d34	["*"]	\N	2023-08-08 21:27:49	2023-08-08 21:27:49
511	App\\Models\\User	54	Personal Access Token	ce2909da83df5d094a7273358a90ca084b329e7dba47d7a7e448414e15ef424f	["*"]	\N	2023-08-09 04:57:39	2023-08-09 04:57:39
512	App\\Models\\User	54	Personal Access Token	96849a9e3092e450dcc2939195e78258d4213d87e3e57d141e19b77e40f08ef9	["*"]	\N	2023-08-09 05:15:40	2023-08-09 05:15:40
513	App\\Models\\User	54	Personal Access Token	3363b2df16e549e8ed9b44f79125a272cf298fd6e3dd66b1501373b3c03461d4	["*"]	\N	2023-08-09 05:50:17	2023-08-09 05:50:17
514	App\\Models\\User	87	Personal Access Token	9364a4d026da3f7ea433fcf3f2fcdaf3975a63b05f031f8934b4e919283e4228	["*"]	\N	2023-08-09 07:15:58	2023-08-09 07:15:58
515	App\\Models\\User	69	Personal Access Token	e0085eaf4342e06c3fbfa0588edfdc95f203155c6e230ad69a65f02c8db509f8	["*"]	\N	2023-08-09 11:12:33	2023-08-09 11:12:33
516	App\\Models\\User	54	Personal Access Token	0fb6e68641a981b9c23fed05819420fcce18e666de4723e7c320c883c05c26fe	["*"]	\N	2023-08-09 12:26:12	2023-08-09 12:26:12
517	App\\Models\\User	69	Personal Access Token	79f813b0a7258de82dffed4b93a2b2d0b542a30dd1ae98c81bb756ab2d49e621	["*"]	\N	2023-08-09 15:01:28	2023-08-09 15:01:28
518	App\\Models\\User	54	Personal Access Token	de12137f185ca5af5d5b7c019df14e18f0501553f3631a70aef1b54e57fd3867	["*"]	\N	2023-08-09 15:06:55	2023-08-09 15:06:55
519	App\\Models\\User	54	Personal Access Token	7588f871c32d41b278d7846d57588180f6c745a4b2e3c27f05277176dc10d7c7	["*"]	\N	2023-08-09 16:05:55	2023-08-09 16:05:55
520	App\\Models\\User	54	Personal Access Token	51aff2fabcf810bf69ba6d501ab4fab8e9c1da53da0aea00b757d1cb85108eb9	["*"]	\N	2023-08-09 16:17:51	2023-08-09 16:17:51
521	App\\Models\\User	54	Personal Access Token	e89a1111014bd843a455fa44e3b412ce55233bab8b0484916618ab3812300639	["*"]	\N	2023-08-09 18:58:24	2023-08-09 18:58:24
522	App\\Models\\User	54	Personal Access Token	75181f4841d1f8e93764df8022269b9e3e36a9b279c1ca4f9b7348697ac9c634	["*"]	\N	2023-08-09 19:04:07	2023-08-09 19:04:07
523	App\\Models\\User	54	Personal Access Token	c4f872c525d76ce4da273da1d27e1b62e4c40952df250f8d81b2cf716cf6c196	["*"]	\N	2023-08-09 19:29:15	2023-08-09 19:29:15
524	App\\Models\\User	54	Personal Access Token	8c0cb8fb5c8c9ab66b7c0e98a7303db2257c04e1d91471a3bbeae010d03afa4a	["*"]	\N	2023-08-09 19:45:16	2023-08-09 19:45:16
525	App\\Models\\User	54	Personal Access Token	6a21b6f49dfea094d216647e99c4909c499db5440e0cd5024cbdece77687b9cc	["*"]	\N	2023-08-09 21:09:07	2023-08-09 21:09:07
526	App\\Models\\User	54	Personal Access Token	f6696a5601c08040658d295cdacab8c4f14c4d7554e2ca0a29f26096847f962e	["*"]	\N	2023-08-09 21:12:30	2023-08-09 21:12:30
527	App\\Models\\User	77	Personal Access Token	6167da273c8d42511dc24be94bc70b487c288d7daf1a5df1ba0206771725fbd7	["*"]	\N	2023-08-10 08:30:05	2023-08-10 08:30:05
528	App\\Models\\User	69	Personal Access Token	e4e20761b6132828f3c7a6b4d4a6fe9c777371d701a7920382f57e319bb02b4b	["*"]	\N	2023-08-10 13:40:32	2023-08-10 13:40:32
529	App\\Models\\User	77	Personal Access Token	cb6f3e0e18adcfba564ef9ab95345b7c45e481bf190d2779625e97cca8dd8265	["*"]	\N	2023-08-11 06:20:57	2023-08-11 06:20:57
530	App\\Models\\User	69	Personal Access Token	3a97e456e50d2e30da6659859be21f0c0e4223747bafa3dbdc841fb58b7b652c	["*"]	\N	2023-08-11 07:51:20	2023-08-11 07:51:20
531	App\\Models\\User	69	Personal Access Token	7fc9d22c07956ffdc52f48e66155eb4a0db7e53a6ef0819fa105cec568c2080e	["*"]	\N	2023-08-11 07:53:12	2023-08-11 07:53:12
532	App\\Models\\User	69	Personal Access Token	0c3502d736c1a7868b13de5d8c7d13ec6ece628b5514a69e076df5e7bd26effa	["*"]	\N	2023-08-11 07:55:29	2023-08-11 07:55:29
533	App\\Models\\User	69	Personal Access Token	85b5ad686aaddb8ba2b090b1ed5d6d4d0d472db00bb089ec2f4f70e7f4229053	["*"]	\N	2023-08-11 07:56:01	2023-08-11 07:56:01
534	App\\Models\\User	77	Personal Access Token	c2a02353fe2b34b917501bcc9bcf7c4639603992d46c758a6b862630e3c9e147	["*"]	\N	2023-08-11 08:13:34	2023-08-11 08:13:34
535	App\\Models\\User	77	Personal Access Token	8906f14763e9acc96e951cd094bc72a1f3fc75d6d1bf2142a2358c9b11a34176	["*"]	\N	2023-08-11 08:23:56	2023-08-11 08:23:56
536	App\\Models\\User	77	Personal Access Token	b188c0475953f2d5c8833f76a01c68b3f2ab9ac261c4a254db26ddcdf3078b62	["*"]	\N	2023-08-11 09:18:35	2023-08-11 09:18:35
537	App\\Models\\User	54	Personal Access Token	cdde8446ab5a09bddde2114005171a1050e84c83ccc09f65b4553c456ae20456	["*"]	\N	2023-08-11 10:17:33	2023-08-11 10:17:33
538	App\\Models\\User	96	Personal Access Token	4f9e62a6b402a6906814fffa64ff677a0a1d54e3cc9b5052b50a9b06ca88efbe	["*"]	\N	2023-08-11 10:49:53	2023-08-11 10:49:53
539	App\\Models\\User	54	Personal Access Token	602a909fbd11b9d88aa36c1f595d6db74043703d2785ffe941ce493134cc9e12	["*"]	\N	2023-08-11 11:02:45	2023-08-11 11:02:45
540	App\\Models\\User	69	Personal Access Token	f5462d9b1ab3857d17cbf413c367d900c9665a432a64c9421a712de755c77563	["*"]	\N	2023-08-11 14:47:19	2023-08-11 14:47:19
541	App\\Models\\User	92	Personal Access Token	b047fa5ee7be3872daf2ee05ab5538bc929bf062d02c8b753fd09c981de1bf6b	["*"]	\N	2023-08-12 11:45:15	2023-08-12 11:45:15
542	App\\Models\\User	90	Personal Access Token	82da5bfab4dd157ad6e4a0bea9dd3091b51df0940fe5a9980e8ec4ce714d7eb0	["*"]	\N	2023-08-13 03:13:07	2023-08-13 03:13:07
543	App\\Models\\User	90	Personal Access Token	b9a160410621ff517cbdf7552674603152aa20d599ae150372fc17d6f708ebb0	["*"]	\N	2023-08-14 10:02:56	2023-08-14 10:02:56
544	App\\Models\\User	77	Personal Access Token	ca0488314d5bbae48cd409890d6c47216657c4b4a5c7703455b2fa44e1e750b8	["*"]	\N	2023-08-14 11:05:54	2023-08-14 11:05:54
545	App\\Models\\User	103	Personal Access Token	10ccb158a715433c84d17e4175230c864ed5e46c4cdd2eab5d8cf002daab992a	["*"]	\N	2023-08-14 11:09:32	2023-08-14 11:09:32
546	App\\Models\\User	103	Personal Access Token	f563e0736251eaf1a68457c08d1b6654fd782cdad0f82543feff2a329a3b30a7	["*"]	\N	2023-08-14 11:09:32	2023-08-14 11:09:32
547	App\\Models\\User	77	Personal Access Token	5bbdd0c94b994deff692f77ef89ddd31f752ce4eae0399e32822e8330c5b308e	["*"]	\N	2023-08-14 11:11:22	2023-08-14 11:11:22
548	App\\Models\\User	54	Personal Access Token	c2e7d14900e568c1254bf231f0dcaab4964d64be727433743caa60f0c036082e	["*"]	\N	2023-08-14 18:14:54	2023-08-14 18:14:54
549	App\\Models\\User	69	Personal Access Token	9d3856cdf78d66b67fa06e021351aec04cef688f9f3acec64a2ecb492377d077	["*"]	\N	2023-08-15 07:07:27	2023-08-15 07:07:27
550	App\\Models\\User	90	Personal Access Token	2521666616749ed593726b03290466094ed7eb642aff3b939ea7c7c756e99278	["*"]	\N	2023-08-15 08:38:01	2023-08-15 08:38:01
551	App\\Models\\User	106	Personal Access Token	d9dfe41aea5c63ee67bf505386e5d132c826e9fdd94b4b4d01dae362b34a177f	["*"]	\N	2023-08-15 11:56:37	2023-08-15 11:56:37
552	App\\Models\\User	106	Personal Access Token	7187e23b3cc88d15a64c575a35bb6e1f21a87a83d23cd2276c5d0d97fb39137d	["*"]	\N	2023-08-15 11:56:37	2023-08-15 11:56:37
553	App\\Models\\User	107	Personal Access Token	1f23c5ebe5f6e1293c40466c4024e4d2917c6ca7ee6a61a74da9b1c838806042	["*"]	\N	2023-08-15 12:45:34	2023-08-15 12:45:34
554	App\\Models\\User	107	Personal Access Token	5f4466f96fc509826ef320aca8109c13826f30826007782cc850d3d6e466720b	["*"]	\N	2023-08-15 12:45:35	2023-08-15 12:45:35
555	App\\Models\\User	108	Personal Access Token	c86637aed8548a45c68ea8a6779bf51df7e2ed3e164ddf63df2e852be3a3a67b	["*"]	\N	2023-08-15 12:47:21	2023-08-15 12:47:21
556	App\\Models\\User	108	Personal Access Token	45e7d8cb0d3f98870d74de42323f218a87d5ff4b9217ae4ccfccd5aa18e48566	["*"]	\N	2023-08-15 12:47:22	2023-08-15 12:47:22
557	App\\Models\\User	96	Personal Access Token	c8f0e836f5a5ca35ebd165030af3a90d9d573057605f5da3d5903d406af3c149	["*"]	\N	2023-08-15 12:49:13	2023-08-15 12:49:13
558	App\\Models\\User	96	Personal Access Token	581e753fe80e05b8a04ac01ab6d7bdbc6ec141cb6ea4eea89019e3f192e4dbd8	["*"]	\N	2023-08-15 12:49:36	2023-08-15 12:49:36
559	App\\Models\\User	92	Personal Access Token	d301ad45a0e3683c3adaf0c609b908feddd0f4459d5cb9b85e2559af745f07cb	["*"]	\N	2023-08-15 13:07:50	2023-08-15 13:07:50
560	App\\Models\\User	92	Personal Access Token	9bb8259d7f27393aecdba321589aa2b6917c340d2454b6eb4085e99ec57ae059	["*"]	\N	2023-08-15 13:07:55	2023-08-15 13:07:55
561	App\\Models\\User	96	Personal Access Token	0b9ac9c3cf00fbad46e99391bf3dfc2a738642de9e9320aa347cd884d56b353b	["*"]	\N	2023-08-15 13:13:27	2023-08-15 13:13:27
562	App\\Models\\User	96	Personal Access Token	65902c1b5b3db4cef49237840b2d54744024486271e607b834b362188a92d115	["*"]	\N	2023-08-15 13:14:53	2023-08-15 13:14:53
563	App\\Models\\User	96	Personal Access Token	05c3740eae3de30ae0843dc66c78c2bc33f62786442f7575fa22533f9283bc71	["*"]	\N	2023-08-15 13:18:03	2023-08-15 13:18:03
564	App\\Models\\User	96	Personal Access Token	f8196d99dddd8b4f2a3f1a3cb1065d63400b2f8548c67ca249a471140735c28a	["*"]	\N	2023-08-15 13:18:43	2023-08-15 13:18:43
565	App\\Models\\User	96	Personal Access Token	939f8f3328503b4467f720d7063416cc35a937edb57fa93ed4d4cf8bcce852bb	["*"]	\N	2023-08-15 13:24:45	2023-08-15 13:24:45
566	App\\Models\\User	109	Personal Access Token	663d245ae5e3cf1ada80fb7b42e7306cf3855f1c357e7f89b723beb81cedfdab	["*"]	\N	2023-08-16 02:31:59	2023-08-16 02:31:59
567	App\\Models\\User	109	Personal Access Token	c38541aacfdbe0b48c74535ddc05c6c75a63f001335f9b98e319d0f36f2cfd03	["*"]	\N	2023-08-16 02:32:26	2023-08-16 02:32:26
568	App\\Models\\User	107	Personal Access Token	f0168df2713637387f5a27e2c31002e362bcb200d1439dda57119cf52dbb33bd	["*"]	\N	2023-08-16 04:18:59	2023-08-16 04:18:59
569	App\\Models\\User	108	Personal Access Token	e1737d1398086d9f8746cea97a5bf3c4ba261e9afa8052e0e19b556279940a3c	["*"]	\N	2023-08-16 04:20:09	2023-08-16 04:20:09
570	App\\Models\\User	108	Personal Access Token	e176c20a6f87145297df5eb8a2bcedc51e953997e9ee46794281407ab3022d1a	["*"]	\N	2023-08-16 04:28:45	2023-08-16 04:28:45
571	App\\Models\\User	108	Personal Access Token	fb43a5a4658feb42853a04c0866d9b0c606bd589735463a290ddc05e2733e86d	["*"]	\N	2023-08-16 04:49:57	2023-08-16 04:49:57
572	App\\Models\\User	103	Personal Access Token	01d75af4483a1bede2bfc2b83de70e5c3a574cc173cc9e6d3c73838e4c07b288	["*"]	\N	2023-08-16 05:53:54	2023-08-16 05:53:54
573	App\\Models\\User	96	Personal Access Token	9305d53037e74f40ca68908d955b1f4c3e58524c00aefc54d04133b10c4d160a	["*"]	\N	2023-08-16 06:04:40	2023-08-16 06:04:40
574	App\\Models\\User	108	Personal Access Token	3acd56ecbdd9f029c916f9398b50324492d066bba556e4bf683fd1f9596f7867	["*"]	\N	2023-08-16 06:15:18	2023-08-16 06:15:18
575	App\\Models\\User	110	Personal Access Token	5870b0d568430f313c04a86d9b9a236e5fa9ba0acbf44da96344208f1ff9bdd4	["*"]	\N	2023-08-16 06:38:01	2023-08-16 06:38:01
576	App\\Models\\User	54	Personal Access Token	e16a290e701e48a780cd3bbd935c0d2ba4483d93a216e6c71515e6a41de893db	["*"]	\N	2023-08-16 07:06:38	2023-08-16 07:06:38
577	App\\Models\\User	54	Personal Access Token	0744aceb103f4dad846207ffbd23d41baa8cb142ec91bc76258badd315a47eeb	["*"]	\N	2023-08-16 07:19:26	2023-08-16 07:19:26
578	App\\Models\\User	109	Personal Access Token	8c203e7e11265d4d4566ab457fac3bd5e4255c57120cf4c6303cee58e48150ae	["*"]	\N	2023-08-16 07:47:55	2023-08-16 07:47:55
579	App\\Models\\User	108	Personal Access Token	af0f713a747ace1844cdda3ba5224a426a442d663b24eb6a6d09872bcfe6ff9e	["*"]	\N	2023-08-16 09:54:11	2023-08-16 09:54:11
580	App\\Models\\User	103	Personal Access Token	6375b1b068618d286bcb7865cfee86330f7f27b0507baa719ece0d807f240d92	["*"]	\N	2023-08-16 10:09:38	2023-08-16 10:09:38
581	App\\Models\\User	108	Personal Access Token	15e8d8c732ff85f902c5e2ff7efbe9b1b19a7b4bb2db4b70fe8415ca0fd050ff	["*"]	\N	2023-08-16 10:37:17	2023-08-16 10:37:17
582	App\\Models\\User	111	Personal Access Token	94266433dfe221dc87fcc60d8eb11c80f8d738de77e2b24b4145e1a2736249d8	["*"]	\N	2023-08-16 11:08:34	2023-08-16 11:08:34
583	App\\Models\\User	111	Personal Access Token	e092860ba6b3b964f15211c872f6388f6c6ef7f77d620d03773d3980ba136969	["*"]	\N	2023-08-16 11:08:35	2023-08-16 11:08:35
584	App\\Models\\User	109	Personal Access Token	4428ca787275efb81c06251af42f4e64ea311f192a9c8b18bff192011b016bce	["*"]	\N	2023-08-16 11:37:05	2023-08-16 11:37:05
585	App\\Models\\User	103	Personal Access Token	566a5aa0e02244cdf84dd7bb4e11fecbeda6b8f3428f314ea4e4c2bc17811836	["*"]	\N	2023-08-16 14:54:14	2023-08-16 14:54:14
586	App\\Models\\User	111	Personal Access Token	18b2a7a6211b33195101f09f873c7062c2ab26a7ec356b6f2496c3784ed7fddd	["*"]	\N	2023-08-16 15:29:22	2023-08-16 15:29:22
587	App\\Models\\User	108	Personal Access Token	68a3572893a55fbd23d3e64128f85a1732066e01a63f76ffb57a16c20b350000	["*"]	\N	2023-08-16 15:33:23	2023-08-16 15:33:23
588	App\\Models\\User	54	Personal Access Token	db564b5bd9a63cd3868edac553e38907d6da51cb1a560b59d942ffb672b04fe5	["*"]	\N	2023-08-16 15:36:47	2023-08-16 15:36:47
589	App\\Models\\User	54	Personal Access Token	3bc58afd931255f3f73defb635abb62cdb33944a4cbcc38d9eaa91897d928c67	["*"]	\N	2023-08-16 15:40:12	2023-08-16 15:40:12
590	App\\Models\\User	69	Personal Access Token	75a49273818b4f94f0a567cf45f13b0047a060d9b81ba790535fe7418a2e9112	["*"]	\N	2023-08-16 17:56:17	2023-08-16 17:56:17
591	App\\Models\\User	109	Personal Access Token	af27a053236fd346dbf6c826d323a3d51bd5f57e2d7276c015647e61e44571ad	["*"]	\N	2023-08-16 18:19:40	2023-08-16 18:19:40
592	App\\Models\\User	108	Personal Access Token	74aa55bcb246aa99b7aebb6bb830464feb59af7f2b28f3b7464828ff8b6ada2f	["*"]	\N	2023-08-17 03:58:25	2023-08-17 03:58:25
593	App\\Models\\User	109	Personal Access Token	b3aab3897dbe615ebb0428cf4f1575cabd64136dbd21103607ad1e0334827a5e	["*"]	\N	2023-08-17 05:46:25	2023-08-17 05:46:25
594	App\\Models\\User	112	Personal Access Token	9b74c075fd27cb7db055cca266bd03136208f694e684bc96edb6e03abb8e87a3	["*"]	\N	2023-08-17 06:02:13	2023-08-17 06:02:13
595	App\\Models\\User	112	Personal Access Token	db9285bdb98732820b90a7d1ceab26190082f8ddc24f0980f6c67f4bc6173e48	["*"]	\N	2023-08-17 06:02:14	2023-08-17 06:02:14
596	App\\Models\\User	113	Personal Access Token	1f67b6ddfbc7a8d8a0b115657ee26e7759f988ee52d21e3e49495dbb2f19cc86	["*"]	\N	2023-08-17 06:13:53	2023-08-17 06:13:53
597	App\\Models\\User	113	Personal Access Token	24d3428c764724d35b7d58dbe21218628ab685350dba1bc2c21bfbd482088d61	["*"]	\N	2023-08-17 06:14:06	2023-08-17 06:14:06
598	App\\Models\\User	114	Personal Access Token	e552f744261f9cb09ff93b747fb2c8dc6c7a7aecfbcaeaab61fd988ccbd07750	["*"]	\N	2023-08-17 06:31:14	2023-08-17 06:31:14
599	App\\Models\\User	115	Personal Access Token	7ef88b102aa03a2ac32aae4eedf503a16e478b95fe54ab2a47924f549ce50028	["*"]	\N	2023-08-17 07:01:13	2023-08-17 07:01:13
600	App\\Models\\User	115	Personal Access Token	83773fd8011d8c3b7c2d7d274fc910376b43b3b9ec9c14f382d6697da4adca99	["*"]	\N	2023-08-17 07:01:15	2023-08-17 07:01:15
601	App\\Models\\User	116	Personal Access Token	f9213911328856e24f1073535c5b9e239eee6bcae57313e2b914dc34b528c309	["*"]	\N	2023-08-17 07:03:55	2023-08-17 07:03:55
602	App\\Models\\User	116	Personal Access Token	67a7967ae876ac703c12d0a74dff671ee02f4ee5bf4e8d774fbe8bda808c4a50	["*"]	\N	2023-08-17 07:03:55	2023-08-17 07:03:55
603	App\\Models\\User	117	Personal Access Token	b7dfec48a13de4e686bb835eeb4c0d2b9b7cb01c0bc9910278114cdb031859f7	["*"]	\N	2023-08-17 07:12:46	2023-08-17 07:12:46
604	App\\Models\\User	117	Personal Access Token	85b68b1877658e9f0bb933a882e0a0161ddbf05583e2cf5cf3401f74297b79e9	["*"]	\N	2023-08-17 07:12:47	2023-08-17 07:12:47
605	App\\Models\\User	118	Personal Access Token	7515fe90dacfdba0f57801a6b592044caa934a85c54ae52381cad535afcd250a	["*"]	\N	2023-08-17 07:14:32	2023-08-17 07:14:32
606	App\\Models\\User	118	Personal Access Token	ed907d3f7ab72b88c3cd65dd1818510cf390d1e283b39a2c4257fd502041f4a5	["*"]	\N	2023-08-17 07:14:58	2023-08-17 07:14:58
607	App\\Models\\User	116	Personal Access Token	29c294404b182dacd4a205bb89d6bfac660ec9e28aed96e3bc9815eb0ff6d322	["*"]	\N	2023-08-17 07:15:02	2023-08-17 07:15:02
608	App\\Models\\User	116	Personal Access Token	b820c9977ad734f7e7bda3baaa0c67c997086ada8f7af9c9d326a346fc6b82ff	["*"]	\N	2023-08-17 07:15:03	2023-08-17 07:15:03
609	App\\Models\\User	118	Personal Access Token	f109c52765884cc5c2fafd5f75a993e661ecf204f53c88a5f38d59975c60cbaa	["*"]	\N	2023-08-17 07:15:59	2023-08-17 07:15:59
610	App\\Models\\User	54	Personal Access Token	2646cfb8f72382a35ef413ec80b637e6974808539cc966f87096ebf04c663b74	["*"]	\N	2023-08-17 07:16:18	2023-08-17 07:16:18
611	App\\Models\\User	118	Personal Access Token	ae35e571b18f81e5b036cf6a06bc871d522f711b38c065aaeaab5f52c651f422	["*"]	\N	2023-08-17 07:17:39	2023-08-17 07:17:39
612	App\\Models\\User	113	Personal Access Token	b288dd244f555d659089d0379d17d0c41672d85391cff9ba7f2b75904cbaf5e1	["*"]	\N	2023-08-17 07:22:42	2023-08-17 07:22:42
613	App\\Models\\User	54	Personal Access Token	ab40808de2fb2769483a2f9798dc010097cc7d5dd6470c8485f61479e6083d92	["*"]	\N	2023-08-17 07:54:24	2023-08-17 07:54:24
614	App\\Models\\User	54	Personal Access Token	cc1f6ae95fe9efc429d47b43574abbe5322e50ba12e3fe5b29461ba54ca40d2f	["*"]	\N	2023-08-17 10:16:39	2023-08-17 10:16:39
615	App\\Models\\User	54	Personal Access Token	9373d615763e09e5a688b4622a5861fea26352a95c9b44f0a8a42b3945324526	["*"]	\N	2023-08-17 10:18:53	2023-08-17 10:18:53
616	App\\Models\\User	119	Personal Access Token	f9769257b1b286312293b0c68711e38523c1726c1ed6f11f2b85421030067000	["*"]	\N	2023-08-17 10:36:35	2023-08-17 10:36:35
617	App\\Models\\User	119	Personal Access Token	ef25b4384590587ab3f07116b9035c0722092d00b75833fc3a91499acb19837f	["*"]	\N	2023-08-17 10:36:36	2023-08-17 10:36:36
618	App\\Models\\User	103	Personal Access Token	d335647930a8c05a25bd0e225143d5b2f5552f3565c40060ec9df1e8ed132989	["*"]	\N	2023-08-17 10:41:02	2023-08-17 10:41:02
619	App\\Models\\User	119	Personal Access Token	d95f7e4231fea4279fe904060ba45d1d4f92945a1652babf4a848da89712c128	["*"]	\N	2023-08-17 11:05:23	2023-08-17 11:05:23
620	App\\Models\\User	112	Personal Access Token	aa4d7be8d595d757dc0ded9430ff85b3362ad23ccf5502a8d728306087af6241	["*"]	\N	2023-08-17 11:14:24	2023-08-17 11:14:24
621	App\\Models\\User	54	Personal Access Token	10ac2ddfcab459f4a6ce0e00e0c20324142a151d817db8dc814d64a30c15cb3e	["*"]	\N	2023-08-17 11:18:58	2023-08-17 11:18:58
622	App\\Models\\User	54	Personal Access Token	ac02be3f49ecd3a1b0a4aa61a6e63a78a16201970f6b0eecf47acc71c0cca171	["*"]	\N	2023-08-17 11:20:43	2023-08-17 11:20:43
623	App\\Models\\User	54	Personal Access Token	3eb2c640926bc5e8c57de192f69c1eccc31d184636a0f34747ac5aa52f982122	["*"]	\N	2023-08-17 11:53:01	2023-08-17 11:53:01
624	App\\Models\\User	112	Personal Access Token	f6e35aa6794504d96f43eee67fdcdb2aa454fe931a3293609ca3b716ac274dbe	["*"]	\N	2023-08-17 12:28:08	2023-08-17 12:28:08
625	App\\Models\\User	54	Personal Access Token	76e46ba2cbd5aa3a8a593b1b253c9991175429141ee175a83f14c94b0fe3c3fe	["*"]	\N	2023-08-17 12:28:39	2023-08-17 12:28:39
626	App\\Models\\User	112	Personal Access Token	f84d09eae450e7b48da90de044948c9d4f0ee78a45a8f26140db41e69f8ba810	["*"]	\N	2023-08-17 13:08:24	2023-08-17 13:08:24
627	App\\Models\\User	112	Personal Access Token	e0c1b6329a7ca7e6a7a4bc2743300fda06ace973fd0b42f884db84ef24f09962	["*"]	\N	2023-08-17 13:10:37	2023-08-17 13:10:37
628	App\\Models\\User	112	Personal Access Token	d31145e1ad48a24c970f0b41f6c627a49149c1d499375d0c361c1ff5aa7a6910	["*"]	\N	2023-08-17 13:23:35	2023-08-17 13:23:35
629	App\\Models\\User	112	Personal Access Token	6bc4a34af58c57721a42187841b36a349be99e9b23a9a6285ee49b545e2c375f	["*"]	\N	2023-08-17 13:23:37	2023-08-17 13:23:37
630	App\\Models\\User	112	Personal Access Token	33b119cf0b8ad3eb64ccf463641fab27303f66a1e1d347dcf502530e36a6e411	["*"]	\N	2023-08-17 13:24:17	2023-08-17 13:24:17
631	App\\Models\\User	112	Personal Access Token	a8d0d0ccb4496ed9a2d132836105250e2cdd87fd6e24aa366b38c13798d49199	["*"]	\N	2023-08-17 13:28:17	2023-08-17 13:28:17
632	App\\Models\\User	69	Personal Access Token	ee7fe520acb690ece89e795b45471ad320ba9dc4b1647afdb064beee027ddad9	["*"]	\N	2023-08-17 13:34:26	2023-08-17 13:34:26
633	App\\Models\\User	54	Personal Access Token	5f03f971717261dbf4966c891f4d49d2be465b17683b2355d2d725961289cd85	["*"]	\N	2023-08-17 14:19:27	2023-08-17 14:19:27
634	App\\Models\\User	118	Personal Access Token	e377e157cb5091971c8745ae26ba0d05f6803a4d05d7366ab2875e7c5b0ccba3	["*"]	\N	2023-08-17 17:55:08	2023-08-17 17:55:08
635	App\\Models\\User	54	Personal Access Token	f5bf2662731cbf671b7dc7277a7a38c964d09820f1ee1243aec135079d53da7e	["*"]	\N	2023-08-17 18:02:13	2023-08-17 18:02:13
636	App\\Models\\User	54	Personal Access Token	c0dcda10f349a7cae38b1aeb18de490907db8575df773af4bb3bb5f0f8731a23	["*"]	\N	2023-08-17 19:01:24	2023-08-17 19:01:24
637	App\\Models\\User	54	Personal Access Token	35be350083250f174ee729e6ce502292c09122c6355249885acfa24008f1657e	["*"]	\N	2023-08-17 19:23:18	2023-08-17 19:23:18
638	App\\Models\\User	118	Personal Access Token	9cd79412c48500707d36d94f22177beb40c221137bbdbdf039ab452ae800d878	["*"]	\N	2023-08-17 21:31:00	2023-08-17 21:31:00
639	App\\Models\\User	112	Personal Access Token	bcd2e0b184bd6b1a6c7761b0dc409805b00c2c81a0a66b554084833874b91bba	["*"]	\N	2023-08-18 05:01:18	2023-08-18 05:01:18
640	App\\Models\\User	112	Personal Access Token	e3bd292273c16ebfdfe35c82e1757850538ad9116e5176a92bca97ea6cef616f	["*"]	\N	2023-08-18 05:23:18	2023-08-18 05:23:18
641	App\\Models\\User	112	Personal Access Token	2a1be2c2af9a6b74f3f7f87e3b54f8c72298957519c456cf98b5d3c9bb74719c	["*"]	\N	2023-08-18 05:26:30	2023-08-18 05:26:30
642	App\\Models\\User	54	Personal Access Token	9b14d1dbdfe663c51484373a48f1198226865f1667ba8115243f2a7d0e8b832d	["*"]	\N	2023-08-18 05:32:58	2023-08-18 05:32:58
643	App\\Models\\User	112	Personal Access Token	f72e87713c0710def85d48c2bb8e2385c60efe103236a203ed4e5190d290bf67	["*"]	\N	2023-08-18 05:35:32	2023-08-18 05:35:32
644	App\\Models\\User	112	Personal Access Token	a3eba81d398c05230da0e0c2eac4f55674bd50f809d9e95646a2f7c7dc8126c7	["*"]	\N	2023-08-18 05:53:58	2023-08-18 05:53:58
645	App\\Models\\User	112	Personal Access Token	50b58a7f99a6648c37c67f1ea568a60975835581c3c06aa1acf984a34a1511a5	["*"]	\N	2023-08-18 05:55:26	2023-08-18 05:55:26
646	App\\Models\\User	112	Personal Access Token	efc5d272a06589a2cc04cdcda10f2c1752efc6b5165db72a308768349377ccea	["*"]	\N	2023-08-18 05:56:23	2023-08-18 05:56:23
647	App\\Models\\User	112	Personal Access Token	0e0cae957d2765d264f4d6b89a96e138d293ee3da2015959f8665db663fd7773	["*"]	\N	2023-08-18 06:01:33	2023-08-18 06:01:33
648	App\\Models\\User	112	Personal Access Token	6cc66a0f1dbc5dbfbebac975b12537bba472ec5dfb4c0be2d021e15ffb703ad3	["*"]	\N	2023-08-18 06:02:52	2023-08-18 06:02:52
649	App\\Models\\User	112	Personal Access Token	f0626b5f7cc52889e4e82cc401fde8cbf02aaa7b40e2d2999c7ad4bda9531f3f	["*"]	\N	2023-08-18 06:05:29	2023-08-18 06:05:29
650	App\\Models\\User	112	Personal Access Token	3e391e715298c0d80bffc1a4508aa35d6fff18b8168fb91c436cb82a666067ca	["*"]	\N	2023-08-18 06:17:51	2023-08-18 06:17:51
651	App\\Models\\User	103	Personal Access Token	de5d9b97d913ed751619c3200d642a51cccfe8306532688db12cb476ce859a58	["*"]	\N	2023-08-18 06:38:05	2023-08-18 06:38:05
652	App\\Models\\User	77	Personal Access Token	c4ce2770f3ff7d2913db5588a90c906c349c7b049ea4b074545f951e74a6aac7	["*"]	\N	2023-08-18 06:39:51	2023-08-18 06:39:51
653	App\\Models\\User	77	Personal Access Token	a99b30840184735511200890994d5c99fbeb294ee5bbb12f6eada27e2acaf5d2	["*"]	\N	2023-08-18 06:42:12	2023-08-18 06:42:12
654	App\\Models\\User	120	Personal Access Token	4c521aee1070a0ad5f4987acd22ea8d680ce128961b14dbf2d4ce1e62eea492f	["*"]	\N	2023-08-18 06:49:24	2023-08-18 06:49:24
655	App\\Models\\User	120	Personal Access Token	7c6e0ee0cb1060fec2ca21ca3bc8d80947a3751d4b87046c49415efebfcb15ad	["*"]	\N	2023-08-18 06:49:24	2023-08-18 06:49:24
656	App\\Models\\User	120	Personal Access Token	a559e26c77232eb40f01f91714b908d7d72d0175610798f5b6182f4f238052db	["*"]	\N	2023-08-18 06:51:43	2023-08-18 06:51:43
657	App\\Models\\User	120	Personal Access Token	6679c1dc47a6209491be5ca77d403f46c9ebc0e2cc3ed9113840d1d2f9a86732	["*"]	\N	2023-08-18 06:51:44	2023-08-18 06:51:44
658	App\\Models\\User	112	Personal Access Token	6e1366a7ac9638d5232b4301b93157f3eb601bb9266218a497361d0419f9122d	["*"]	\N	2023-08-18 07:57:35	2023-08-18 07:57:35
659	App\\Models\\User	77	Personal Access Token	76f249ec0e91119f7a42946116f858d57dce76c44e033bfc484867e6ec958bf3	["*"]	\N	2023-08-18 08:06:32	2023-08-18 08:06:32
660	App\\Models\\User	103	Personal Access Token	993501a43191c8d12d4cc3b618e211062b9f4af6236e3e10c14908ba92e3f1bb	["*"]	\N	2023-08-18 09:21:18	2023-08-18 09:21:18
661	App\\Models\\User	77	Personal Access Token	26fd80ffc306a0a52b4a21ee8c4515808372309ca66a5a1c8242e259ae9a23be	["*"]	\N	2023-08-18 09:27:18	2023-08-18 09:27:18
662	App\\Models\\User	103	Personal Access Token	e5e057565b0123d9034d4daa32f98792ee8ea0e24f65aa11e22e79ab0c709bda	["*"]	\N	2023-08-18 09:28:02	2023-08-18 09:28:02
663	App\\Models\\User	103	Personal Access Token	0018666ce1135e05948a3f89cf9872c01515dfd698b630f3273cf88397a33fb1	["*"]	\N	2023-08-18 09:35:12	2023-08-18 09:35:12
664	App\\Models\\User	112	Personal Access Token	035c2a91b7bee93a8237e37421dc5655994418c95a871dc8ed714ec684bfb1e8	["*"]	\N	2023-08-18 09:38:52	2023-08-18 09:38:52
665	App\\Models\\User	54	Personal Access Token	145e7a5205d7d264545e2dc19e9d6a5e1f64cc085dbb0ac1e1b187f4ee00456f	["*"]	\N	2023-08-18 10:01:59	2023-08-18 10:01:59
666	App\\Models\\User	54	Personal Access Token	f43deefe1a49193e91edc9cb3eb15be013c694d0462e5e234deae9735584d48a	["*"]	\N	2023-08-18 10:39:14	2023-08-18 10:39:14
667	App\\Models\\User	121	Personal Access Token	61ec7348df3b7e61974e29997c6cd0a2466d1ee56ab5ab5d1ad83c59c3bf280a	["*"]	\N	2023-08-18 10:42:41	2023-08-18 10:42:41
668	App\\Models\\User	121	Personal Access Token	b21d344e668b44529c009aa3dd16742caf73076b82ad497cda352e0bb7b7a965	["*"]	\N	2023-08-18 10:42:42	2023-08-18 10:42:42
669	App\\Models\\User	112	Personal Access Token	39bdd33217d5b33052e65d5e5e2c56dc39f74946ae85827c581728a82f093971	["*"]	\N	2023-08-18 10:54:46	2023-08-18 10:54:46
670	App\\Models\\User	112	Personal Access Token	944de5393d6d0d65e3cf26513935efb2f9364a7be57c10bb13cd61fe0da362c1	["*"]	\N	2023-08-18 10:58:45	2023-08-18 10:58:45
671	App\\Models\\User	116	Personal Access Token	8786fd9cb07d4cf848c5acc63607b557a16ad2dcd41bf6eac848a93fe24030ef	["*"]	\N	2023-08-18 11:08:21	2023-08-18 11:08:21
672	App\\Models\\User	119	Personal Access Token	b8ef207e477a988ac5a276c1cfd254a13ee8606b625abc7199c188e8d42d9345	["*"]	\N	2023-08-18 11:11:28	2023-08-18 11:11:28
673	App\\Models\\User	112	Personal Access Token	c91d051a7b7801ef72556459f2c121d9fe368677edb3c4d95f6869367f70ada2	["*"]	\N	2023-08-18 11:43:48	2023-08-18 11:43:48
674	App\\Models\\User	118	Personal Access Token	777fb11004cb82e83a06dc1bdfdfaf1365e539978fc2744b05141dacc0ce5426	["*"]	\N	2023-08-18 11:43:49	2023-08-18 11:43:49
675	App\\Models\\User	112	Personal Access Token	be307647c9e5f9cdab9a53c91092caca991138cfca6e7593a7817a5fbd81545f	["*"]	\N	2023-08-18 11:46:58	2023-08-18 11:46:58
676	App\\Models\\User	112	Personal Access Token	5877ca93525d1c61e31ba29e383c50073cbb7628dc9a94e3718dbf36dff1b02c	["*"]	\N	2023-08-18 11:50:41	2023-08-18 11:50:41
677	App\\Models\\User	54	Personal Access Token	ce2f34077868631600147e8ff05ff8d2abdd4f85d23c953baa9d8d5f7c8181cc	["*"]	\N	2023-08-18 12:12:03	2023-08-18 12:12:03
678	App\\Models\\User	112	Personal Access Token	2202b91a0c2c551cc39a369a48468c661198d1a30bb91c5a0fa9190f8543aabc	["*"]	\N	2023-08-18 12:47:57	2023-08-18 12:47:57
679	App\\Models\\User	112	Personal Access Token	2345d0f0ea1e0ace131f73888fbf8c90eaa7f1165f3f1974f7a0fd538c3db81f	["*"]	\N	2023-08-18 12:49:21	2023-08-18 12:49:21
680	App\\Models\\User	112	Personal Access Token	bb5d063605b99d9ddedcad45b491ba194378c81be79fc560196146865ec46f4e	["*"]	\N	2023-08-18 13:59:47	2023-08-18 13:59:47
681	App\\Models\\User	118	Personal Access Token	a120d00aec16bf147e13db18c66ad954e6c006944d02d7af6ac712cdd3aabf61	["*"]	\N	2023-08-18 16:10:16	2023-08-18 16:10:16
682	App\\Models\\User	112	Personal Access Token	9af9d221c96ab07e02a7dcf9f21402dbeaaa80584b2e33eb9cc08d01f675d2d9	["*"]	\N	2023-08-18 19:11:26	2023-08-18 19:11:26
683	App\\Models\\User	108	Personal Access Token	baf0d8559c7368e7660800681792b73f65b571d9ba10ab9b62578651697a5054	["*"]	\N	2023-08-19 03:50:31	2023-08-19 03:50:31
684	App\\Models\\User	108	Personal Access Token	0b47369e0760cbacb019d2420e84416cb795c349460ed083e49abbdf41eb3ed3	["*"]	\N	2023-08-19 04:02:40	2023-08-19 04:02:40
685	App\\Models\\User	117	Personal Access Token	d93b7f3ad815688e1939343062dd75dadb69ba93da9b6ed18c842895b98c3a09	["*"]	\N	2023-08-19 04:59:07	2023-08-19 04:59:07
686	App\\Models\\User	119	Personal Access Token	23c5a41295f5a5d24d056739467d23909a94800ecd8be99570713e3844ddb72d	["*"]	\N	2023-08-19 05:13:50	2023-08-19 05:13:50
687	App\\Models\\User	69	Personal Access Token	6ceaca69478868e9c598598db58413f142df2db5e4a4f16f569a553f369eb734	["*"]	\N	2023-08-19 05:35:05	2023-08-19 05:35:05
688	App\\Models\\User	119	Personal Access Token	12394a6865bb97cc51ea2f6485089f99e1329f0470f216ac91b0b8a37421963e	["*"]	\N	2023-08-19 05:51:56	2023-08-19 05:51:56
689	App\\Models\\User	119	Personal Access Token	db6ef4f0672a75f5a61cc7f80055842728849b97d4f67aaf67f83ece769aeb68	["*"]	\N	2023-08-19 06:01:13	2023-08-19 06:01:13
690	App\\Models\\User	119	Personal Access Token	f3c2d460d1908311136828ffc694d046c236472b2cf282ef91c8096d6cef57ae	["*"]	\N	2023-08-19 06:09:46	2023-08-19 06:09:46
691	App\\Models\\User	119	Personal Access Token	e96b0bc9455e2686abb9865fc9f7bbee3b75883a69e0fb37fd51f94b348239c7	["*"]	\N	2023-08-19 06:21:10	2023-08-19 06:21:10
692	App\\Models\\User	119	Personal Access Token	7d62db42bdfad940e0672d5682d40487c6898ec3cecfd2ec85a6595e4de1a2e3	["*"]	\N	2023-08-19 06:27:37	2023-08-19 06:27:37
693	App\\Models\\User	119	Personal Access Token	85c4f0ad4df7074f444e92b66eec855185caa556d014d6a882fcff3a8e230163	["*"]	\N	2023-08-19 06:35:35	2023-08-19 06:35:35
694	App\\Models\\User	112	Personal Access Token	2a0abb8bb7e329031619109c6004ba9a5726ad5223923d12206ee1cdc9e7d295	["*"]	\N	2023-08-19 06:42:37	2023-08-19 06:42:37
695	App\\Models\\User	108	Personal Access Token	282a7d5add0830f1ac85e292f73caa70c944ed8601d4316487b7dddfb8260ff3	["*"]	\N	2023-08-19 06:57:43	2023-08-19 06:57:43
696	App\\Models\\User	55	Personal Access Token	6984d0958dcf1b46c246cffceec211b5bbfef0d571cabb4b3df7143dc6fe16bf	["*"]	\N	2023-08-19 07:36:07	2023-08-19 07:36:07
697	App\\Models\\User	77	Personal Access Token	d0a0dfe2cb3e9fb67d65f870d1c7110c1bfe11d9c8bd3c7508e68ff23aab5d85	["*"]	\N	2023-08-19 07:38:21	2023-08-19 07:38:21
698	App\\Models\\User	55	Personal Access Token	455c1f8a17272ebc57641924d7d3a8c19b21cb89eedd431572ca256aa9378e8e	["*"]	\N	2023-08-19 07:38:34	2023-08-19 07:38:34
699	App\\Models\\User	119	Personal Access Token	644497b9aa4e5e7929f6726e93f1e5bcf3c33895eb69c17bbd6c40640a6060d4	["*"]	\N	2023-08-19 07:43:26	2023-08-19 07:43:26
700	App\\Models\\User	119	Personal Access Token	9d94bd5de4c244d067b1e7adb93a6826db7804e2b5b51a8855e4a39cbc3c24d5	["*"]	\N	2023-08-19 07:45:48	2023-08-19 07:45:48
701	App\\Models\\User	108	Personal Access Token	58249529a3d5da37949dddfde499a8f1a4c915ba21fe3ee4582bb4fedc8e064d	["*"]	\N	2023-08-19 08:59:14	2023-08-19 08:59:14
702	App\\Models\\User	112	Personal Access Token	27aca3be292fd339d54db286d3697fbe65809cccfd82333ab40289addcfa6d00	["*"]	\N	2023-08-19 09:39:58	2023-08-19 09:39:58
703	App\\Models\\User	119	Personal Access Token	4532350a772cdcb8fb68b16720f24cf609e25dcf0468191f05fcffb46f2580d2	["*"]	\N	2023-08-19 10:04:40	2023-08-19 10:04:40
704	App\\Models\\User	119	Personal Access Token	5bd420c497e0de0341eb861569a695ad01e1b9b46a9635d2a9601ef17d3919e8	["*"]	\N	2023-08-19 10:15:39	2023-08-19 10:15:39
705	App\\Models\\User	119	Personal Access Token	7117b9c1c3c4b63e4b281ec161e8c51d0e771a027956e3a39d51c8fb3e0855d9	["*"]	\N	2023-08-19 10:24:09	2023-08-19 10:24:09
706	App\\Models\\User	69	Personal Access Token	8337e9eed928146ba7e55cb065eb5c5d8f9d651b0e9c76002a17ae98506980c5	["*"]	\N	2023-08-19 10:28:41	2023-08-19 10:28:41
707	App\\Models\\User	122	Personal Access Token	4d70728b45babc03c367982b9e675e9c27ff1b082978d94afe9f5aec01f51cb1	["*"]	\N	2023-08-19 10:33:08	2023-08-19 10:33:08
708	App\\Models\\User	122	Personal Access Token	053f04a5e5fdf9d40af746eb2d2201ef6724355c8a4ba45f5ee3570fef43ca6f	["*"]	\N	2023-08-19 10:33:08	2023-08-19 10:33:08
709	App\\Models\\User	119	Personal Access Token	a5f06895bdd3ef20c8fbbf8ecc8a46c143b08f29a7f0dbe34300976ef6ede291	["*"]	\N	2023-08-19 11:31:49	2023-08-19 11:31:49
710	App\\Models\\User	122	Personal Access Token	eadd42a8a735d8cbcb9333352cf588ddd3e02d091d32817f76050b24b81965d7	["*"]	\N	2023-08-19 12:57:39	2023-08-19 12:57:39
711	App\\Models\\User	119	Personal Access Token	16cab6d89d62b4145a1c4806be92f7d1fffc9ae0b8b525e194a861f26dc57fa7	["*"]	\N	2023-08-19 13:14:58	2023-08-19 13:14:58
712	App\\Models\\User	119	Personal Access Token	ac74b9a2266a7630f40e472e748cf4b1825698da06c338331c5dd3009fe4ab21	["*"]	\N	2023-08-19 13:19:04	2023-08-19 13:19:04
713	App\\Models\\User	119	Personal Access Token	c8e6fdb252ee646f25ff42c1141e650e630729cb6a6a086c919f08c3efae3847	["*"]	\N	2023-08-19 14:02:53	2023-08-19 14:02:53
714	App\\Models\\User	122	Personal Access Token	218dd8a676ca789a6b6670cdbc464fd698156317823f5ced365d1a0303cc886e	["*"]	\N	2023-08-19 14:58:23	2023-08-19 14:58:23
715	App\\Models\\User	118	Personal Access Token	e96697ea463dfbf30e7943131d4269354b781871e10c459301c51ec64acea043	["*"]	\N	2023-08-19 15:13:49	2023-08-19 15:13:49
716	App\\Models\\User	119	Personal Access Token	733fb5280abd64fc11898039e1475575ffa6ab92ac16b326114725eb2aac43de	["*"]	\N	2023-08-19 15:26:39	2023-08-19 15:26:39
717	App\\Models\\User	119	Personal Access Token	6736d7f2874ebe8e2f36b32dc1eb68d3daee97dc23cfbcf3122e445a0034b181	["*"]	\N	2023-08-19 15:31:20	2023-08-19 15:31:20
718	App\\Models\\User	119	Personal Access Token	873763a866c0199a40bc958e414bc70a011832b1e29f085a383417f3353d1a60	["*"]	\N	2023-08-19 15:37:30	2023-08-19 15:37:30
719	App\\Models\\User	69	Personal Access Token	1bd12116d80684bcf18b79d7753e1e92335bcb831a1e1e288375ec622fb7237d	["*"]	\N	2023-08-19 15:55:15	2023-08-19 15:55:15
720	App\\Models\\User	54	Personal Access Token	8e350c549538493390369c0fc9937929b10763d5f8035dc9a04c9abc2e4b4ee6	["*"]	\N	2023-08-19 16:01:10	2023-08-19 16:01:10
721	App\\Models\\User	119	Personal Access Token	06d08fb62c755d573cc754281431ab0bee10acb3d7c9aea98c12d8c9da18bfda	["*"]	\N	2023-08-19 16:08:19	2023-08-19 16:08:19
722	App\\Models\\User	118	Personal Access Token	c6f22403bf32e1f04b74d98c2f6c7352b6057b73a19dd78d9abdbee77d6c3902	["*"]	\N	2023-08-19 17:26:34	2023-08-19 17:26:34
723	App\\Models\\User	108	Personal Access Token	5085d1d4cc0593ce44a4f5a3c626fded5ed1ab5e4cca8d3d9db9e1baf5b963f1	["*"]	\N	2023-08-20 08:43:59	2023-08-20 08:43:59
724	App\\Models\\User	54	Personal Access Token	80047c00d483ed105ff2d2eb789653465f3401d8ce1f5be57e815387dce0bf6e	["*"]	\N	2023-08-20 08:44:39	2023-08-20 08:44:39
725	App\\Models\\User	54	Personal Access Token	8044f890d672faf08558f9e8c988f25f44913b43f5119b9dd7d2774a37977886	["*"]	\N	2023-08-20 08:47:11	2023-08-20 08:47:11
726	App\\Models\\User	103	Personal Access Token	5d4165a190d751ed4ff2ec5821a16f7c641882eebccd4145c969f343075f4abe	["*"]	\N	2023-08-21 05:22:15	2023-08-21 05:22:15
727	App\\Models\\User	119	Personal Access Token	645a7b5d8e6d49f07554cf13bbdae2835441cea8cf9a4a98b59c8705640478bc	["*"]	\N	2023-08-21 05:42:03	2023-08-21 05:42:03
728	App\\Models\\User	122	Personal Access Token	d0734c9970df900e2ef8d1f1b9e524f8af64697ff0cbd137ef017489791598cc	["*"]	\N	2023-08-21 06:13:24	2023-08-21 06:13:24
729	App\\Models\\User	123	Personal Access Token	bc8f9be6fed66702e735c9d5596ef052d67b982f2ce99ac7bd74e995c3deb41d	["*"]	\N	2023-08-21 06:57:13	2023-08-21 06:57:13
730	App\\Models\\User	123	Personal Access Token	1ebadefdc8e154078ac95a9b10191915052497784563270c8f203f3305b10783	["*"]	\N	2023-08-21 06:57:13	2023-08-21 06:57:13
731	App\\Models\\User	119	Personal Access Token	f4f757482e24a70e63fc17903e1925fd83c381bc1e8c81b660a16acca65eabd2	["*"]	\N	2023-08-21 06:58:11	2023-08-21 06:58:11
732	App\\Models\\User	124	Personal Access Token	714448f737f92ad14998eb43d4f0f6f0b91a35136a061dbe36ea22ea666a1085	["*"]	\N	2023-08-21 07:27:15	2023-08-21 07:27:15
733	App\\Models\\User	124	Personal Access Token	44854e73b255351aba9da0c8833d99b77cad445288c0bbb859913481f07ee1c7	["*"]	\N	2023-08-21 07:27:15	2023-08-21 07:27:15
734	App\\Models\\User	119	Personal Access Token	fa829e6d1d010598e58ead48f60947b2e0c4dcfc9161673ea6f12d2c95094294	["*"]	\N	2023-08-21 07:28:21	2023-08-21 07:28:21
735	App\\Models\\User	108	Personal Access Token	19bbdf50cee7757440fe614fb45ba3326041f26ea4ec3544b7badc14c593685f	["*"]	\N	2023-08-21 07:34:51	2023-08-21 07:34:51
736	App\\Models\\User	122	Personal Access Token	37c29266b90c3396a553c59f40075b3256cd247328b4ffc9110aaafbd80de79d	["*"]	\N	2023-08-21 07:43:01	2023-08-21 07:43:01
737	App\\Models\\User	119	Personal Access Token	ad86bf41f8236c57b39f5a83aa4a08b64c1d0b17a6cab18247f446c54caa9848	["*"]	\N	2023-08-21 07:46:48	2023-08-21 07:46:48
738	App\\Models\\User	119	Personal Access Token	feae07b8da21b82aa75235601025a2300a515f815d070a0464549a236ca0d0e8	["*"]	\N	2023-08-21 07:47:37	2023-08-21 07:47:37
739	App\\Models\\User	119	Personal Access Token	d2a26fb5fd4908d18d0ba02e2035afd1958eda113b02dfb8193ae233ad9719ff	["*"]	\N	2023-08-21 08:11:12	2023-08-21 08:11:12
740	App\\Models\\User	119	Personal Access Token	57be84f6ca79dc719b156f44f3ae83372f6c31907df52ca3d92685005512d9a6	["*"]	\N	2023-08-21 08:20:55	2023-08-21 08:20:55
741	App\\Models\\User	119	Personal Access Token	4bf3c47d6678aa2d1053b658622f6395512f247a9569c9232e3f11e770d5e60c	["*"]	\N	2023-08-21 08:22:13	2023-08-21 08:22:13
742	App\\Models\\User	122	Personal Access Token	5f9109083bfeffdbcdc3cb684b62599f075b80820cb450982e91cc6e63dcce09	["*"]	\N	2023-08-21 08:36:32	2023-08-21 08:36:32
743	App\\Models\\User	119	Personal Access Token	af1fe335644ba7e96f480f08563321dabf1d9ec0069a1ce0049533b8309404ac	["*"]	\N	2023-08-21 08:42:26	2023-08-21 08:42:26
744	App\\Models\\User	119	Personal Access Token	280215924437592b3ed6fd1eeee3bd31279fea2cbdf9c7554a2378e4457c6901	["*"]	\N	2023-08-21 08:59:51	2023-08-21 08:59:51
745	App\\Models\\User	119	Personal Access Token	819558d6e0f0b17757f27554e1cfff244d6f048207931853e35af6a118b307c4	["*"]	\N	2023-08-21 09:00:59	2023-08-21 09:00:59
746	App\\Models\\User	119	Personal Access Token	9ee84ace6594f7fa83e117eb771132c653750ac59a605c83558fe482d64cd58e	["*"]	\N	2023-08-21 09:18:55	2023-08-21 09:18:55
747	App\\Models\\User	119	Personal Access Token	04877fc03705c62ee2fc2d976ce6e3ab8ac316db1badd02bda1307dd20447569	["*"]	\N	2023-08-21 09:20:22	2023-08-21 09:20:22
748	App\\Models\\User	119	Personal Access Token	399337f9ff5154988fdfb996913a14ed53f56e73798b4007377842e431b51718	["*"]	\N	2023-08-21 09:25:26	2023-08-21 09:25:26
749	App\\Models\\User	119	Personal Access Token	116d51d5ca28058213bf0064acaa5a245662128656f838f9579b9b07895b79fd	["*"]	\N	2023-08-21 09:53:59	2023-08-21 09:53:59
750	App\\Models\\User	119	Personal Access Token	641925731f09ad123c9d2f39cf4b83cdc5ae6e26f198247a177d3064920388a1	["*"]	\N	2023-08-21 11:19:53	2023-08-21 11:19:53
751	App\\Models\\User	77	Personal Access Token	7ff210f3627abcfad19c0bd547536ab117b7a62f4d3b04587278c49fce8582f6	["*"]	\N	2023-08-21 11:31:38	2023-08-21 11:31:38
752	App\\Models\\User	108	Personal Access Token	2aefe03291968c843b7a1f082aa1d01d7d6af45a434a51bfbbebeebdbea0f907	["*"]	\N	2023-08-21 11:39:54	2023-08-21 11:39:54
753	App\\Models\\User	119	Personal Access Token	d1079dd33bc78fc84d119b9d91821a9044fb5dc12e8221cab8929cc78d76dce0	["*"]	\N	2023-08-21 11:43:29	2023-08-21 11:43:29
754	App\\Models\\User	69	Personal Access Token	cd67ef4c2588afa001f7bad7e10964250a3b2bd98d42d72169ec222ffdd4838c	["*"]	\N	2023-08-21 12:11:41	2023-08-21 12:11:41
755	App\\Models\\User	108	Personal Access Token	d2c66902538f80ac841167bfc50cc482e74a8c80fbe34ed150db97d254a80138	["*"]	\N	2023-08-21 12:14:48	2023-08-21 12:14:48
756	App\\Models\\User	108	Personal Access Token	3efd0c94d9318b7a0d81fc1a593d4f0b53480d62a7715f06437e3781516aeb43	["*"]	\N	2023-08-21 12:19:49	2023-08-21 12:19:49
757	App\\Models\\User	108	Personal Access Token	a0b1d29089db5d9e6fdf44e0795bf36a138248b79383f39e75c47523bd2eecdb	["*"]	\N	2023-08-21 12:45:51	2023-08-21 12:45:51
758	App\\Models\\User	119	Personal Access Token	4702c3af01f6a3c73531c0d99d8ba8270c74191e099677bf7e3f13032cf783c7	["*"]	\N	2023-08-21 13:10:21	2023-08-21 13:10:21
759	App\\Models\\User	54	Personal Access Token	83a3dc6b791dc357a2166b47ca2cd4bb3eb025fc34ce6b05e91d552b8d7de050	["*"]	\N	2023-08-21 14:00:44	2023-08-21 14:00:44
760	App\\Models\\User	54	Personal Access Token	22e5b3b4b2f478d23f7a2cd88bf597b6e1ed49815c984828e45cd251a705f46b	["*"]	\N	2023-08-21 14:02:39	2023-08-21 14:02:39
761	App\\Models\\User	119	Personal Access Token	55647e8abc00f4c12dd8927519175e881cc784d8329e7896ae92ca5ba0908e1d	["*"]	\N	2023-08-21 14:49:44	2023-08-21 14:49:44
762	App\\Models\\User	54	Personal Access Token	b5be1991cb3232ba0b3f0bc3044196ffde1dcd6097a7384a2bb56912f2a11237	["*"]	\N	2023-08-21 15:17:52	2023-08-21 15:17:52
763	App\\Models\\User	54	Personal Access Token	55b912ab4b0c016fad41e3b5c09cc5f56cdf4eb8751c8e1b0546aee5039ecfd5	["*"]	\N	2023-08-21 16:22:10	2023-08-21 16:22:10
764	App\\Models\\User	54	Personal Access Token	f1c287a5199f28815d67b1eb210eca5450ff521baa7108980bc062a5221dda08	["*"]	\N	2023-08-21 16:26:20	2023-08-21 16:26:20
765	App\\Models\\User	54	Personal Access Token	f674ac71b1063bd56087281f0fe174216962a618c0b60caba999f7d9ede36aa4	["*"]	\N	2023-08-21 16:41:34	2023-08-21 16:41:34
766	App\\Models\\User	54	Personal Access Token	dd13f88ccf53f070e3982b0811af676d78284c8d0a7cbea656af2caf50f79ad4	["*"]	\N	2023-08-21 16:52:03	2023-08-21 16:52:03
767	App\\Models\\User	54	Personal Access Token	35ef5cda85c695e494a20cd7cfa676f16f96fda28a73dfc89b25b8966437a373	["*"]	\N	2023-08-21 17:08:00	2023-08-21 17:08:00
768	App\\Models\\User	113	Personal Access Token	4dd969d08437b4ffce6958f48355793ed9e581a87169a774455fe294be32f13b	["*"]	\N	2023-08-22 04:15:20	2023-08-22 04:15:20
769	App\\Models\\User	118	Personal Access Token	d85b38df70ce8a6373848649191ca0ab4646931d3edf1edc90cfef4e3f7191b2	["*"]	\N	2023-08-22 04:22:51	2023-08-22 04:22:51
770	App\\Models\\User	114	Personal Access Token	b46f2182efe8b2084190d7af328c5a752a32216a1f13c708daa956b1e7eadb1e	["*"]	\N	2023-08-22 04:28:34	2023-08-22 04:28:34
771	App\\Models\\User	125	Personal Access Token	38d78579bceb6de07ef99a7d145e3f8c29f0ecd1ddefe3b1c7240dd84cc052dd	["*"]	\N	2023-08-22 04:29:43	2023-08-22 04:29:43
772	App\\Models\\User	125	Personal Access Token	8a69be259925d360b24c47c31839fb7710d2b1d6c719c7b54c04aacd18e1995e	["*"]	\N	2023-08-22 04:29:44	2023-08-22 04:29:44
773	App\\Models\\User	118	Personal Access Token	17d2806d2261c997ae796239e23f1451639395ab04343d1d46fb5ecc606b298c	["*"]	\N	2023-08-22 04:30:28	2023-08-22 04:30:28
774	App\\Models\\User	108	Personal Access Token	0b9dbc1ee7343e82b840f7c9159379086f94a265711fed826206ca16267860ca	["*"]	\N	2023-08-22 04:34:01	2023-08-22 04:34:01
775	App\\Models\\User	69	Personal Access Token	3b79b99300854a57f6f3bd65feb504e4f6d3a654fc662908d1ad2cb7c3646e63	["*"]	\N	2023-08-22 04:40:17	2023-08-22 04:40:17
776	App\\Models\\User	108	Personal Access Token	f612f3d40423d5535049050e03be3877f19b16d9e7c3f0cdf3e6def6aaa1be01	["*"]	\N	2023-08-22 04:42:16	2023-08-22 04:42:16
777	App\\Models\\User	95	Personal Access Token	bc780436229f24b982256dfc83f71dbd83690d703fafa88c5750d374eb80b3df	["*"]	\N	2023-08-22 04:59:21	2023-08-22 04:59:21
778	App\\Models\\User	119	Personal Access Token	31957d88a5e6692ace4e040c3e39ec725bbf4d60534ec469bb4274167b15cdf9	["*"]	\N	2023-08-22 05:00:36	2023-08-22 05:00:36
779	App\\Models\\User	119	Personal Access Token	fa8aa178163a13fa464c747c2d96776c4efb0066e2527437f0ff7f2ab0787423	["*"]	\N	2023-08-22 05:12:04	2023-08-22 05:12:04
780	App\\Models\\User	126	Personal Access Token	b62a4dade1abbaff80f8014fe26d00369fc93f48b18f97480fa13ae50d00a322	["*"]	\N	2023-08-22 05:15:31	2023-08-22 05:15:31
781	App\\Models\\User	92	Personal Access Token	4772227b9f05fbae921efacb294de99f9504224769249ad807efcb72597ccd03	["*"]	\N	2023-08-22 05:20:41	2023-08-22 05:20:41
782	App\\Models\\User	119	Personal Access Token	79df5cda910468f04a7685ecba44b3f1c55f39833044d08de40f8b8e9e50e43c	["*"]	\N	2023-08-22 05:21:54	2023-08-22 05:21:54
783	App\\Models\\User	127	Personal Access Token	29eb7840bba35d7e328f625b8b995ef0d3fbb45afe8ddcdabb9e6e26e103c874	["*"]	\N	2023-08-22 05:27:18	2023-08-22 05:27:18
784	App\\Models\\User	54	Personal Access Token	a1ffd7e623669f441bce583f314f1e1ceffee89a5f65ba1dc1a20ce409efbfb8	["*"]	\N	2023-08-22 05:29:19	2023-08-22 05:29:19
785	App\\Models\\User	119	Personal Access Token	337318e2269f8350e732ae4c73022cc86eea54e4715543636c1a32fb85639a60	["*"]	\N	2023-08-22 05:29:32	2023-08-22 05:29:32
786	App\\Models\\User	115	Personal Access Token	0c54902c9e9c09169215b37350427f89a68c079beadf5b5c958a7547014d5fa1	["*"]	\N	2023-08-22 05:32:05	2023-08-22 05:32:05
787	App\\Models\\User	127	Personal Access Token	81de9278c8b9283aa6a3b7588091b289154a3fb9e1b00828ef5d37d7f9a4514a	["*"]	\N	2023-08-22 05:32:12	2023-08-22 05:32:12
788	App\\Models\\User	118	Personal Access Token	cbfd48d594b03167fea42cd1528a7edf16ba6d2e990448a295047ce33a683485	["*"]	\N	2023-08-22 05:49:28	2023-08-22 05:49:28
789	App\\Models\\User	77	Personal Access Token	6701e7d2da451bdb5da6989351879f1b73ad507ea7fd54a54ad2787927cb1304	["*"]	\N	2023-08-22 06:05:45	2023-08-22 06:05:45
790	App\\Models\\User	54	Personal Access Token	71b5e7a83ba7741e9ce575ef75acba386e38dd7053b77523d0201099f6e50082	["*"]	\N	2023-08-22 06:24:45	2023-08-22 06:24:45
791	App\\Models\\User	128	Personal Access Token	f13b9b4e10038c23926a4553c58daffbce6d33739f1a19b31e1de6bbbac330e8	["*"]	\N	2023-08-22 06:25:08	2023-08-22 06:25:08
792	App\\Models\\User	128	Personal Access Token	b9d5289bc25ceb539e14d34a6d68090ae5ffca0a1558aff60f9482a2b1c48cf3	["*"]	\N	2023-08-22 06:25:09	2023-08-22 06:25:09
793	App\\Models\\User	128	Personal Access Token	7347eb2606223a91640e5cb152059b3069d4662f930e7e1627c1c61827952212	["*"]	\N	2023-08-22 06:28:12	2023-08-22 06:28:12
794	App\\Models\\User	77	Personal Access Token	01fbd7d0f5017dcac520ccbf586febb29a3b4a95ead89559db59f3de06f83c8b	["*"]	\N	2023-08-22 06:29:50	2023-08-22 06:29:50
795	App\\Models\\User	119	Personal Access Token	db0f56c5bc7c2a4864c35915c678ed4e0b72e715e5626024c8a1f489024b60ea	["*"]	\N	2023-08-22 06:31:02	2023-08-22 06:31:02
796	App\\Models\\User	128	Personal Access Token	6f6a236c94e642f2e1f59ce0fc8b477d946bef053f4cad6ec15dde31b218daf7	["*"]	\N	2023-08-22 06:32:33	2023-08-22 06:32:33
797	App\\Models\\User	119	Personal Access Token	f30747a05fac3f0102d9cdee575115bddab229561533665dd78f08257dd2ee7d	["*"]	\N	2023-08-22 06:36:14	2023-08-22 06:36:14
798	App\\Models\\User	119	Personal Access Token	733702af542f78dc8aebf80f97744af2a09c6265e72e4b3b86e27c8945a44060	["*"]	\N	2023-08-22 06:37:13	2023-08-22 06:37:13
799	App\\Models\\User	123	Personal Access Token	585d7c70e3be70abb472eea10da147ca122ea562c619770caa396a11cd0ef98c	["*"]	\N	2023-08-22 06:38:37	2023-08-22 06:38:37
800	App\\Models\\User	119	Personal Access Token	22474c0820e9f7ddf904d0c1d6852bc301f8b1a667f98afc1c2473937e263a27	["*"]	\N	2023-08-22 06:40:47	2023-08-22 06:40:47
801	App\\Models\\User	128	Personal Access Token	edf52efff7c4878a779cd031e70d933e3c95e915443ac8b647764d8a3a43bbd4	["*"]	\N	2023-08-22 06:48:36	2023-08-22 06:48:36
802	App\\Models\\User	69	Personal Access Token	956f6c234e4c9c98d876c9c97f5dbc16868c98ebb14dff196f6a12d1376d3866	["*"]	\N	2023-08-22 06:53:12	2023-08-22 06:53:12
803	App\\Models\\User	123	Personal Access Token	8136bc660a156d27cfcbebbc3cdabc66124badaf82336c18f9f859a6f4dccf5d	["*"]	\N	2023-08-22 06:54:11	2023-08-22 06:54:11
804	App\\Models\\User	128	Personal Access Token	ad8d26b070539fe4e33322fc6027804a0e268105b888cc7144863fe7b3ae81bd	["*"]	\N	2023-08-22 06:54:26	2023-08-22 06:54:26
805	App\\Models\\User	77	Personal Access Token	ab07d8fbb426ce6ffd23f19c6e7a4f5421c9f6455246655ac68f99e9a658bb0e	["*"]	\N	2023-08-22 06:56:04	2023-08-22 06:56:04
806	App\\Models\\User	129	Personal Access Token	11f8eaa7e7ffae0ac6736eb71d90705594c3c850d8e8e17f2e415fd2c9272fec	["*"]	\N	2023-08-22 07:05:58	2023-08-22 07:05:58
807	App\\Models\\User	129	Personal Access Token	d929edabbb45cbc9dcdb087b6c3362357c89eb8a91241fa2a12085b09469145b	["*"]	\N	2023-08-22 07:06:17	2023-08-22 07:06:17
808	App\\Models\\User	119	Personal Access Token	fefd39a8b7e5c4bf0e484a48bf7627886990800158eb2049ae656f122dc5ac2f	["*"]	\N	2023-08-22 07:16:00	2023-08-22 07:16:00
809	App\\Models\\User	95	Personal Access Token	144f75d2a8ee8269de9254c4840561865857a6ffc081bea825ee0839afcdd61b	["*"]	\N	2023-08-22 07:19:33	2023-08-22 07:19:33
810	App\\Models\\User	130	Personal Access Token	9cdaa7b450500950b78808c2fafe20ca433ca8fbe7b4547630d6234bc72306b1	["*"]	\N	2023-08-22 07:24:47	2023-08-22 07:24:47
811	App\\Models\\User	130	Personal Access Token	e1c4addd485d8552f97a7c8940fb847595b5c5edf874dbe35ca0dec45e8a7e62	["*"]	\N	2023-08-22 07:24:48	2023-08-22 07:24:48
812	App\\Models\\User	130	Personal Access Token	5acc224dc8bc334f29c1d0afcf355e764301aa77c89de3b3b54373b00cf28b0c	["*"]	\N	2023-08-22 07:25:56	2023-08-22 07:25:56
813	App\\Models\\User	128	Personal Access Token	f5acea5996dcaa7f8fa38be85d031b41c7e777c6d768a6aff6fdab0309bfcfa0	["*"]	\N	2023-08-22 07:41:36	2023-08-22 07:41:36
814	App\\Models\\User	95	Personal Access Token	4c2e3a0f085016d3fd8ef9a4f5426c16693a71a6078f9c7dc29c7c9322ec42f9	["*"]	\N	2023-08-22 07:41:53	2023-08-22 07:41:53
815	App\\Models\\User	123	Personal Access Token	5e6055829df5361e011fcfca724324221a8a1718f346894ea6e52200e3c8aaaf	["*"]	\N	2023-08-22 07:45:27	2023-08-22 07:45:27
816	App\\Models\\User	119	Personal Access Token	f1d4274c2eac4488ee44fcb6b23770f1b9656c701fd0023cab051f65de269d25	["*"]	\N	2023-08-22 07:56:14	2023-08-22 07:56:14
817	App\\Models\\User	123	Personal Access Token	e02fa9ef9f128a9c97d77c2ea790fd7f6f1b5e364c37b236be3d784335918ede	["*"]	\N	2023-08-22 07:56:29	2023-08-22 07:56:29
818	App\\Models\\User	126	Personal Access Token	256dc24826f9920eaf02ca732138fdb4a4ed028874612bea8ae51d9ddcbbcf4a	["*"]	\N	2023-08-22 07:56:50	2023-08-22 07:56:50
819	App\\Models\\User	126	Personal Access Token	1b3196e04d43932fcaa9208e6e2c18c757cf8749df55827d9d6d5311573e7abc	["*"]	\N	2023-08-22 07:57:12	2023-08-22 07:57:12
820	App\\Models\\User	119	Personal Access Token	4018cc83b505e6757e7753f7b800b9730ff4fec0002632b04a9ec6daec95582b	["*"]	\N	2023-08-22 08:02:10	2023-08-22 08:02:10
821	App\\Models\\User	108	Personal Access Token	8dd4e7fc8a774e2dcc6b378e1a3b30850c6ac12afaa180f65d29606f39853d6a	["*"]	\N	2023-08-22 08:06:28	2023-08-22 08:06:28
822	App\\Models\\User	119	Personal Access Token	f9e399c155c716550092c12e5c54dfa35b3a2e18fbfa40215250aa1bd153b650	["*"]	\N	2023-08-22 08:10:10	2023-08-22 08:10:10
823	App\\Models\\User	103	Personal Access Token	d1a6e8854e7e176be6c312794cc3f7981837a77982e17ba96e2965658c9afe3e	["*"]	\N	2023-08-22 08:14:19	2023-08-22 08:14:19
824	App\\Models\\User	130	Personal Access Token	04666262e8ebc7a9332a960f4936e8403fbcd11bf993c704feb4b55f4c29a384	["*"]	\N	2023-08-22 08:40:33	2023-08-22 08:40:33
825	App\\Models\\User	108	Personal Access Token	51d1c108112022a0ef0e4bb6bb05150776b8267f3f2e620fe331dc2f26886458	["*"]	\N	2023-08-22 09:25:39	2023-08-22 09:25:39
826	App\\Models\\User	114	Personal Access Token	6d7097baf721da5adff0b497c9767dc0689aaae1092f2754e53db3255adcb4bf	["*"]	\N	2023-08-22 09:26:01	2023-08-22 09:26:01
827	App\\Models\\User	115	Personal Access Token	d48024249d02eb262438bf836aae0afb87e33ed1cfa7c871afe2a1e3dd7ba8d3	["*"]	\N	2023-08-22 09:26:18	2023-08-22 09:26:18
828	App\\Models\\User	119	Personal Access Token	23e8425a8aa82a506a7b36b4e8effb3f4866f535851e00a2c9ad89dc2cb78983	["*"]	\N	2023-08-22 09:28:02	2023-08-22 09:28:02
829	App\\Models\\User	131	Personal Access Token	82e282f97cb5e115941ec159790e12db183debc97d2dd9e02e0f0a34dd4c9bdd	["*"]	\N	2023-08-22 09:29:00	2023-08-22 09:29:00
830	App\\Models\\User	131	Personal Access Token	8670cacf5bf29e871d266ab9e7ecd0d2238c14b82000826fdb87ceef2894a2e0	["*"]	\N	2023-08-22 09:29:13	2023-08-22 09:29:13
831	App\\Models\\User	131	Personal Access Token	c7d99bfa88e2386beb17297243c12aaf399db32b4278709f30c4383255abd76b	["*"]	\N	2023-08-22 09:31:19	2023-08-22 09:31:19
832	App\\Models\\User	54	Personal Access Token	6627a74403f89be052246b0ac8911fa0244a89994faa68082a3993927539e764	["*"]	\N	2023-08-22 09:33:12	2023-08-22 09:33:12
833	App\\Models\\User	119	Personal Access Token	4041dd5aa8f28e5e09a410103f103feee8e883347e020caa73e0d4e678fe1bbb	["*"]	\N	2023-08-22 09:40:54	2023-08-22 09:40:54
834	App\\Models\\User	74	Personal Access Token	468c4136ad831defc4ff4921fdb4b6a2cde6dded4036682c8a7dac5385b324c4	["*"]	\N	2023-08-22 09:51:25	2023-08-22 09:51:25
835	App\\Models\\User	132	Personal Access Token	bba7d1c886effa8eaffea1de207ddf8b76ce09666597a3e6e5181dbb6ad26d0f	["*"]	\N	2023-08-22 10:20:24	2023-08-22 10:20:24
836	App\\Models\\User	89	Personal Access Token	15f0a5983518b0e091dfa576e2a6c76f29fe3edfbd17ac4521a04afe0c9d5a50	["*"]	\N	2023-08-22 10:23:57	2023-08-22 10:23:57
837	App\\Models\\User	89	Personal Access Token	cb34119e8b78edd984721e366af2dcda8d36514e31147f2f85fad0fa426ad9b0	["*"]	\N	2023-08-22 10:27:31	2023-08-22 10:27:31
838	App\\Models\\User	89	Personal Access Token	e8ad29b93911a7c544a90627132984e3094b5ad6bec0940d6fc2eed26c0e3010	["*"]	\N	2023-08-22 10:28:06	2023-08-22 10:28:06
839	App\\Models\\User	132	Personal Access Token	0c8b83a3d79d774106723eceb9436631195301c0e51d671b1382a0518a5b4d3d	["*"]	\N	2023-08-22 10:29:08	2023-08-22 10:29:08
840	App\\Models\\User	132	Personal Access Token	abde3f39e73f7417efe123c608b26c3062507c41b98e4888529ec21c5eac1b70	["*"]	\N	2023-08-22 10:30:45	2023-08-22 10:30:45
841	App\\Models\\User	132	Personal Access Token	12f536519f68c8074fbbd3589b37f6f8050833c43d078cd18b17250bfceb3cb3	["*"]	\N	2023-08-22 10:31:08	2023-08-22 10:31:08
842	App\\Models\\User	132	Personal Access Token	a923aa265ecaafb6a87ccd0bbda246192ff7dd4a45970c45c9df549111affceb	["*"]	\N	2023-08-22 10:32:03	2023-08-22 10:32:03
843	App\\Models\\User	54	Personal Access Token	cb55e311d4e4e7e40ec8ad42f10d33ece9429de444dc1c875e931da0c4f2ffbf	["*"]	\N	2023-08-22 10:35:00	2023-08-22 10:35:00
844	App\\Models\\User	132	Personal Access Token	5268821fbe84018e49beb65ca9fb731886bd49d042299b7ede14e6b244230256	["*"]	\N	2023-08-22 10:39:34	2023-08-22 10:39:34
845	App\\Models\\User	133	Personal Access Token	da97abe9e33fd8670e877312cebdf67595e4cab6ce21b99d250a53331bb1013b	["*"]	\N	2023-08-22 10:39:57	2023-08-22 10:39:57
846	App\\Models\\User	133	Personal Access Token	a7f2596131957f71e2927f20dad4228d3e17b0562f338b076a469103597d2e06	["*"]	\N	2023-08-22 10:40:18	2023-08-22 10:40:18
847	App\\Models\\User	54	Personal Access Token	7f0212fcc68b359973a169365e1679495724a5a6c67abe59fca63753e168747a	["*"]	\N	2023-08-22 10:40:54	2023-08-22 10:40:54
848	App\\Models\\User	134	Personal Access Token	e18cabe8fec65d1a5449b73622df5addfc86c06d0515f003dff6b49feb659857	["*"]	\N	2023-08-22 10:41:40	2023-08-22 10:41:40
849	App\\Models\\User	123	Personal Access Token	37ba56577ed619755c7f7ea46571e8f9c9771d07a35465050ca70c87d823d5a0	["*"]	\N	2023-08-22 10:42:34	2023-08-22 10:42:34
850	App\\Models\\User	123	Personal Access Token	5539f5a0eb02c3ed203eae48bf443c0e5f9b15e4a3826af23aacddeb52db76e7	["*"]	\N	2023-08-22 10:42:58	2023-08-22 10:42:58
851	App\\Models\\User	69	Personal Access Token	782d045ea643bd51d0c85698de24a3976f39b0502f334915ed41bdf53e6066ca	["*"]	\N	2023-08-22 10:43:14	2023-08-22 10:43:14
852	App\\Models\\User	54	Personal Access Token	90d74a77e63374eaad7e769400daf0d80ec685a2fffa7c63482e0adf1313d8b2	["*"]	\N	2023-08-22 10:43:55	2023-08-22 10:43:55
853	App\\Models\\User	123	Personal Access Token	dc8e14287622b713acd1f28fc7eb7cf8ecc8dd2e19345ce9a45d86792ea8f743	["*"]	\N	2023-08-22 10:44:00	2023-08-22 10:44:00
854	App\\Models\\User	119	Personal Access Token	9fd8400c0efbe9b482ca949dc5652f4e1f901f86d511f8f1eaadf635a0a7792b	["*"]	\N	2023-08-22 10:45:13	2023-08-22 10:45:13
855	App\\Models\\User	54	Personal Access Token	f069b138fe2bd65fed986ec5f05b5313c384c7da3624466c68d399414a0511f4	["*"]	\N	2023-08-22 10:51:42	2023-08-22 10:51:42
856	App\\Models\\User	135	Personal Access Token	12467475a0dc371e7b5b027d3caa80b13531121c61c11bd6b048f19b0afbfdba	["*"]	\N	2023-08-22 10:52:30	2023-08-22 10:52:30
857	App\\Models\\User	135	Personal Access Token	6fb03b4e2f9b2bfa3c3ec4c604fdb3c8279f55dc40381a8149392cdca94dc771	["*"]	\N	2023-08-22 10:52:30	2023-08-22 10:52:30
858	App\\Models\\User	123	Personal Access Token	5f800addd27736ca4605fa767e190ee2dbb2e024f1dab1c7e466b1fc258cf9b8	["*"]	\N	2023-08-22 10:55:59	2023-08-22 10:55:59
859	App\\Models\\User	123	Personal Access Token	40432c8d0a3dac10a93dac7079bb5265df08d613d3f3520a690040ebf22f3b5e	["*"]	\N	2023-08-22 10:56:00	2023-08-22 10:56:00
860	App\\Models\\User	126	Personal Access Token	e800e42c941ecac239790d4252cde74f4386798f1c24b7ee681af8993dc343fd	["*"]	\N	2023-08-22 10:56:41	2023-08-22 10:56:41
861	App\\Models\\User	126	Personal Access Token	01e20b15e852d6f553ec2c8d6c0ffe01312a8670d639b08e6514f7f34e772836	["*"]	\N	2023-08-22 10:57:07	2023-08-22 10:57:07
862	App\\Models\\User	123	Personal Access Token	2705f4861b8684e374d354b3c8f5103186f1f544574b3649e2a067eb9b85ca48	["*"]	\N	2023-08-22 10:59:27	2023-08-22 10:59:27
863	App\\Models\\User	123	Personal Access Token	dbab086f7c180c40962397a0f7a496648a584f85c9237c15caf3dbbfa0ba9d8f	["*"]	\N	2023-08-22 10:59:32	2023-08-22 10:59:32
864	App\\Models\\User	126	Personal Access Token	9b073f379209c82bf4745bfbe1738120492371d92ca119670df9a3505d509d4c	["*"]	\N	2023-08-22 11:00:42	2023-08-22 11:00:42
865	App\\Models\\User	126	Personal Access Token	122907a596a4a1489b158a80883d2e1ec1f22df4c07f9df8a51c417cc8faa7ab	["*"]	\N	2023-08-22 11:00:55	2023-08-22 11:00:55
866	App\\Models\\User	123	Personal Access Token	b503c10e72d6ebaa700ed901ecc82bca362dd19545af5604a5e9d52122176436	["*"]	\N	2023-08-22 11:05:49	2023-08-22 11:05:49
867	App\\Models\\User	119	Personal Access Token	e37567d4157d59ef0b413f9554b229b70aa4015251c56a7e29bd748ed7d9e214	["*"]	\N	2023-08-22 11:08:45	2023-08-22 11:08:45
868	App\\Models\\User	77	Personal Access Token	b1f5eeabe07dc6fd7c927c4d0078036453fbe5822ed3b393833d1fd8de5c1e68	["*"]	\N	2023-08-22 11:10:34	2023-08-22 11:10:34
869	App\\Models\\User	119	Personal Access Token	0577b66fdd5a874299794cd00e0b1c89bfc276ca0b566a6ea36de5f313822e82	["*"]	\N	2023-08-22 11:21:47	2023-08-22 11:21:47
870	App\\Models\\User	126	Personal Access Token	76f98de792e129d73a30690aa2e0560e30928f175abb22ae0fccfb65f8148351	["*"]	\N	2023-08-22 11:24:10	2023-08-22 11:24:10
871	App\\Models\\User	119	Personal Access Token	2df0f4a229e0052bfb6277fdbcbafe9fbf5a70688ea4aa10c4f39ec6f06824dc	["*"]	\N	2023-08-22 11:34:38	2023-08-22 11:34:38
872	App\\Models\\User	136	Personal Access Token	2cc27713b53f5ad6c044c614cdc37a8c7417595e5179979aee777337c069c6f1	["*"]	\N	2023-08-22 11:37:38	2023-08-22 11:37:38
873	App\\Models\\User	136	Personal Access Token	fadf954be3e0e5e04e89c8e01b897e3594f2fe511f12bf0a695927a0b85163ec	["*"]	\N	2023-08-22 11:38:01	2023-08-22 11:38:01
874	App\\Models\\User	119	Personal Access Token	7c4257e414628942024f58b310f837aa363b7975471e2ea2847faac849a45576	["*"]	\N	2023-08-22 11:39:52	2023-08-22 11:39:52
875	App\\Models\\User	77	Personal Access Token	9f05e692d35aee9e90049e510c996c300122cf49c0b68be0514f473b3be6080f	["*"]	\N	2023-08-22 12:11:17	2023-08-22 12:11:17
876	App\\Models\\User	119	Personal Access Token	23fd231b51453e14c1c88610bf469fc3efe8fef18b7468f40bde090da88f8c78	["*"]	\N	2023-08-22 12:12:45	2023-08-22 12:12:45
877	App\\Models\\User	119	Personal Access Token	9279ad092d116b5765c36518db2326f3c18eb4ec7ef24b60438178468a35f386	["*"]	\N	2023-08-22 12:13:31	2023-08-22 12:13:31
878	App\\Models\\User	89	Personal Access Token	56cdad52560488efbdb5fff38027b619d06fd618199c6164b7253ee00fbad10b	["*"]	\N	2023-08-22 12:20:17	2023-08-22 12:20:17
879	App\\Models\\User	119	Personal Access Token	11e592ac0b6301e75053b0c1c9f491d9c54fa6086a385879e279f56a0b14dd5c	["*"]	\N	2023-08-22 12:27:02	2023-08-22 12:27:02
880	App\\Models\\User	77	Personal Access Token	26d54fced02fe4375563ec62653abf17fdb4385272a814132a29e4c44349c87d	["*"]	\N	2023-08-22 12:30:50	2023-08-22 12:30:50
881	App\\Models\\User	130	Personal Access Token	c0a16b0d568eadb1a74762ffbad6066b1ee47a568461f3ed18acb131ee970fc4	["*"]	\N	2023-08-22 12:49:24	2023-08-22 12:49:24
882	App\\Models\\User	130	Personal Access Token	3a7310b31a72159e94cb40ad528dbf3020c75e80ac145cfca7c83923259e2fdf	["*"]	\N	2023-08-22 13:07:03	2023-08-22 13:07:03
883	App\\Models\\User	119	Personal Access Token	04f2da934d4217c49ba5b0b17e36b5f62be40bff944f417ce85cbcee57ab69bb	["*"]	\N	2023-08-22 13:07:20	2023-08-22 13:07:20
884	App\\Models\\User	130	Personal Access Token	64ba13781d1da97c62e3f33933439c44b1d12ccd1818a073ef70ec322d5d55ce	["*"]	\N	2023-08-22 13:17:48	2023-08-22 13:17:48
885	App\\Models\\User	130	Personal Access Token	9ca3a8dc86b4ed3d2f92c10ec977dabff082f9076d375e64034fac7af87cb0f2	["*"]	\N	2023-08-22 13:26:40	2023-08-22 13:26:40
886	App\\Models\\User	119	Personal Access Token	5b171bd08d009ab58100a49a34943716ff13f8c3031ed6600f593aad4a13255a	["*"]	\N	2023-08-22 13:37:59	2023-08-22 13:37:59
887	App\\Models\\User	54	Personal Access Token	e4f745233fc378b13adf03e0df38e114b3f6e366720a34c58e6f71585cec1688	["*"]	\N	2023-08-22 13:49:02	2023-08-22 13:49:02
888	App\\Models\\User	54	Personal Access Token	008da24dc131e195583327e5992fcc61e1ccc2f5ca7919a77b112648fc344327	["*"]	\N	2023-08-22 13:56:25	2023-08-22 13:56:25
889	App\\Models\\User	77	Personal Access Token	ee31b73a2ee7b8016b6cbdc40d563582fbc2015f65c9e82514892570d056a1f8	["*"]	\N	2023-08-22 14:00:34	2023-08-22 14:00:34
890	App\\Models\\User	119	Personal Access Token	171bc22898a9e036d218c92d1f91ee64f92655e2de2293b1b9660478173c9577	["*"]	\N	2023-08-23 05:12:18	2023-08-23 05:12:18
891	App\\Models\\User	54	Personal Access Token	37bd665ecd9f6df25670820ca7b4e5fc1b9a9719bbfb5cb6199f04c18d8fa02c	["*"]	\N	2023-08-23 05:24:31	2023-08-23 05:24:31
892	App\\Models\\User	54	Personal Access Token	a6bc14f3e5fdaaa8a91b03198ab38b3ed6e6eca22f3e26c323749d7044715bd2	["*"]	\N	2023-08-23 05:28:14	2023-08-23 05:28:14
893	App\\Models\\User	119	Personal Access Token	210acb644cec861f70fa6a845d7da14c0c251b9bc112b6c61991c2dcd731fbce	["*"]	\N	2023-08-23 05:32:35	2023-08-23 05:32:35
894	App\\Models\\User	54	Personal Access Token	b87fa1fc991c53f5cba634326b1980cc25ee9958a10104c3a17d4f4b5ec06969	["*"]	\N	2023-08-23 05:36:58	2023-08-23 05:36:58
895	App\\Models\\User	54	Personal Access Token	75f49f8542758642580c64727b7483f61c31ba0ec3a00a30994d2a459a2c3073	["*"]	\N	2023-08-23 05:39:33	2023-08-23 05:39:33
896	App\\Models\\User	119	Personal Access Token	a83df43ed421aa258c2eb70ca5811fa0e20bcb2f9df5b2b2a685af29967b9958	["*"]	\N	2023-08-23 05:40:33	2023-08-23 05:40:33
897	App\\Models\\User	54	Personal Access Token	9fff20eb93db041be4bca25d9c596cbcc43bf2bec07c25c782dd7f413ee58e95	["*"]	\N	2023-08-23 05:41:22	2023-08-23 05:41:22
898	App\\Models\\User	54	Personal Access Token	0a49a29f1187963e60d5411687bc5a1e6c3948f96687ab411e3197438ba04c40	["*"]	\N	2023-08-23 05:43:28	2023-08-23 05:43:28
899	App\\Models\\User	119	Personal Access Token	53045018f0686807a35bc7f0a44e91a16464d3938622f0db9cbc665caace4c01	["*"]	\N	2023-08-23 05:57:57	2023-08-23 05:57:57
900	App\\Models\\User	69	Personal Access Token	985b98dfab7b6622f9e18d561db9ac35981161a108d2013e5566f996dd68dc9a	["*"]	\N	2023-08-23 05:59:02	2023-08-23 05:59:02
901	App\\Models\\User	77	Personal Access Token	b89b9bcc39230269ba65ea82c0c20b5624b901418c6ba09806eb9f93b46b5e2a	["*"]	\N	2023-08-23 06:37:41	2023-08-23 06:37:41
902	App\\Models\\User	123	Personal Access Token	0d9d1a39aba21dc70119ef11f4b5caaa38fb0f0e8f9bcbb781376525956a20ca	["*"]	\N	2023-08-23 07:12:08	2023-08-23 07:12:08
903	App\\Models\\User	77	Personal Access Token	cf25debdf8c47b335fe1e1f52824e3f62172330887d2cc06627ae0eaa6a67a6d	["*"]	\N	2023-08-23 07:27:45	2023-08-23 07:27:45
904	App\\Models\\User	103	Personal Access Token	f1b26431f63d16c49d6833411e45019bf6bd1db94520531dfca6d220237abf9e	["*"]	\N	2023-08-23 07:30:06	2023-08-23 07:30:06
905	App\\Models\\User	103	Personal Access Token	72f0524f202a23371d6a7081e5c7cf61e029d90bdbdd50d5b75511bbba5c0358	["*"]	\N	2023-08-23 08:05:42	2023-08-23 08:05:42
906	App\\Models\\User	119	Personal Access Token	016629b62b8535261f500654731a0ea33892d8cca863d1c67f1ba3633422a0fc	["*"]	\N	2023-08-23 08:23:35	2023-08-23 08:23:35
907	App\\Models\\User	119	Personal Access Token	fc3074b0f80e50fbeb457d9458a241f21a9d2e76dc792d4aff9781818724dbfe	["*"]	\N	2023-08-23 08:40:06	2023-08-23 08:40:06
908	App\\Models\\User	77	Personal Access Token	431d5cc54c5558dd76fdd97fba8a1d29b7cf755731e9ab4fcae328580a41ddf5	["*"]	\N	2023-08-23 10:16:15	2023-08-23 10:16:15
909	App\\Models\\User	119	Personal Access Token	795824a44b180a079e5e273b477831176b53ec799f2a1d2f24fa4efbf2369e69	["*"]	\N	2023-08-23 10:39:04	2023-08-23 10:39:04
910	App\\Models\\User	77	Personal Access Token	a95b0fcc3aa5e0dfea8e2c4df3abe4f34a368d08d061645d2907cb04c88a1948	["*"]	\N	2023-08-23 10:51:14	2023-08-23 10:51:14
911	App\\Models\\User	119	Personal Access Token	3440f9c5fd7bb500a2778e8d878cfe174da9a8a08905108a1e7de6803f681a96	["*"]	\N	2023-08-23 10:54:22	2023-08-23 10:54:22
912	App\\Models\\User	119	Personal Access Token	c29f942576b17b8e4668bb3d0b530382d882195d7760fe3bb2930f61d2b62d04	["*"]	\N	2023-08-23 11:02:24	2023-08-23 11:02:24
913	App\\Models\\User	119	Personal Access Token	081e795d3b826beebf8a718b5b6eb379a37c439c985603e341beb102474abac5	["*"]	\N	2023-08-23 11:04:53	2023-08-23 11:04:53
914	App\\Models\\User	119	Personal Access Token	3b259c06f1e5986e29221bafae2a77efa68e0b4a3d1ebbcc37d064f82ecee5aa	["*"]	\N	2023-08-23 11:15:36	2023-08-23 11:15:36
915	App\\Models\\User	119	Personal Access Token	bf974396d95e9e6b62df456573dce1d2018328684d67d8163ccf0df872c2c11a	["*"]	\N	2023-08-23 11:29:21	2023-08-23 11:29:21
916	App\\Models\\User	119	Personal Access Token	0a92cb7b269cf1f013df2a3b307004c6456adf157b1621aab52d725ccb1c71af	["*"]	\N	2023-08-23 11:42:30	2023-08-23 11:42:30
917	App\\Models\\User	103	Personal Access Token	12a2761b19368b6b7d5c3dc94181a7688b0697cb60b7fecc76cb66c715bacf09	["*"]	\N	2023-08-23 11:53:12	2023-08-23 11:53:12
918	App\\Models\\User	119	Personal Access Token	716087efe8db7e7ae0ad74f351c9c9bd5f1fdd85a2b4ce50159fac802234ec40	["*"]	\N	2023-08-23 12:09:31	2023-08-23 12:09:31
919	App\\Models\\User	119	Personal Access Token	b2ad8e49b158784df4d9bfd1a8fe65b7b3f4c644b18ae297940c9db7f2ccc49e	["*"]	\N	2023-08-23 12:15:59	2023-08-23 12:15:59
920	App\\Models\\User	119	Personal Access Token	1e3f2b6a2af9f7d63bce452d613122338485688b70884d8147cef1f52c2a522b	["*"]	\N	2023-08-23 12:16:48	2023-08-23 12:16:48
921	App\\Models\\User	77	Personal Access Token	e1d08f3c16d8a0d68f1ae544b63a367044f41f8a06380b197bcfe6e593c5913c	["*"]	\N	2023-08-23 12:21:16	2023-08-23 12:21:16
922	App\\Models\\User	103	Personal Access Token	011ab05160e348d4edc25c4bd6dcca9de24cb5d0ba26789dbf43f5f495777bd2	["*"]	\N	2023-08-23 12:22:12	2023-08-23 12:22:12
923	App\\Models\\User	103	Personal Access Token	23450163e9a5ed5b097a7d3714004c5ab7ce3cc19780d6ae3466d160fd8d5cb2	["*"]	\N	2023-08-23 12:22:45	2023-08-23 12:22:45
924	App\\Models\\User	77	Personal Access Token	cc33fb7d3f9f6c7972878bf85097cbc5a721888b1a703a610160aed4e7215782	["*"]	\N	2023-08-23 12:26:33	2023-08-23 12:26:33
925	App\\Models\\User	119	Personal Access Token	297df31ff2b75788d69f3f09225dbddd756d5854c445da1d86cea8cd951d25b7	["*"]	\N	2023-08-23 12:40:27	2023-08-23 12:40:27
926	App\\Models\\User	103	Personal Access Token	59d2dbbb53e1e336ab7218a045fe930149bf583e046c0fddd9101b8d8fa48988	["*"]	\N	2023-08-23 12:40:32	2023-08-23 12:40:32
927	App\\Models\\User	103	Personal Access Token	fd630b6d7c7bf4483c10f20cb5b10df24f141e3538a78b1a65d8d7d3e31bf52a	["*"]	\N	2023-08-23 12:45:01	2023-08-23 12:45:01
928	App\\Models\\User	130	Personal Access Token	1ab7c75636a98ec541adc58335b104c6f99b968bc6df30b97d65c194eaac46c6	["*"]	\N	2023-08-23 12:46:15	2023-08-23 12:46:15
929	App\\Models\\User	130	Personal Access Token	5ffe164b5784be350ecd40281b14315b9b1e889289596be7a2585c96add3f215	["*"]	\N	2023-08-23 12:46:33	2023-08-23 12:46:33
930	App\\Models\\User	130	Personal Access Token	6aeb3a1f2cfb489e72c96b253dde9c69e77bde01f2418b3efa5992d781ef4660	["*"]	\N	2023-08-23 12:53:30	2023-08-23 12:53:30
931	App\\Models\\User	130	Personal Access Token	3a8a630e513fe37c0ef7bfb24c4ae6dc6a9ec02ef00c4176c998c7535ec6ff0a	["*"]	\N	2023-08-23 12:53:54	2023-08-23 12:53:54
932	App\\Models\\User	130	Personal Access Token	c041afa4ac9bfc8bea3f1c6242d633da955919ca6b51ef07c2037911c0af0df8	["*"]	\N	2023-08-23 12:57:59	2023-08-23 12:57:59
933	App\\Models\\User	130	Personal Access Token	fd3494a0d74e7f0e386b10de5f9b15780e1fa6a821c06a274a8f1e3fc3b3f6de	["*"]	\N	2023-08-23 13:04:56	2023-08-23 13:04:56
934	App\\Models\\User	119	Personal Access Token	7c64905e8eb6f01d99dddb43366064b9a550c22f5a38c37fbcff2fff35749ddb	["*"]	\N	2023-08-23 13:09:32	2023-08-23 13:09:32
935	App\\Models\\User	130	Personal Access Token	2f732b26e53f47b5106ce3c90f92db4f72baa8f47083c2fd68888ad8492f4dff	["*"]	\N	2023-08-23 13:12:57	2023-08-23 13:12:57
936	App\\Models\\User	130	Personal Access Token	0ab2a6e1cdd373478c0b5eb56282aedc2e081a38d0f1937723fed3f4d189bdc6	["*"]	\N	2023-08-23 13:19:25	2023-08-23 13:19:25
937	App\\Models\\User	130	Personal Access Token	650626f2ca058c02bd07683d15d9e9a98aa7a551e29b8c01090f0f2dc4487db0	["*"]	\N	2023-08-23 13:30:43	2023-08-23 13:30:43
938	App\\Models\\User	130	Personal Access Token	b233092208352b7595814247b110b545e0707ccf24e7dbd079d85e9644bfae27	["*"]	\N	2023-08-23 13:34:06	2023-08-23 13:34:06
939	App\\Models\\User	130	Personal Access Token	c657b3ccc0b2ee310e173a318832d3c6cb5013736a5ab0cc850064c6210a1b22	["*"]	\N	2023-08-24 05:49:06	2023-08-24 05:49:06
940	App\\Models\\User	55	Personal Access Token	c62732eccc3721f6cb9cde28bfd38086cc63bea63298f9aa9fa446b7f2342ca2	["*"]	\N	2023-08-24 06:04:45	2023-08-24 06:04:45
941	App\\Models\\User	134	Personal Access Token	d7dadbc9d3becda81c5c0fdf96c4b40b8fa67749f347e2ed12563a2f62c14b41	["*"]	\N	2023-08-24 06:04:55	2023-08-24 06:04:55
942	App\\Models\\User	55	Personal Access Token	46b3bbfd3a723faa46e794ebdd692e70116a084f0048bf1e7a83831fd97eb1ed	["*"]	\N	2023-08-24 06:05:56	2023-08-24 06:05:56
943	App\\Models\\User	137	Personal Access Token	a66eae49439154dea2508a5d6af16fbb4fe98bb3a5968df6f23180b646b775d2	["*"]	\N	2023-08-24 06:06:04	2023-08-24 06:06:04
944	App\\Models\\User	137	Personal Access Token	a207cab8020b7d4b822a2927e4562e227e5c9096fdf926b96a2fbc5ba5331b52	["*"]	\N	2023-08-24 06:11:01	2023-08-24 06:11:01
945	App\\Models\\User	130	Personal Access Token	feb4bda78c2a2eb89a8b3d11bbbf69a3943d72ed240a4c9edbb5c130fe750be7	["*"]	\N	2023-08-25 05:31:15	2023-08-25 05:31:15
946	App\\Models\\User	130	Personal Access Token	5bba1d5e5e139f3c45fdaa7171a23556146a8ee28ca6a509cc596ea80538f60b	["*"]	\N	2023-08-25 07:01:02	2023-08-25 07:01:02
947	App\\Models\\User	138	Personal Access Token	94435ca6910acc993979f2745596b8981af32209b8fcffc952ffc2cf12f46854	["*"]	\N	2023-08-25 08:00:36	2023-08-25 08:00:36
948	App\\Models\\User	138	Personal Access Token	c577e03c61791563b01a699ec6b143f0ae93c42e32ceb54ec0a6d7fc2a0f27d8	["*"]	\N	2023-08-25 08:00:37	2023-08-25 08:00:37
949	App\\Models\\User	137	Personal Access Token	5ef795cc4ab93e7bc3072b56b88743ad63d4e5c4afcf6a83ae87536d2ab7e0be	["*"]	\N	2023-08-25 08:19:31	2023-08-25 08:19:31
950	App\\Models\\User	69	Personal Access Token	7d5314931e6d6cb30faf1ca00949390c628b23ab62bfbcf89fc93ecd373d4360	["*"]	\N	2023-08-25 12:02:52	2023-08-25 12:02:52
951	App\\Models\\User	69	Personal Access Token	b98edb73efc40177c91cadd6228d550fb9f835004c21040956071cf6b0fa40f8	["*"]	\N	2023-08-29 09:16:20	2023-08-29 09:16:20
952	App\\Models\\User	69	Personal Access Token	dfd85f9de2b5ff01005af476246f23ea0e353eeae4b185e3de41e2cbf7d4f740	["*"]	\N	2023-08-29 10:00:58	2023-08-29 10:00:58
953	App\\Models\\User	69	Personal Access Token	b2cdc9ebbf5ca5f678e983ad1e87521605e0e07d8bd3fb028dfd8ffc989c9a78	["*"]	\N	2023-08-30 06:14:31	2023-08-30 06:14:31
954	App\\Models\\User	130	Personal Access Token	ba231eac679cbd4e83b78c26da76adbb09540330fec69c175ada679e9d6add2b	["*"]	\N	2023-08-30 06:41:47	2023-08-30 06:41:47
955	App\\Models\\User	103	Personal Access Token	21b7c344cf0bc0ca217424eb95950db369074f0bb99bb18293b4438b76e6192d	["*"]	\N	2023-08-30 07:37:22	2023-08-30 07:37:22
956	App\\Models\\User	122	Personal Access Token	fac0c5a2b1991d3e1fbe10e6d897bd87eb6843016b05dde5f50ee72233e4c862	["*"]	\N	2023-09-04 05:52:47	2023-09-04 05:52:47
957	App\\Models\\User	122	Personal Access Token	b61fa40ee858a0feb940aa823abd137e8f5e31764f913aad3c638773851de90a	["*"]	\N	2023-09-04 09:52:04	2023-09-04 09:52:04
958	App\\Models\\User	77	Personal Access Token	1ea34ae828451af88c7df6d95781ffda8450bc1b1402162cb2d6cf97a4188f7d	["*"]	\N	2023-09-04 11:38:52	2023-09-04 11:38:52
959	App\\Models\\User	122	Personal Access Token	d7690d3e529724471aaa23e14ff383a46e8f4b7f28887fa9ba56f6dd8ccf3048	["*"]	\N	2023-09-04 11:51:42	2023-09-04 11:51:42
960	App\\Models\\User	122	Personal Access Token	f52e1802dc81703b81e8a75080c1a2fa963d3bcf849c0fcbe2324604435bfab2	["*"]	\N	2023-09-05 05:00:12	2023-09-05 05:00:12
961	App\\Models\\User	69	Personal Access Token	46d0d83684441a052723f71613e2ddabeb383ac83b0ef758753f400b24e4412a	["*"]	\N	2023-09-05 10:18:03	2023-09-05 10:18:03
962	App\\Models\\User	122	Personal Access Token	609cee6ba93bf12719c8b1c52f802f8405dec4bb6816e9ad6595104681ee4336	["*"]	\N	2023-09-05 10:20:44	2023-09-05 10:20:44
963	App\\Models\\User	122	Personal Access Token	3bc7e33091fe7c98e17da46e7530edcd49813265aef100b0738bd8fc5752d514	["*"]	\N	2023-09-05 12:08:29	2023-09-05 12:08:29
964	App\\Models\\User	122	Personal Access Token	ebb3a02c4fa8f2200beb18c8c86af72c64b3eb6e2060fe22ccccb1d13e939317	["*"]	\N	2023-09-05 13:20:32	2023-09-05 13:20:32
965	App\\Models\\User	122	Personal Access Token	764f14a9cb67658921dfd498f91c30bb9763de31548499b0dd3f5b31cb9df662	["*"]	\N	2023-09-05 13:21:28	2023-09-05 13:21:28
966	App\\Models\\User	122	Personal Access Token	036ec9ad1fdb41e432bc418b3e95df280e56717479b42ea25eb9b8b90dacd413	["*"]	\N	2023-09-06 04:07:49	2023-09-06 04:07:49
967	App\\Models\\User	122	Personal Access Token	1e35600b9d0b703c6a236bfc9e57160eb0ea0eced95ef4df06d9fde035708b90	["*"]	\N	2023-09-06 05:05:03	2023-09-06 05:05:03
968	App\\Models\\User	122	Personal Access Token	ee933bab28d5f11644942cc88fb19aec332b78488ec9dc6419021c2c10051269	["*"]	\N	2023-09-11 12:09:00	2023-09-11 12:09:00
969	App\\Models\\User	122	Personal Access Token	bb163671fb5b702f0e476fcba36a9ba94e965fd6bb84ceb896b20fdbfd409c9f	["*"]	\N	2023-09-11 12:50:08	2023-09-11 12:50:08
970	App\\Models\\User	122	Personal Access Token	05de0bd376836c51d34a34111b1307e09fef65ca03eadee3b1f3309a176570c3	["*"]	\N	2023-09-12 02:29:14	2023-09-12 02:29:14
971	App\\Models\\User	122	Personal Access Token	d6a4caa1b3e0e8610773d98edf75bf6db1ea7fb8edee9c11886573da6d146ee3	["*"]	\N	2023-09-12 02:33:21	2023-09-12 02:33:21
972	App\\Models\\User	69	Personal Access Token	345f494cf233b460d87c9ce673ba2ee0f8bae19096f3caeeea8d338c1e4544a3	["*"]	\N	2023-09-12 03:48:19	2023-09-12 03:48:19
973	App\\Models\\User	122	Personal Access Token	ed64c841fb376a9561a1d187efea01dd4c1259d7c995273c7ceacb8bab65c5e6	["*"]	\N	2023-09-12 05:28:35	2023-09-12 05:28:35
974	App\\Models\\User	122	Personal Access Token	7d2587771b5d5d8eb6942bbe590a02c28c53f88f46088441547e8b1330bc73fc	["*"]	\N	2023-09-13 04:48:20	2023-09-13 04:48:20
975	App\\Models\\User	122	Personal Access Token	f446b80b9dd5836e82e9aef856eca2a25d43efe3df7c9fe670bb7670bcd2c5b6	["*"]	\N	2023-09-13 09:32:58	2023-09-13 09:32:58
976	App\\Models\\User	122	Personal Access Token	d2bb97052c0a742392da842f3f071fd01a152decdb778e659051014e0a315b29	["*"]	\N	2023-09-14 01:57:09	2023-09-14 01:57:09
977	App\\Models\\User	122	Personal Access Token	edc3552daf06c6704ff63240abf6ae770003047f9fdc53ab6f084320d70bb9dd	["*"]	\N	2023-09-14 03:12:22	2023-09-14 03:12:22
978	App\\Models\\User	89	Personal Access Token	f136f0ca5df2f98d6e80675a664bde473aa37d3be653965be4659fc98a5c207c	["*"]	\N	2023-09-14 06:13:14	2023-09-14 06:13:14
979	App\\Models\\User	139	Personal Access Token	2dd99b8de5bd9f50e0876b85d735f2d2873f6e93710eb8d0b339c38b159fc276	["*"]	\N	2023-09-14 07:12:29	2023-09-14 07:12:29
980	App\\Models\\User	139	Personal Access Token	cade1fb0154b31a13d3f1a78b9e20343dd8b9586b19f75c22a6044f424610124	["*"]	\N	2023-09-14 07:12:29	2023-09-14 07:12:29
981	App\\Models\\User	122	Personal Access Token	d328beb98f11827c735d343d05c811499f8b24b995513c347ac7326ac4161a01	["*"]	\N	2023-09-14 07:16:59	2023-09-14 07:16:59
982	App\\Models\\User	139	Personal Access Token	dd1289b2ca625a368e1986d97de371f0b677ee6a10ee873f5b51c00083abdba7	["*"]	\N	2023-09-14 07:19:54	2023-09-14 07:19:54
983	App\\Models\\User	122	Personal Access Token	69e2fbf5d8cdb252769ee1cc4957ac7ed268d74125b8af8422c20db4b03d48b2	["*"]	\N	2023-09-14 07:21:31	2023-09-14 07:21:31
984	App\\Models\\User	122	Personal Access Token	1e3079d4d556e50fc31bed8c31893371f0f24cff6ba2669342b4e479fb5c42b7	["*"]	\N	2023-09-14 07:24:58	2023-09-14 07:24:58
985	App\\Models\\User	122	Personal Access Token	f236528201b77ce90321fb2d925f5f2f589da133728d69d7af0259e4cf8d0366	["*"]	\N	2023-09-14 07:42:06	2023-09-14 07:42:06
986	App\\Models\\User	139	Personal Access Token	822066d69aa0f1a78c2aa7118d564e8f2ff6e3b380b598bc64ef85c07c43ece0	["*"]	\N	2023-09-14 08:11:20	2023-09-14 08:11:20
987	App\\Models\\User	122	Personal Access Token	1a63530f24280c7f57db1801ad01d3a497b686d4e8177ffb59e9f8340398c368	["*"]	\N	2023-09-14 08:33:29	2023-09-14 08:33:29
988	App\\Models\\User	139	Personal Access Token	1f6fbc699596f9edb5a24f270ac3dadf8dc95859c99e9e475256e8b3a26385c7	["*"]	\N	2023-09-14 08:34:53	2023-09-14 08:34:53
989	App\\Models\\User	122	Personal Access Token	977895c5b0dec6879405e89ebedcbd564917f4adc9284ce9d1cf4a755109205e	["*"]	\N	2023-09-14 08:47:21	2023-09-14 08:47:21
990	App\\Models\\User	103	Personal Access Token	a3aa8b5911970228710efcd0b0c553c9e7b71196c2cb0a0bc68b68941f044e2a	["*"]	\N	2023-09-14 11:20:15	2023-09-14 11:20:15
991	App\\Models\\User	103	Personal Access Token	c778df5f506bc32181bf5ad2edefb1f66c5aa2d307af5d1c479ac3024bfb43b4	["*"]	\N	2023-09-14 11:34:24	2023-09-14 11:34:24
992	App\\Models\\User	77	Personal Access Token	a404d9ea28f9bf0c25a2fca8cf3be48132c5b7cf6c98b49d72905c83f17770fb	["*"]	\N	2023-09-14 11:42:30	2023-09-14 11:42:30
993	App\\Models\\User	103	Personal Access Token	f4c3028c00b45a281bd49b82638196b20aff14c2b8968bba3422dd9cfc581dd2	["*"]	\N	2023-09-14 11:55:00	2023-09-14 11:55:00
994	App\\Models\\User	77	Personal Access Token	f37c76fa4d81b6e691a3b93292ef9d34c6e33152f02c664046a39caa4d03c309	["*"]	\N	2023-09-14 13:14:01	2023-09-14 13:14:01
995	App\\Models\\User	77	Personal Access Token	83c715092bfd2a7532e84d59db7ee71705fffec9b518f048a2aa50a6711e93e4	["*"]	\N	2023-09-14 20:02:55	2023-09-14 20:02:55
996	App\\Models\\User	77	Personal Access Token	e638c6d37539b493178778e0549d4dea0c0428eb3fb855dcbfe37b3a765446c7	["*"]	\N	2023-09-14 20:03:31	2023-09-14 20:03:31
997	App\\Models\\User	77	Personal Access Token	6b7a15f0e7e8b0b6a274e166ad311b83f5932fe7fb30aab26d68cad01da03177	["*"]	\N	2023-09-14 20:15:39	2023-09-14 20:15:39
998	App\\Models\\User	77	Personal Access Token	fbea433240984ab4f7973f8c13a5667777d3d11c1217e0768b73bcdd04d048f7	["*"]	\N	2023-09-14 20:42:15	2023-09-14 20:42:15
999	App\\Models\\User	77	Personal Access Token	89cdf047be0e2e7caa56378f4384d74f24668ec3a1d0183380b184b28eeb8d1a	["*"]	\N	2023-09-14 20:54:03	2023-09-14 20:54:03
1000	App\\Models\\User	118	Personal Access Token	b5510500a7b236ee7c407d3c5cf2eb4bb10d183679460837aa8b5a5a9768f29d	["*"]	\N	2023-09-15 07:24:39	2023-09-15 07:24:39
1001	App\\Models\\User	122	Personal Access Token	7235ffd7027e3ffb4e4bc82e15dee2bb3ac876c96544ba3c06953e4b0e9ac289	["*"]	\N	2023-09-15 10:10:37	2023-09-15 10:10:37
1002	App\\Models\\User	139	Personal Access Token	cd8a61fcc05dd455d2bbe7810f9e99251bb3a03b27fdcf77853fa06d4fa3722c	["*"]	\N	2023-09-16 05:04:21	2023-09-16 05:04:21
1003	App\\Models\\User	139	Personal Access Token	dbe5432856fa805b966ef9ddcf9061436857740b3680d0ca48ab2469950bf715	["*"]	\N	2023-09-16 08:44:59	2023-09-16 08:44:59
1004	App\\Models\\User	122	Personal Access Token	f481f54e70925d3b27ccefd8c7d43b90f5193a74fe597f9c1cb11351823b5223	["*"]	\N	2023-09-16 09:46:50	2023-09-16 09:46:50
1005	App\\Models\\User	122	Personal Access Token	51c5290ffe2dddab9c5730fcad7a69012d2d41b2ea3d43511d1eb8d2001e4d9d	["*"]	\N	2023-09-16 10:32:32	2023-09-16 10:32:32
1006	App\\Models\\User	122	Personal Access Token	145d83a240dbf1f89663b5e6c89ca94a1e9f2ab9f9c7ff95dcf96cd04151bae7	["*"]	\N	2023-09-16 10:35:20	2023-09-16 10:35:20
1007	App\\Models\\User	122	Personal Access Token	7483a715653c654c4176b4f65a69cbe6b17c7b64f825580c242084372908a55a	["*"]	\N	2023-09-16 10:36:19	2023-09-16 10:36:19
1008	App\\Models\\User	122	Personal Access Token	8cbd9f636daf799254ceba06d00d130aedd46b756e73c7a88424bb5f75457221	["*"]	\N	2023-09-16 10:47:29	2023-09-16 10:47:29
1009	App\\Models\\User	108	Personal Access Token	61b89d9a3833531384c60f456a79f44c6a88a0b762b146ac604dfe576c00a816	["*"]	\N	2023-09-18 03:46:00	2023-09-18 03:46:00
1010	App\\Models\\User	122	Personal Access Token	1867759fe6fd526745fe869f6e1a6944e820418e92e82b242e32b04eab6b35f7	["*"]	\N	2023-09-18 04:58:53	2023-09-18 04:58:53
1011	App\\Models\\User	122	Personal Access Token	5d9a089f58a6976de7efe2fbe841298105b50f27960a370673e703f4a6e50062	["*"]	\N	2023-09-18 05:05:42	2023-09-18 05:05:42
1012	App\\Models\\User	108	Personal Access Token	40b5e0d04b45a4b5c682ebc7b9a146e1f43c27cf7ee0945d4926f8cc7cc36c69	["*"]	\N	2023-09-18 05:13:32	2023-09-18 05:13:32
1013	App\\Models\\User	69	Personal Access Token	8dddca06bc843c8653e64c106dce5cc511d80e34cd95ebe0ccb3dd26d8f5f351	["*"]	\N	2023-09-18 05:47:11	2023-09-18 05:47:11
1014	App\\Models\\User	140	Personal Access Token	96f17c1c332f05fede4854606e997c9791abf8d6c080134b29ef9968bf87d693	["*"]	\N	2023-09-18 05:54:55	2023-09-18 05:54:55
1015	App\\Models\\User	140	Personal Access Token	baa150197d61d26eb9ad72535e98b4bb84712e7049869b5726ed2d6745431d44	["*"]	\N	2023-09-18 05:54:56	2023-09-18 05:54:56
1016	App\\Models\\User	122	Personal Access Token	43833a4eb31e9c52ac3b50fa6079c34d0033f9dca7888ac4891a8e9a8ca9409b	["*"]	\N	2023-09-18 06:40:50	2023-09-18 06:40:50
1017	App\\Models\\User	140	Personal Access Token	0314cad2a3a2da7e564fa9ec2afba2a56f418a6a12296987eaff325eedc3f5dc	["*"]	\N	2023-09-18 07:09:20	2023-09-18 07:09:20
1018	App\\Models\\User	108	Personal Access Token	8116e08c69761e4993d5ce1e955fc03e6b191182a13d0f9a309a75d178277f11	["*"]	\N	2023-09-18 07:19:53	2023-09-18 07:19:53
1019	App\\Models\\User	108	Personal Access Token	06881b9913dedc289da23bdf55e35c12edd96d796313d58e730b19fd5709ef9a	["*"]	\N	2023-09-18 08:22:02	2023-09-18 08:22:02
1020	App\\Models\\User	122	Personal Access Token	919403c837aefafbceda76d04203f5770e9341925719c61c74b03c875eb38626	["*"]	\N	2023-09-18 08:32:45	2023-09-18 08:32:45
1021	App\\Models\\User	122	Personal Access Token	0dcf88cd9e68d018f742f6da3632721bdd95cbcd64813981e1288a52487fc263	["*"]	\N	2023-09-18 08:40:17	2023-09-18 08:40:17
1022	App\\Models\\User	122	Personal Access Token	47320706fa05659f9c122a201d70631f8e8ac4dc7dfaab19cffb5dc4dc93fc5a	["*"]	\N	2023-09-18 08:45:47	2023-09-18 08:45:47
1023	App\\Models\\User	108	Personal Access Token	b9dc28d749ef9bf6078645965ab56ce4327f9d45c414e8a3b7dea30c07d92b34	["*"]	\N	2023-09-18 09:25:25	2023-09-18 09:25:25
1024	App\\Models\\User	140	Personal Access Token	86520417b25110f8ecafe5bc3dc1217fd575d18ad29ac9649fdc3bbbce822dac	["*"]	\N	2023-09-18 10:16:19	2023-09-18 10:16:19
1025	App\\Models\\User	108	Personal Access Token	fd8118df6af1c6a007a7c030b5f529987c9e21bca9f4525a788694cde9b552e5	["*"]	\N	2023-09-18 10:28:15	2023-09-18 10:28:15
1026	App\\Models\\User	140	Personal Access Token	d00088346fb830f06aae13f56e554b4a9bf2daf1edf58a025d07ae6811f56830	["*"]	\N	2023-09-18 10:48:12	2023-09-18 10:48:12
1027	App\\Models\\User	108	Personal Access Token	689f7357d0cf3497ab0df488077fb62b1a5f2b34456a8a928dee9557a3fd86c2	["*"]	\N	2023-09-18 11:32:25	2023-09-18 11:32:25
1028	App\\Models\\User	141	Personal Access Token	7a8a3bd2ac08df181eea7c9c491133580a1a9886ccd4d45c753e133bb5f5ab44	["*"]	\N	2023-09-18 11:34:02	2023-09-18 11:34:02
1029	App\\Models\\User	141	Personal Access Token	6498ce5d9d4278f808e310d88db0917a886aad5b28b70a5b18ef6f80159b049d	["*"]	\N	2023-09-18 11:34:02	2023-09-18 11:34:02
1030	App\\Models\\User	108	Personal Access Token	6fea2f8947925155e1326e2eece414e1d43777cdca69d255eef6c982364b9c94	["*"]	\N	2023-09-18 11:48:54	2023-09-18 11:48:54
1031	App\\Models\\User	140	Personal Access Token	481654863d1313b6407f49e3b76d1dd52a308ae135c07155f0a672babb63e86f	["*"]	\N	2023-09-18 11:52:25	2023-09-18 11:52:25
1032	App\\Models\\User	108	Personal Access Token	c3414c4bcab2c5ecd219c4a40c0223f73829289cb33b2a084d68c01526ca43f3	["*"]	\N	2023-09-18 12:16:41	2023-09-18 12:16:41
1033	App\\Models\\User	108	Personal Access Token	4fb9e6809b2044e9a5926fcdc7436476423560fbe05c26acd272d98a5d9082ac	["*"]	\N	2023-09-18 12:18:31	2023-09-18 12:18:31
1034	App\\Models\\User	108	Personal Access Token	d1decc661e93d0ee8a5365b7967a7d7a31dee5a9899f5b0e76011d09fc314078	["*"]	\N	2023-09-18 12:26:21	2023-09-18 12:26:21
1035	App\\Models\\User	108	Personal Access Token	e8cf48995dd5f6b97bd5338a0b8644ed301a6c191d797c4717a099d02fa3b958	["*"]	\N	2023-09-18 12:41:18	2023-09-18 12:41:18
1036	App\\Models\\User	108	Personal Access Token	90db455f991ec78f36c2f6d680c95ecb8b9649d2b6e9af30272f77ced4babc28	["*"]	\N	2023-09-18 12:43:38	2023-09-18 12:43:38
1037	App\\Models\\User	108	Personal Access Token	47f30cec5d836a30ffccca3a0d5b0dd77c39dee17ed63199eafebf858010a8ac	["*"]	\N	2023-09-18 12:53:18	2023-09-18 12:53:18
1038	App\\Models\\User	77	Personal Access Token	81a0d7913a11b9103afd91ec59691dcefa3c75967d6c494957f52d8dd9174e3d	["*"]	\N	2023-09-18 12:54:50	2023-09-18 12:54:50
1039	App\\Models\\User	77	Personal Access Token	f2ae23ea088db6bbf68a3e44e0580767ad47152b4d8b5b28ef1d46a094314193	["*"]	\N	2023-09-18 12:59:08	2023-09-18 12:59:08
1040	App\\Models\\User	108	Personal Access Token	c10be37e1eb8fabe2dba76c4a5c804e42ce4955b0b35d23142dd6facf81525f7	["*"]	\N	2023-09-18 13:05:56	2023-09-18 13:05:56
1041	App\\Models\\User	122	Personal Access Token	6b1579be7296ccb06b94dcf6db75c93ae3329793cae0e30b52fb6026fd81b57c	["*"]	\N	2023-09-18 13:39:31	2023-09-18 13:39:31
1042	App\\Models\\User	77	Personal Access Token	2e8996ae11022c8be4f574c529749932d88b851d45546881b2b437ba436e530a	["*"]	\N	2023-09-18 14:10:58	2023-09-18 14:10:58
1043	App\\Models\\User	103	Personal Access Token	9268803155d9ea91f0361718d4e912f3315f11afa2e5db86c0dadd4368eb096d	["*"]	\N	2023-09-18 14:13:53	2023-09-18 14:13:53
1044	App\\Models\\User	108	Personal Access Token	57902cfc47fe9f9109a635fe47f4aaec7424ede04bbba3ad7a6b4f42f692cac2	["*"]	\N	2023-09-19 02:37:45	2023-09-19 02:37:45
1045	App\\Models\\User	122	Personal Access Token	a3839d2fa59760082052b8bdcad366c5b413bb4d7537ec046002b3cdcae744cf	["*"]	\N	2023-09-19 04:06:17	2023-09-19 04:06:17
1046	App\\Models\\User	108	Personal Access Token	ecfd9234d113ea7af88a3816bc148158582e92e9b01bd5952184d5716db62655	["*"]	\N	2023-09-19 04:09:02	2023-09-19 04:09:02
1047	App\\Models\\User	108	Personal Access Token	57047ad87cce5c5449f1a20cd848ca6dcd9eb5ed247c7daefb4b3e01563a23f1	["*"]	\N	2023-09-19 04:14:27	2023-09-19 04:14:27
1048	App\\Models\\User	108	Personal Access Token	6ec0b94c035654f07b96e2d30e9af90effaadcb5305b8135b7f8471dcb68f593	["*"]	\N	2023-09-19 04:21:31	2023-09-19 04:21:31
1049	App\\Models\\User	108	Personal Access Token	c01fe2d22d5c6fa45c49f37422877daa02c020c9b7d786c949ce783c4f9aeb02	["*"]	\N	2023-09-19 04:21:42	2023-09-19 04:21:42
1050	App\\Models\\User	77	Personal Access Token	69bd61a24eef3e82a8c4584a220457fe5c8e318ae298eb51d2a5bbf527b5d34d	["*"]	\N	2023-09-19 05:10:52	2023-09-19 05:10:52
1051	App\\Models\\User	77	Personal Access Token	235bc98e744d8b363175926fc80a48f889c41a97b1be1dd37ac6c7f9262b84be	["*"]	\N	2023-09-19 05:13:13	2023-09-19 05:13:13
1052	App\\Models\\User	140	Personal Access Token	b6f761fbb84925166d04be424443bf05bd9f3f0ecf702ad0bae80fef17604a6b	["*"]	\N	2023-09-19 05:24:02	2023-09-19 05:24:02
1053	App\\Models\\User	108	Personal Access Token	89cae8e689d796923a499942894dd44087ff0cb5bae7074f618081397279c48e	["*"]	\N	2023-09-19 05:39:13	2023-09-19 05:39:13
1054	App\\Models\\User	103	Personal Access Token	80ca3fffbd77859f502f4dc03c5492a465ab0c87b51d26ce50a199b5bef8ce67	["*"]	\N	2023-09-19 05:45:27	2023-09-19 05:45:27
1055	App\\Models\\User	77	Personal Access Token	5ac4818b586988b09623743c5a717669a7bb475742bd94c66ed7bea64852a95f	["*"]	\N	2023-09-19 05:45:53	2023-09-19 05:45:53
1056	App\\Models\\User	108	Personal Access Token	1405016d9cb5320f493beb3d8871eeb34f9adb506f061aae36e5b4ebac6aa831	["*"]	\N	2023-09-19 05:45:53	2023-09-19 05:45:53
1057	App\\Models\\User	108	Personal Access Token	a7b1321aaaade5fe8b1248fc622d0b9c9e2b7b91b519ac323ee701657523f4ff	["*"]	\N	2023-09-19 05:49:59	2023-09-19 05:49:59
1058	App\\Models\\User	122	Personal Access Token	5ab311c897e66e1b18bc23416ee396a81b00e2af16ece8c2969be93f8d3be5af	["*"]	\N	2023-09-19 05:57:42	2023-09-19 05:57:42
1059	App\\Models\\User	139	Personal Access Token	53df420cb8ec42e2a373e15b51e81040476047ccde0ce992532e9e7c1375c9f6	["*"]	\N	2023-09-19 06:09:20	2023-09-19 06:09:20
1060	App\\Models\\User	122	Personal Access Token	0c8d09f1e5b4faceb14139372a88f2cce7d678d66a76833d8475a009171a1380	["*"]	\N	2023-09-19 06:46:38	2023-09-19 06:46:38
1061	App\\Models\\User	140	Personal Access Token	950e849fa40df7f0fa64a4f53bccfcee9426c7fb1887f50a21d98c7904ecb249	["*"]	\N	2023-09-19 06:49:53	2023-09-19 06:49:53
1062	App\\Models\\User	103	Personal Access Token	e59cbcb8d70a64679961431d9d934cda4976581b694fb9eda40f3ac010a48a96	["*"]	\N	2023-09-19 07:39:48	2023-09-19 07:39:48
1063	App\\Models\\User	122	Personal Access Token	36eb7725816555a85917cee85c71c22c8b5909960cdcf75160cc0b19fccde5cc	["*"]	\N	2023-09-19 07:44:31	2023-09-19 07:44:31
1064	App\\Models\\User	108	Personal Access Token	afca658a379c071127cc16d17c29721204157da4f959490ae9a6898e3fbf7e32	["*"]	\N	2023-09-19 07:59:01	2023-09-19 07:59:01
1065	App\\Models\\User	108	Personal Access Token	3ea27673d8f75f7cac2de0bd8d17ce40122163229abcaaf3b73689b969abbf01	["*"]	\N	2023-09-19 08:04:52	2023-09-19 08:04:52
1066	App\\Models\\User	140	Personal Access Token	920b15d36ee08579172898b10af890bd7220bd5dd33f18f0df79540f46f73ca6	["*"]	\N	2023-09-19 08:09:16	2023-09-19 08:09:16
1067	App\\Models\\User	59	Personal Access Token	950426bda07c6198949f2b3820af1892548f8342897b37770c147606f050c49b	["*"]	\N	2023-09-19 08:40:50	2023-09-19 08:40:50
1068	App\\Models\\User	77	Personal Access Token	a1c7ea1f843429911b863cb569f76fe612a982f3a83325ece07916ae92b6d08b	["*"]	\N	2023-09-19 08:42:33	2023-09-19 08:42:33
1069	App\\Models\\User	108	Personal Access Token	06ded7381fa588a463e5c27137ff6aedc2509816eedcbfeae032a8247b458ddd	["*"]	\N	2023-09-19 09:03:40	2023-09-19 09:03:40
1070	App\\Models\\User	140	Personal Access Token	38c25a993987e089e7bb681160072cd32363f37f3577d28c61d66ade0d3ba9b3	["*"]	\N	2023-09-19 09:45:52	2023-09-19 09:45:52
1071	App\\Models\\User	108	Personal Access Token	a78e1388987d4b6c479b7b3f9d7e6061a87dff26eaee4375e37674d2e2920985	["*"]	\N	2023-09-19 09:55:43	2023-09-19 09:55:43
1072	App\\Models\\User	140	Personal Access Token	b1ff84d88907f3ce3b9a6fa10ff5b497970188f3f8622d786cb3c247144e137d	["*"]	\N	2023-09-19 10:09:32	2023-09-19 10:09:32
1073	App\\Models\\User	122	Personal Access Token	fbd7f716e337da889618292f262b5f66a99ff05f6c673307ddc65404fba4ac5e	["*"]	\N	2023-09-19 10:10:40	2023-09-19 10:10:40
1074	App\\Models\\User	103	Personal Access Token	925c733a221a7eb8e8db05a5f6eae73ae8215f519f03236dad72f6031de3e86b	["*"]	\N	2023-09-19 10:32:14	2023-09-19 10:32:14
1075	App\\Models\\User	59	Personal Access Token	3f44eda5d55c023001f3358cd6ac186740664e4075f1a2b473f8bbd7dc4dc96a	["*"]	\N	2023-09-19 10:44:00	2023-09-19 10:44:00
1076	App\\Models\\User	142	Personal Access Token	d288d862bbfde92a7605c92de774622914200287b41938c76d33ab5e2608e7ab	["*"]	\N	2023-09-19 11:02:52	2023-09-19 11:02:52
1077	App\\Models\\User	143	Personal Access Token	44608fcf2b61361f8073c682cecb15643f8253c02a891b6968f18761f96cb152	["*"]	\N	2023-09-19 11:04:55	2023-09-19 11:04:55
1078	App\\Models\\User	143	Personal Access Token	18627d51c219eac9b3459801a0b4feb3b54d943f95be9e35c497ff06a448bc9d	["*"]	\N	2023-09-19 11:04:55	2023-09-19 11:04:55
1079	App\\Models\\User	142	Personal Access Token	60c1a8d6e9549d828d43d16d1309b91aa4b0a209a47133267ded49b8d0b8dc1c	["*"]	\N	2023-09-19 11:06:01	2023-09-19 11:06:01
1080	App\\Models\\User	77	Personal Access Token	b28268bf0fddf511a4ec86ab4f6251ffbdce7cfd2ea1c555f5d8c33eca768914	["*"]	\N	2023-09-19 11:10:59	2023-09-19 11:10:59
1081	App\\Models\\User	140	Personal Access Token	b2197d6148b52a501a0e1f59e9c3426975c999923d10f8e890113bd7531fb404	["*"]	\N	2023-09-19 11:13:34	2023-09-19 11:13:34
1082	App\\Models\\User	140	Personal Access Token	fc554e7cca5e77858261af5bf2e87aa151ba6c026853e2ba0a7edda9025d7b4b	["*"]	\N	2023-09-19 11:35:14	2023-09-19 11:35:14
1083	App\\Models\\User	122	Personal Access Token	e02f2fe04dfc138121cbe5cdde7b339d40be6c763fc48c9fd96ad9467a83dcc3	["*"]	\N	2023-09-19 11:38:59	2023-09-19 11:38:59
1084	App\\Models\\User	108	Personal Access Token	ef3a6e3e1cc10136696efa8ffe203d35d21b32ef7fb41efcf23f7c71e6ce2280	["*"]	\N	2023-09-19 11:40:36	2023-09-19 11:40:36
1085	App\\Models\\User	140	Personal Access Token	7228b4c4c4c7705ff89a1f02d4057c036620e20ed7e15e268803789685d4eb1c	["*"]	\N	2023-09-19 11:57:31	2023-09-19 11:57:31
1086	App\\Models\\User	108	Personal Access Token	8cbe3ea4ce6e451736a00d77e767e705be7e06cd5f74716713ae5012cd8faec2	["*"]	\N	2023-09-19 12:57:27	2023-09-19 12:57:27
1087	App\\Models\\User	108	Personal Access Token	5dc8b672359311e11cb9985eae5d9ea511e1dc1276cb028df333f97762dc16af	["*"]	\N	2023-09-19 13:14:50	2023-09-19 13:14:50
1088	App\\Models\\User	77	Personal Access Token	1bf0946e16b70f833fbbdeca0f960a3ed03ebe16ff25d039b0f9a81737f8fb47	["*"]	\N	2023-09-19 13:50:50	2023-09-19 13:50:50
1089	App\\Models\\User	144	Personal Access Token	5fc03b4df51b84e51a3a4e71b636735e86719f1b38ad737232ba84cd661fdb6a	["*"]	\N	2023-09-19 14:31:02	2023-09-19 14:31:02
1090	App\\Models\\User	144	Personal Access Token	576bebb6e84627b051d77c01a1436adaedc97631e3e625a431ba350e8526ef93	["*"]	\N	2023-09-19 14:31:03	2023-09-19 14:31:03
1091	App\\Models\\User	108	Personal Access Token	2689ca8677ee60539425091f960740b3823289a9db3e01864f316414df743063	["*"]	\N	2023-09-19 14:32:14	2023-09-19 14:32:14
1092	App\\Models\\User	108	Personal Access Token	230b21e3ee6e448dd030af321e535cd3f96154207aad38de89d589eaa18a49aa	["*"]	\N	2023-09-19 14:36:03	2023-09-19 14:36:03
1093	App\\Models\\User	108	Personal Access Token	69cf557de4c56d8d2c3e2b0b5be5a93650868ef47a32434bacaf314e4d1dd474	["*"]	\N	2023-09-19 14:50:08	2023-09-19 14:50:08
1094	App\\Models\\User	140	Personal Access Token	ebe6eb1bf37fb8c19207f3583f97599f84b09f844289b26a5c291e23ae458c5b	["*"]	\N	2023-09-19 14:58:06	2023-09-19 14:58:06
1095	App\\Models\\User	108	Personal Access Token	235e38f26d46f1f61134ee1bff5be4a5de2792318e88f19df6631d63d0c8f064	["*"]	\N	2023-09-19 14:58:31	2023-09-19 14:58:31
1096	App\\Models\\User	108	Personal Access Token	a3ac88a39524e353f6e3a0c7b83a60d6e83bef5d6acca83384b26ffb7214c41f	["*"]	\N	2023-09-19 15:07:33	2023-09-19 15:07:33
1097	App\\Models\\User	108	Personal Access Token	59946e42264cb20c89365f50f11c7345a40c29ef5eaff9d47fcd7cebbe269660	["*"]	\N	2023-09-19 15:11:10	2023-09-19 15:11:10
1098	App\\Models\\User	69	Personal Access Token	0494bb46c6275275c8622b71620aa1c9a6bbb9a14d30cef3492bacbc93487d37	["*"]	\N	2023-09-19 15:18:27	2023-09-19 15:18:27
1099	App\\Models\\User	108	Personal Access Token	78413d117d14be072656dda11b744fb2b50a296964e0554b3fd7d8ccfd7bbb1d	["*"]	\N	2023-09-19 16:07:16	2023-09-19 16:07:16
1100	App\\Models\\User	77	Personal Access Token	5d0856abb54e5a60d05178fe799f688cf8b5248f05fc7b2ff671c40d913711b3	["*"]	\N	2023-09-19 16:08:10	2023-09-19 16:08:10
1101	App\\Models\\User	118	Personal Access Token	eb98fc82866c36b8e81d994bcf608ea570de506fad2b02945984921eb87e66dc	["*"]	\N	2023-09-19 19:16:00	2023-09-19 19:16:00
1102	App\\Models\\User	108	Personal Access Token	fd1190651de590f9a742bcd8e8ea74e920cbd4cdb57f81b6631a2e9c5b9696a3	["*"]	\N	2023-09-19 19:33:46	2023-09-19 19:33:46
1103	App\\Models\\User	92	Personal Access Token	546a8012bbc9c6c9d469aa41099b1414ac0f0ad92dfc9df148e5a2f8469178b3	["*"]	\N	2023-09-19 19:52:59	2023-09-19 19:52:59
1104	App\\Models\\User	145	Personal Access Token	f5d6376f74b64b240b00269d6ac6abb15e61bda5bc88f0fd1bd4712eb397747c	["*"]	\N	2023-09-19 20:32:43	2023-09-19 20:32:43
1105	App\\Models\\User	118	Personal Access Token	12e3f92ea3a46d6b9049efa60c2d4d16ca0ac38d318eb75b3d4d0bed8c506d31	["*"]	\N	2023-09-20 02:11:38	2023-09-20 02:11:38
1106	App\\Models\\User	122	Personal Access Token	0beecdf8199d7bbc2e84cd87bf5034126f7d9dcd6071f978cb4fd64f7764a555	["*"]	\N	2023-09-20 04:07:36	2023-09-20 04:07:36
1107	App\\Models\\User	122	Personal Access Token	c262c532a25f3b886b4fbde97986ce1311f533bf07f778a75cc0fb365686c2d2	["*"]	\N	2023-09-20 04:09:09	2023-09-20 04:09:09
1108	App\\Models\\User	69	Personal Access Token	b10855f48e004a446f8777b1181f2d0c2b04cfdb2b912fb9b296dcf41633336b	["*"]	\N	2023-09-20 04:27:31	2023-09-20 04:27:31
1109	App\\Models\\User	108	Personal Access Token	b5e31435955f45f282bea3b35cfe0cf245226b45349263e8f37cc63b3a37cd24	["*"]	\N	2023-09-20 04:52:15	2023-09-20 04:52:15
1110	App\\Models\\User	146	Personal Access Token	e921157faa993defc75ceeab457d4ea549f12b101a56febf60943d289c0a1e68	["*"]	\N	2023-09-20 05:33:53	2023-09-20 05:33:53
1111	App\\Models\\User	146	Personal Access Token	3e6bb16726178b9bd1966fe145ce9e020693748c12d0e08a92b8dacf75f15c1a	["*"]	\N	2023-09-20 05:33:53	2023-09-20 05:33:53
1112	App\\Models\\User	146	Personal Access Token	47e6cee340d0b95815fdad93daaf714e37cdf2c06a990ba2567cd2da25e20cea	["*"]	\N	2023-09-20 06:02:58	2023-09-20 06:02:58
1113	App\\Models\\User	146	Personal Access Token	6808b794b83d172c40ec9854a09288d603f5c49a644d32e26140939fe8ae8eda	["*"]	\N	2023-09-20 06:04:48	2023-09-20 06:04:48
1114	App\\Models\\User	146	Personal Access Token	6d6a9186d1810041841df0c5f19337b75b541ba007c68e0dc746b67fb129dd94	["*"]	\N	2023-09-20 06:07:29	2023-09-20 06:07:29
1115	App\\Models\\User	146	Personal Access Token	c8fea9fef2a198e94986234400fef6bfdef790b7f89fb92509c8a11ea74dd077	["*"]	\N	2023-09-20 06:22:16	2023-09-20 06:22:16
1116	App\\Models\\User	146	Personal Access Token	a215220faa67d9d068b714e2da0275a23f02a25e9f254ee9bb19e7555ce0bd8d	["*"]	\N	2023-09-20 06:22:58	2023-09-20 06:22:58
1117	App\\Models\\User	146	Personal Access Token	5df3af765a7f985e5f699d9e2161b0b004613afcc28bba637b3dfd8574da225e	["*"]	\N	2023-09-20 06:23:04	2023-09-20 06:23:04
1118	App\\Models\\User	146	Personal Access Token	647b0bc60c04952c97f4b19e6815099476f61638eeb80d2d36808d1558288055	["*"]	\N	2023-09-20 06:23:07	2023-09-20 06:23:07
1119	App\\Models\\User	140	Personal Access Token	20a126c1d33e0ae469ba5b8cd5fdf07ed0cd1afde0bd7aa6b7d36b824b71c0a6	["*"]	\N	2023-09-20 06:36:18	2023-09-20 06:36:18
1120	App\\Models\\User	140	Personal Access Token	a4b480665fe4eb8584c10e8ef94c85628001e462b78caace337eebbb94a3e5cc	["*"]	\N	2023-09-20 06:36:43	2023-09-20 06:36:43
1121	App\\Models\\User	140	Personal Access Token	c708a508a763aff33d3f335a98c9cb68efd466233113e5d5d28c0117ba33ca32	["*"]	\N	2023-09-20 06:51:24	2023-09-20 06:51:24
1122	App\\Models\\User	140	Personal Access Token	a7ec85620d0cd2701cdbfd96cd55e4310e8a9e2eb0aa74fca5acf43785bacb2e	["*"]	\N	2023-09-20 06:51:43	2023-09-20 06:51:43
1123	App\\Models\\User	140	Personal Access Token	dfd30f29ca8e4ef54231325c4feaa5f4b26545464033cf3a2faec9e546174232	["*"]	\N	2023-09-20 06:52:12	2023-09-20 06:52:12
1124	App\\Models\\User	108	Personal Access Token	fa3dfc8a752d7d3d311d31d580401c7b5a874a246f11a17251eaed1212057d4d	["*"]	\N	2023-09-20 07:14:37	2023-09-20 07:14:37
1125	App\\Models\\User	108	Personal Access Token	67d5dad639e3ea8f6b191d278958823910c6518b62a9e96e0cd9a92d2df297da	["*"]	\N	2023-09-20 07:22:15	2023-09-20 07:22:15
1126	App\\Models\\User	108	Personal Access Token	adfa9ef69167e80efa9e4abde3e0e558b2bb5a69c2b604ef021bdad8736b29b6	["*"]	\N	2023-09-20 07:24:21	2023-09-20 07:24:21
1127	App\\Models\\User	140	Personal Access Token	e36d7831a1412d0d607c5ffe80eeca82c6b9b0355e34a38c6e740c4fd4ef0e1e	["*"]	\N	2023-09-20 07:26:20	2023-09-20 07:26:20
1128	App\\Models\\User	69	Personal Access Token	874039c3a3bd9a71d44e1be9b281d0f47b49bbc3026ffce0a38a371b1be2ec90	["*"]	\N	2023-09-20 07:29:58	2023-09-20 07:29:58
1129	App\\Models\\User	146	Personal Access Token	612db34ffba64165b202491cd1240938a97bd7d713bb55b77256fa8c6383031a	["*"]	\N	2023-09-20 07:30:22	2023-09-20 07:30:22
1130	App\\Models\\User	140	Personal Access Token	a72301194b0066ee269069c285b048618fb073efbbd605a535af21f50564bad6	["*"]	\N	2023-09-20 07:38:01	2023-09-20 07:38:01
1131	App\\Models\\User	146	Personal Access Token	de6e4b814b3557d341f6e04aa6fc98bd5c372a99902ea16d2bfa691def3a41f0	["*"]	\N	2023-09-20 08:23:01	2023-09-20 08:23:01
1132	App\\Models\\User	140	Personal Access Token	c01f9881bea4f70a485918437acb851b19dc2c519d691218410a9856542c6ccf	["*"]	\N	2023-09-20 08:26:47	2023-09-20 08:26:47
1133	App\\Models\\User	140	Personal Access Token	9c6db05f9c4e47533a6cc83470b2ab5de4665b90d0242fabc55d52f4ec2ac103	["*"]	\N	2023-09-20 08:46:18	2023-09-20 08:46:18
1134	App\\Models\\User	55	Personal Access Token	afc10948bb1d73f825a83dfe2f25d51717d0dd6888e0a029bf7223d2bfbd533e	["*"]	\N	2023-09-20 09:23:05	2023-09-20 09:23:05
1135	App\\Models\\User	108	Personal Access Token	05c90b9e101371962f847eafdad06057a8499a23c3d43f7b563e21d1561f978b	["*"]	\N	2023-09-20 11:32:38	2023-09-20 11:32:38
1136	App\\Models\\User	122	Personal Access Token	5e476a0b147f55f2527742cae3f7fb409122f8f62dab94849be53138eeb84aff	["*"]	\N	2023-09-25 07:03:24	2023-09-25 07:03:24
1137	App\\Models\\User	122	Personal Access Token	29437af564695b2b8c7e1816346d6502a3d784af9a04c1de01945131c0fc9328	["*"]	\N	2023-09-25 09:08:55	2023-09-25 09:08:55
1138	App\\Models\\User	122	Personal Access Token	23232e0009670e899b1a37b51e185fed3642ec072e20f862c645bf91497c0a4a	["*"]	\N	2023-09-26 08:34:17	2023-09-26 08:34:17
1139	App\\Models\\User	122	Personal Access Token	2fb47dcf23fb787bd88739341f343da0dab5d46e46c28e6eb4ca28e709543556	["*"]	\N	2023-09-26 09:53:27	2023-09-26 09:53:27
1140	App\\Models\\User	122	Personal Access Token	e2eaed56c75f5201e947e8e4ee6eeb889352c19490edb2a7683d03b24b2df2f1	["*"]	\N	2023-09-26 12:27:16	2023-09-26 12:27:16
1141	App\\Models\\User	122	Personal Access Token	97ecc074e576eea7b6e35deac2c9d3cc54593ac98490f90c70275211f6ff397e	["*"]	\N	2023-09-26 13:48:38	2023-09-26 13:48:38
1142	App\\Models\\User	122	Personal Access Token	772c252e2ce35806bbd8cf23cc98eaa08298ac509ba0740719753def59455182	["*"]	\N	2023-09-26 17:42:43	2023-09-26 17:42:43
1143	App\\Models\\User	122	Personal Access Token	5fccdba4b8dfdf5c19501e89630e010922f912ad5ceed066cf249ef193d820bb	["*"]	\N	2023-09-27 04:34:20	2023-09-27 04:34:20
1144	App\\Models\\User	122	Personal Access Token	8745346d5486833c7a312859378ba6d9221d40a832d611d2f1a2c4e335c991b5	["*"]	\N	2023-09-27 14:10:45	2023-09-27 14:10:45
1145	App\\Models\\User	130	Personal Access Token	f0a5e9077b1a374c2978084e5ca39fef0829add56baca53eafb16cc82d4d8d96	["*"]	\N	2023-09-30 06:01:09	2023-09-30 06:01:09
1146	App\\Models\\User	69	Personal Access Token	4692579ea84269dcd46a9e6f97b4f8f7f21d654380012a44837f2833b34e82d1	["*"]	\N	2023-10-16 04:50:56	2023-10-16 04:50:56
1147	App\\Models\\User	147	Personal Access Token	08db2788340ac5a03f82db8e2f104d1f5fa955e16043dee4e886c97c25c44034	["*"]	\N	2023-10-23 05:56:02	2023-10-23 05:56:02
1148	App\\Models\\User	147	Personal Access Token	cb446c2bd252b9dec61166a2010d500a955be881bde4756b1ea783deab1fa2d9	["*"]	\N	2023-10-23 05:56:03	2023-10-23 05:56:03
1149	App\\Models\\User	142	Personal Access Token	8386c83a31a1ee999e2dda6280938d439b0b1d3db8c99e8788f129bb92bbfe77	["*"]	\N	2023-10-27 11:26:26	2023-10-27 11:26:26
1150	App\\Models\\User	122	Personal Access Token	07095ab072f92d80ba40bfc53fc1ec255e3bf27a1160a036508373d05c450b75	["*"]	\N	2023-10-28 04:05:30	2023-10-28 04:05:30
1151	App\\Models\\User	77	Personal Access Token	e1e6b5ca7269311a87f5402829991ceba7a3fce8bc4d0d237a1c72598fafe4d8	["*"]	\N	2023-11-01 08:24:21	2023-11-01 08:24:21
1152	App\\Models\\User	148	Personal Access Token	5764c5838b5238f578801e2bdf4bacfad2e94b04120528f78f6a3ba906ab01a7	["*"]	\N	2023-11-01 10:51:53	2023-11-01 10:51:53
1153	App\\Models\\User	142	Personal Access Token	9ba992bf3acaa80a50e407d8c71bd144f863785e0a8ad4e74e47fdb62398f39c	["*"]	\N	2023-11-01 10:52:03	2023-11-01 10:52:03
1154	App\\Models\\User	142	Personal Access Token	16bb6483791bb0da7abf2c0952865c62479048598722a6ef72d6909adbbf48eb	["*"]	\N	2023-11-01 15:16:08	2023-11-01 15:16:08
1155	App\\Models\\User	77	Personal Access Token	f46d97c678cb8407106e034994412d261919ac8ce8cbf8ea52f2cc98ff8cf601	["*"]	\N	2023-11-01 15:19:09	2023-11-01 15:19:09
1156	App\\Models\\User	77	Personal Access Token	172612f0ffed5d9eba6d46f78bf14157a86d8b95d7749e5170e28fc6405edf70	["*"]	\N	2023-11-01 18:35:51	2023-11-01 18:35:51
1157	App\\Models\\User	69	Personal Access Token	e15e4f605ed8bcfa37eeba6a9b9485502182077b33af0c6e698f866fd61e71eb	["*"]	\N	2023-11-02 12:20:05	2023-11-02 12:20:05
1158	App\\Models\\User	118	Personal Access Token	809c3b3aacc896ab237801e8868c017bc47e4ad1589a26e63e14f927d1de11d4	["*"]	\N	2023-11-02 17:13:49	2023-11-02 17:13:49
1159	App\\Models\\User	77	Personal Access Token	e39bb0d25bde0f34a57b4f44736b00a696607e4d310e5b888cf75c8067fc5a13	["*"]	\N	2023-11-02 18:02:33	2023-11-02 18:02:33
1160	App\\Models\\User	122	Personal Access Token	69599301588a64f6c6d54620ad5f77f0a9dac27e5add7ebd1c4c3330f00e63dd	["*"]	\N	2023-11-03 04:32:08	2023-11-03 04:32:08
1161	App\\Models\\User	149	Personal Access Token	b233969488c1320102ae5f4045ce41778a31e1f5a6e46f29488bc37a288c705a	["*"]	\N	2023-11-03 05:02:30	2023-11-03 05:02:30
1162	App\\Models\\User	149	Personal Access Token	fd09b6be0e1a9881e96647bba9b2c99478ac0a78bb6450ef3f83721b035e5751	["*"]	\N	2023-11-03 05:02:30	2023-11-03 05:02:30
1163	App\\Models\\User	149	Personal Access Token	c52132b4567c7d49a8e6a3bca398dea325b4730a1b9acdd101e49b2c073812eb	["*"]	\N	2023-11-03 05:09:05	2023-11-03 05:09:05
1164	App\\Models\\User	150	Personal Access Token	980c9b4365758527547d4c6622adb4919e68ba735b16a689e919a4763a02ee40	["*"]	\N	2023-11-03 05:18:20	2023-11-03 05:18:20
1165	App\\Models\\User	150	Personal Access Token	622c8ee3e2f0717f07d5a60a8a4df374c8c02ef82ea0425944a919d4af670911	["*"]	\N	2023-11-03 05:18:20	2023-11-03 05:18:20
1166	App\\Models\\User	151	Personal Access Token	f7aac6a179aa7be6ff58c35eef2b2ab80a09efc08abcfa75a376eace98dc0503	["*"]	\N	2023-11-03 05:26:36	2023-11-03 05:26:36
1167	App\\Models\\User	151	Personal Access Token	a6e073348287159de89797e5af10b82d5b83db1451467ada60dd7a28e6caa015	["*"]	\N	2023-11-03 05:26:37	2023-11-03 05:26:37
1168	App\\Models\\User	151	Personal Access Token	dd0bc0020adbc76f4392e4ff0793856d0021275f12dcd95714e194c4afbbdf7b	["*"]	\N	2023-11-03 05:27:56	2023-11-03 05:27:56
1169	App\\Models\\User	69	Personal Access Token	d706dfd77031b1888a2d343779cc7aedd36d66cf026505aa0b19638c03fd6587	["*"]	\N	2023-11-03 06:03:57	2023-11-03 06:03:57
1170	App\\Models\\User	69	Personal Access Token	5b61a06e99f04cde629a5a2ede2249124631dd7978b85320357d07b911300788	["*"]	\N	2023-11-03 07:05:17	2023-11-03 07:05:17
1171	App\\Models\\User	152	Personal Access Token	9268d6173a9a82cd3370e8db58581c63c65516393c99cdc16201073790de7a53	["*"]	\N	2023-11-03 07:44:24	2023-11-03 07:44:24
1172	App\\Models\\User	152	Personal Access Token	14b41feab8156808c613691b1434fb7c09046227db302822051d73d06541b360	["*"]	\N	2023-11-03 07:44:24	2023-11-03 07:44:24
1173	App\\Models\\User	153	Personal Access Token	25841c622f297014d69c3b9195b28a04f03e2ef28065bfc9bc090811aa0c59ee	["*"]	\N	2023-11-03 07:56:24	2023-11-03 07:56:24
1174	App\\Models\\User	153	Personal Access Token	4f3bca43f416f868d22402efa54c2bfb78a9c4a9feb2cd7e46551a9f9a873c4f	["*"]	\N	2023-11-03 07:56:24	2023-11-03 07:56:24
1175	App\\Models\\User	154	Personal Access Token	9613fb674602c24ed477b8c050fcbca473009338b7793492a5bf7e97e4fe1852	["*"]	\N	2023-11-03 07:57:42	2023-11-03 07:57:42
1176	App\\Models\\User	154	Personal Access Token	e3fd0cd072821e02fea6bccbab560396fd581f0927dcc40cabf525c09c8f65ec	["*"]	\N	2023-11-03 07:57:42	2023-11-03 07:57:42
1177	App\\Models\\User	122	Personal Access Token	247cb2d536ba3f15019c22e53a3a4c1d665fc9673fdc091f387e181b36c58565	["*"]	\N	2023-11-06 11:14:04	2023-11-06 11:14:04
\.


--
-- Data for Name: pet_sizes; Type: TABLE DATA; Schema: public; Owner: postgres
--

COPY public.pet_sizes (id, name, active, deleted, created_at, updated_at) FROM stdin;
1	Small	1	0	2023-09-05 07:26:18	2023-09-05 07:26:18
2	Medium	1	0	2023-09-05 07:27:21	2023-09-05 07:27:21
3	Big	1	0	2023-09-05 07:27:29	2023-09-05 07:27:29
\.


--
-- Data for Name: photos; Type: TABLE DATA; Schema: public; Owner: postgres
--

COPY public.photos (id, vendor_id, image, active, deleted, created_at, updated_at) FROM stdin;
\.


--
-- Data for Name: playtime_staffs; Type: TABLE DATA; Schema: public; Owner: postgres
--

COPY public.playtime_staffs (id, name, sunday, sun_from, sun_to, monday, mon_from, mon_to, tuesday, tues_from, tues_to, wednesday, wed_from, wed_to, thursday, thurs_from, thurs_to, friday, fri_from, fri_to, saturday, sat_from, sat_to, image, vendor, active, deleted, created_at, updated_at) FROM stdin;
1	Abin	1	00:00	12:00	0	00:00	00:00	0	00:00	00:00	0	00:00	00:00	0	00:00	00:00	0	00:00	00:00	0	00:00	00:00	\N	3	1	0	2023-05-16 06:20:31	2023-05-16 06:20:31
\.


--
-- Data for Name: post_comments; Type: TABLE DATA; Schema: public; Owner: postgres
--

COPY public.post_comments (id, user_id, post_id, parent_id, comment, created_at, updated_at, comment_node_id, bad_words, is_bad_word_exist, active) FROM stdin;
\.


--
-- Data for Name: post_files; Type: TABLE DATA; Schema: public; Owner: postgres
--

COPY public.post_files (id, post_id, height, width, extension, is_default, url, created_at, updated_at, duration, thumb_image, have_hls_url, hls_url, hls_cdn_url) FROM stdin;
\.


--
-- Data for Name: post_likes; Type: TABLE DATA; Schema: public; Owner: postgres
--

COPY public.post_likes (id, post_id, user_id, created_at, updated_at) FROM stdin;
\.


--
-- Data for Name: post_reports; Type: TABLE DATA; Schema: public; Owner: postgres
--

COPY public.post_reports (id, user_id, post_id, reason, problem_id, created_at, updated_at) FROM stdin;
\.


--
-- Data for Name: post_saves; Type: TABLE DATA; Schema: public; Owner: postgres
--

COPY public.post_saves (id, post_id, user_id, created_at, updated_at) FROM stdin;
\.


--
-- Data for Name: post_users; Type: TABLE DATA; Schema: public; Owner: postgres
--

COPY public.post_users (id, post_id, user_id) FROM stdin;
\.


--
-- Data for Name: post_view_insights; Type: TABLE DATA; Schema: public; Owner: postgres
--

COPY public.post_view_insights (id, post_id, viewed_user_id, created_at, updated_at) FROM stdin;
\.


--
-- Data for Name: posts; Type: TABLE DATA; Schema: public; Owner: postgres
--

COPY public.posts (id, user_id, caption, file_type, file, location_name, lattitude, longitude, post_firebase_node_id, created_at, updated_at, active, visibility, extra_file_names, is_bad_word_exist, bad_words, dissable_comment, thumb_image) FROM stdin;
\.


--
-- Data for Name: product; Type: TABLE DATA; Schema: public; Owner: postgres
--

COPY public.product (id, product_type, product_desc_full, product_desc_short, product_sale_from, product_sale_to, product_featured_image, product_tag, product_created_by, product_updated_by, product_status, product_deleted, product_name, product_variation_type, product_taxable, product_vender_id, product_image, product_unique_iden, product_brand_id, product_name_arabic, product_desc_full_arabic, product_desc_short_arabic, cash_points, offer_enabled, deal_enabled, is_today_offer, today_offer_date, thanku_perc, custom_status, meta_title, meta_keyword, meta_description, product_vendor_status, product_gender, is_kandora, collection_id, hot_offer_enabled, trending_enabled, offers_list, zero_quantity_orders, product_code, product_tags, sort_order, offer_for_short, hot_offer_sort_order, new_trending_sort_order, author_id, deleted, default_category_id, default_attribute_id, created_at, updated_at, store_id, moda_main_category, moda_sub_category, brand, ret_applicable, ret_policy_days, ret_policy, account_id, activity_id, is_featured) FROM stdin;
6	1	\N	\N	\N	\N	\N	\N	3	3	1	0	Drools Puppy Ultium Performance 20kg	1	1	3	\N	334370602	0	\N	\N	\N	0	0	0	0	\N	\N	\N	\N	\N	\N	0	\N	0	0	0	0	0	0	\N	\N	0	0	0	0	0	0	0	6	2023-05-16 06:46:03	2023-08-19 09:47:54	0	0	0	6	1	0		0	0	0
12	2	\N	\N	\N	\N	\N	\N	3	3	1	0	Felix Wet Cat Food - 350 gm	1	1	3	\N	667442612	0	\N	\N	\N	0	0	0	0	\N	\N	\N	\N	\N	\N	0	\N	0	0	0	0	0	0	\N	\N	0	0	0	0	0	0	0	12	2023-05-16 10:50:21	2023-08-14 04:17:06	0	0	0	4	1	0		0	0	1
2	1	\N	\N	\N	\N	\N	\N	3	0	1	0	Test 2	1	1	3	\N	780483057	0	\N	\N	\N	0	0	0	0	\N	\N	\N	\N	\N	\N	0	\N	0	0	0	0	0	0	\N	\N	0	0	0	0	0	1	0	2	2023-05-15 03:00:24	\N	0	0	0	1	1	0		0	0	0
1	1	\N	\N	\N	\N	\N	\N	3	0	1	0	Test	1	1	3	\N	798112369	0	\N	\N	\N	0	0	0	0	\N	\N	\N	\N	\N	\N	0	\N	0	0	0	0	0	0	\N	\N	0	0	0	0	0	1	0	1	2023-05-15 02:29:59	\N	0	0	0	1	1	0		0	0	0
8	1	\N	\N	\N	\N	\N	\N	3	3	1	0	Pedigree Vegetarian Puppy & Adult Dry Food-3 Kg	1	1	3	\N	878158613	0	\N	\N	\N	0	0	0	0	\N	\N	\N	\N	\N	\N	0	\N	0	0	0	0	0	0	\N	\N	0	0	0	0	0	0	0	8	2023-05-16 06:53:02	2023-08-19 09:48:50	0	0	0	1	1	0		0	0	0
4	1	\N	\N	\N	\N	\N	\N	3	0	1	0	First Bark Chic Wrap Mango & Chicken Wraps Flavour - 70 gm	1	1	3	\N	334345071	0	\N	\N	\N	0	0	0	0	\N	\N	\N	\N	\N	\N	0	\N	0	0	0	0	0	0	\N	\N	0	0	0	0	0	0	0	4	2023-05-16 05:46:14	\N	0	0	0	1	1	0		0	0	0
5	1	\N	\N	\N	\N	\N	\N	3	0	1	0	Bark Out Loud by Vivaldis Veggie Bacon Vegan Spanish Dog Treats -100 gm	1	1	3	\N	332158135	0	\N	\N	\N	0	0	0	0	\N	\N	\N	\N	\N	\N	0	\N	0	0	0	0	0	0	\N	\N	0	0	0	0	0	0	0	5	2023-05-16 06:17:47	\N	0	0	0	5	1	0		0	0	0
3	1	\N	\N	\N	\N	\N	\N	3	0	1	0	Drools Chicken & Egg Dog Biscuits - 400 gm	1	1	3	\N	111949530	0	\N	\N	\N	0	0	0	0	\N	\N	\N	\N	\N	\N	0	\N	0	0	0	0	0	0	\N	\N	0	0	0	0	0	0	0	3	2023-05-16 05:38:16	\N	0	0	0	1	1	0		0	0	0
7	1	\N	\N	\N	\N	\N	\N	3	3	1	0	Drools Focus All Breed Adult Dry Dog Food	1	1	3	\N	348146644	0	\N	\N	\N	0	0	0	0	\N	\N	\N	\N	\N	\N	0	\N	0	0	0	0	0	0	\N	\N	0	0	0	0	0	0	0	7	2023-05-16 06:48:57	2023-08-19 09:49:08	0	0	0	6	1	0		0	0	0
10	1	\N	\N	\N	\N	\N	\N	3	0	1	0	Me-O Salmon Adult Dry Cat Food - 1 kg	1	1	3	\N	276074821	0	\N	\N	\N	0	0	0	0	\N	\N	\N	\N	\N	\N	0	\N	0	0	0	0	0	0	\N	\N	0	0	0	0	0	0	0	10	2023-05-16 06:58:43	\N	0	0	0	7	1	0		0	0	0
9	1	\N	\N	\N	\N	\N	\N	3	0	1	0	Drools Cat Ocean Fish 3 kg + 1.2 kg	1	1	3	\N	682056372	0	\N	\N	\N	0	0	0	0	\N	\N	\N	\N	\N	\N	0	\N	0	0	0	0	0	0	\N	\N	0	0	0	0	0	1	0	9	2023-05-16 06:55:56	\N	0	0	0	6	1	0		0	0	0
13	1	\N	\N	\N	\N	\N	\N	3	3	1	0	Drools	1	1	3	\N	56894262	0	\N	\N	\N	0	0	0	0	\N	\N	\N	\N	\N	\N	0	\N	0	0	0	0	0	0	\N	\N	0	0	0	0	0	0	0	13	2023-05-31 13:19:55	2023-08-14 12:15:25	0	0	0	6	1	0		0	0	1
15	2	\N	\N	\N	\N	\N	\N	3	0	1	0	twst	1	1	3	\N	733148873	0	\N	\N	\N	0	0	0	0	\N	\N	\N	\N	\N	\N	0	\N	0	0	0	0	0	0	\N	\N	0	0	0	0	0	1	0	0	2023-08-05 08:33:35	\N	0	0	0	5	1	0		0	0	0
11	1	\N	\N	\N	\N	\N	\N	3	0	1	0	Cat Food	1	1	3	\N	975424510	0	\N	\N	\N	0	0	0	0	\N	\N	\N	\N	\N	\N	0	\N	0	0	0	0	0	0	\N	\N	0	0	0	0	0	1	0	11	2023-05-16 10:35:56	\N	0	0	0	2	1	0		0	0	0
18	1	\N	\N	\N	\N	\N	\N	3	0	1	0	test	1	1	3	\N	744518540	0	\N	\N	\N	0	0	0	0	\N	\N	\N	\N	\N	\N	0	\N	0	0	0	0	0	0	\N	\N	0	0	0	0	0	1	0	21	2023-08-15 11:23:56	\N	0	0	0	6	1	0		0	0	0
16	1	\N	\N	\N	\N	\N	\N	3	3	1	0	Trixie Mouse Shaped Sisal Toy for Cats	1	1	3	\N	190444529	0	\N	\N	\N	0	0	0	0	\N	\N	\N	\N	\N	\N	0	\N	0	0	0	0	0	0	\N	\N	0	0	0	0	0	0	0	19	2023-08-14 04:47:14	2023-08-18 05:57:52	0	0	0	14	1	0		0	0	1
17	1	\N	\N	\N	\N	\N	\N	3	3	1	0	HUFT Omelette Cuddle Dog Toy	1	1	3	\N	919552808	0	\N	\N	\N	0	0	0	0	\N	\N	\N	\N	\N	\N	0	\N	0	0	0	0	0	0	\N	\N	0	0	0	0	0	0	0	20	2023-08-14 04:55:58	2023-08-19 04:30:08	0	0	0	15	1	0		0	0	0
14	2	\N	\N	\N	\N	\N	\N	3	0	0	0	Variable product	1	1	3	\N	904040117	0	\N	\N	\N	0	0	0	0	\N	\N	\N	\N	\N	\N	0	\N	0	0	0	0	0	0	\N	\N	0	0	0	0	0	1	0	0	2023-08-05 08:18:44	\N	0	0	0	5	1	0		0	0	0
\.


--
-- Data for Name: product_attribute; Type: TABLE DATA; Schema: public; Owner: postgres
--

COPY public.product_attribute (attribute_id, attribute_name, attribute_status, attribute_created_date, attribute_name_arabic, attribute_type, is_deleted) FROM stdin;
1	Size	1	\N		1	0
2	Age	1	\N		1	0
\.


--
-- Data for Name: product_attribute_values; Type: TABLE DATA; Schema: public; Owner: postgres
--

COPY public.product_attribute_values (attribute_values_id, attribute_id, attribute_values, attribute_values_arabic, attribute_value_in, attribute_value_color, attribute_value_label, attribute_value_label_arabic, attribute_value_image, is_deleted, attribute_value_sort_order, attribute_color) FROM stdin;
1	1	Large		1	\N	\N	\N	\N	0	0	#ffffff
2	2	1-12 months		1	\N	\N	\N	\N	0	0	#ffffff
3	2	1 year		1	\N	\N	\N	\N	0	0	#ffffff
4	2	2 years		1	\N	\N	\N	\N	0	0	#ffffff
5	2	3 years		1	\N	\N	\N	\N	0	0	#ffffff
6	2	2+		1	\N	\N	\N	\N	0	0	#ffffff
7	1	Small		1	\N	\N	\N	\N	0	0	#ffffff
\.


--
-- Data for Name: product_category; Type: TABLE DATA; Schema: public; Owner: postgres
--

COPY public.product_category (product_category_id, product_id, category_id) FROM stdin;
1	1	2
2	2	1
3	3	4
4	4	4
5	5	4
9	9	1
10	10	1
11	11	1
24	14	1
25	15	1
28	12	1
32	13	4
33	18	1
36	16	4
37	16	8
38	17	4
39	17	8
40	6	4
41	8	4
42	8	8
43	7	4
44	7	8
\.


--
-- Data for Name: product_docs; Type: TABLE DATA; Schema: public; Owner: postgres
--

COPY public.product_docs (id, product_id, title, doc_path) FROM stdin;
\.


--
-- Data for Name: product_images; Type: TABLE DATA; Schema: public; Owner: postgres
--

COPY public.product_images (id, product_id, image_name, product_attribute_id) FROM stdin;
\.


--
-- Data for Name: product_likes; Type: TABLE DATA; Schema: public; Owner: postgres
--

COPY public.product_likes (id, product_id, user_id, created_at, updated_at, product_attribute_id) FROM stdin;
137	3	127	2023-08-22 05:54:24	2023-08-22 05:54:24	3
138	17	127	2023-08-22 05:54:33	2023-08-22 05:54:33	20
139	6	127	2023-08-22 05:55:06	2023-08-22 05:55:06	6
141	12	127	2023-08-22 05:55:24	2023-08-22 05:55:24	12
143	16	127	2023-08-22 05:58:40	2023-08-22 05:58:40	19
144	8	128	2023-08-22 06:32:44	2023-08-22 06:32:44	8
145	16	114	2023-08-22 07:00:33	2023-08-22 07:00:33	19
146	8	114	2023-08-22 07:00:35	2023-08-22 07:00:35	8
81	5	113	2023-08-17 07:24:07	2023-08-17 07:24:07	5
82	4	113	2023-08-17 07:24:20	2023-08-17 07:24:20	4
83	3	113	2023-08-17 07:29:13	2023-08-17 07:29:13	3
147	6	129	2023-08-22 07:09:48	2023-08-22 07:09:48	6
18	13	2	2023-06-06 13:53:35	2023-06-06 13:53:35	13
148	17	114	2023-08-22 07:10:03	2023-08-22 07:10:03	20
20	4	59	2023-06-13 03:59:09	2023-06-13 03:59:09	4
21	3	59	2023-06-13 06:04:11	2023-06-13 06:04:11	3
22	6	59	2023-06-17 04:57:27	2023-06-17 04:57:27	6
23	13	66	2023-07-18 07:38:36	2023-07-18 07:38:36	13
86	12	112	2023-08-17 09:09:04	2023-08-17 09:09:04	12
25	3	66	2023-07-18 07:38:44	2023-07-18 07:38:44	3
26	10	71	2023-07-21 14:04:46	2023-07-21 14:04:46	10
87	13	112	2023-08-17 09:09:08	2023-08-17 09:09:08	13
28	13	75	2023-07-28 20:22:45	2023-07-28 20:22:45	13
149	3	114	2023-08-22 07:11:45	2023-08-22 07:11:45	4
150	5	114	2023-08-22 07:12:19	2023-08-22 07:12:19	5
152	16	126	2023-08-22 08:04:34	2023-08-22 08:04:34	19
92	3	55	2023-08-19 07:39:42	2023-08-19 07:39:42	3
157	13	95	2023-08-22 08:07:23	2023-08-22 08:07:23	4
159	17	119	2023-08-22 08:10:46	2023-08-22 08:10:46	20
163	16	54	2023-08-22 15:42:20	2023-08-22 15:42:20	19
48	12	81	2023-08-03 16:22:38	2023-08-03 16:22:38	12
49	4	81	2023-08-03 16:22:48	2023-08-03 16:22:48	4
50	8	81	2023-08-03 18:55:01	2023-08-03 18:55:01	8
170	17	54	2023-08-22 17:44:55	2023-08-22 17:44:55	20
171	12	54	2023-08-22 17:45:01	2023-08-22 17:45:01	12
172	10	54	2023-08-22 17:45:06	2023-08-22 17:45:06	10
176	16	119	2023-08-23 11:08:09	2023-08-23 11:08:09	19
178	4	119	2023-08-23 12:19:24	2023-08-23 12:19:24	4
179	3	119	2023-08-23 12:19:38	2023-08-23 12:19:38	3
180	13	54	2023-08-23 12:24:34	2023-08-23 12:24:34	4
182	17	139	2023-09-19 06:54:05	2023-09-19 06:54:05	20
183	16	139	2023-09-19 06:54:06	2023-09-19 06:54:06	19
185	12	122	2023-09-19 12:52:45	2023-09-19 12:52:45	12
190	13	122	2023-09-25 08:54:44	2023-09-25 08:54:44	13
131	13	54	2023-08-21 13:22:53	2023-08-21 13:22:53	13
\.


--
-- Data for Name: product_selected_attribute_list; Type: TABLE DATA; Schema: public; Owner: postgres
--

COPY public.product_selected_attribute_list (product_attribute_id, product_id, manage_stock, stock_quantity, allow_back_order, stock_status, sold_individually, weight, length, height, width, shipping_class, sale_price, regular_price, taxable, image, shipping_note, title, rating, rated_users, image_temp, barcode, image_action, pr_code, product_desc, product_full_descr, size_chart) FROM stdin;
1	1	0	12	0	0	0	\N	\N	\N	\N	0	10	11	0		\N	\N	\N	0	\N	\N	\N	12	\N	\N	\N
2	2	0	11	0	0	0	11	0	0	0	0	11	11	0		\N	\N	\N	0	\N	\N	\N	11	\N	\N	\N
3	3	0	100	0	0	0	0.4	0	0	0	0	160	200	0	646316c885ab2_1684215496.png,646316c88688f_1684215496.png	\N	\N	\N	0	\N	\N	\N	5	\N	Drools Biscuits is a delicious and crunchy dog treat which is highly palatable and digestible. The forti?ed vitamins and minerals makes your dog active and healthy. These biscuits reduces tartar build up, and strengthens teeth and gums.	\N
4	4	0	50	0	0	0	0.07	0	0	0	0	179	199	0	646318a614bdc_1684215974.jpg	\N	\N	\N	0	\N	\N	\N	50	\N	\N	\N
5	5	0	1000	0	0	0	0.1	0	0	0	0	120	300	0	6463200b85cbb_1684217867.jpg,6463200b869bf_1684217867.jpg,6463200b86cc2_1684217867.jpg	\N	\N	\N	0	\N	\N	\N	5	\N	Crude Protein Min 13.20%, Fat Content Min 2.00%, Crude Fibre Max 4%, Moisture Max 21.60%	\N
9	9	0	100	0	0	0	4.2	0	0	0	0	300	380	0	646328fc41445_1684220156.jpg	\N	\N	\N	0	\N	\N	\N	10	\N	\N	\N
10	10	0	100	0	0	0	1	0	0	0	0	145	190	0	646329a339629_1684220323.jpg	\N	\N	\N	0	\N	\N	\N	1	\N	\N	\N
11	11	0	\N	0	0	0	\N	0	0	0	0	\N	\N	0		\N	\N	\N	0	\N	\N	\N	\N	\N	\N	\N
6	6	0	100	0	0	0	20	0	0	0	0	450	650	0	646326ab3f9c8_1684219563.jpg,646326ab406f0_1684219563.jpg	\N	\N	\N	0	\N	\N	\N	15	\N	Drools Ultium Performance dog food contains high-quality Real chicken, a blend of vitamins and minerals which ensure that your pet can get all the essential health benefits which promotes superior growth and muscle development for better agility and improved performance of your pet. At Drools, we realize your intense passion for pets and the importance of a healthy and nutritious diet for them. So, our team of nutritionists and veterinarians have created superior quality food, specific to the growing needs of pets. Not just that, extensive research has also ensured a consistent taste, better digestibility, and absorption across the products of Drools. These products are nutritionally balanced and undergo rigorous quality checks to ensure that the best quality food reaches your pets bowl.	
12	12	0	150	0	0	0	3	0	0	0	0	30	40	0	64d9a9746e23f_1691986292.png,64d9aac1f3972_1691986625.png	\N	\N	\N	0	\N		\N	100		test	
14	12	0	26	0	0	0	1.5	0	0	0	0	5	10	0	64880f0f9ac72_1686638351.png,,,	\N	\N	\N	0	\N		\N	6628			
8	8	0	100	0	0	0	3	0	0	0	0	280	350	0	6463284e9f8e8_1684219982.jpg,6463284ea06ad_1684219982.jpg	\N	\N	\N	0	\N	\N	\N	1	\N	\N	
13	13	0	25	0	0	0	12	0	0	0	0	10	12	0	64d9a8a2ab6a1_1691986082.png,64d9aace40311_1691986638.png	\N	\N	\N	0	\N	\N	\N	25	\N	During the period of 3 weeks to 3 months, puppies require increased levels of protein and energy to ensure optimal growth. Drools Puppy Starter provides that extra nutrition which is scientifically developed in a convenient and easily rehydratable form. Drools Puppy Starter provides 100% complete and balanced nutrition for growing puppies. This well-balanced formula can also be fed to dogs while pregnant or nursing. FOS (Fructo-Oligosaccharides) & MOS (Mannan-Oligosaccharides), a natural prebiotic, is included to support your puppys defense system right from the digestive tract. Drools Puppy Starter is designed to promote a gradual transition from motherss milk to solid food.	
21	18	0	1	0	0	0	\N	0	0	0	0	200	400	0		\N	\N	\N	0	\N	\N	\N	1	\N	\N	\N
7	7	0	60	0	0	0	1.2	0	0	0	0	650	890	0	646327592c959_1684219737.jpg,646327592d6f9_1684219737.jpg	\N	\N	\N	0	\N	\N	\N	2	\N	\N	
19	16	0	100	0	0	0	\N	0	0	0	0	205	225	0	64d9b1d29ca10_1691988434.png,64d9b1d29d8af_1691988434.png,64d9b1d29dc5c_1691988434.png	\N	\N	\N	0	\N	\N	\N	10	\N	\N	
20	17	0	100	0	0	0	\N	0	0	0	0	25	65	0	64d9b3de272e3_1691988958.png,64d9b3de28199_1691988958.png,64d9b3de2847e_1691988958.png,64d9b3de2870c_1691988958.png	\N	\N	\N	0	\N	\N	\N	5	\N	\N	
15	14	0	50	0	0	0	0	0	0	0	0	50	51	0		\N	\N	\N	0	\N		\N	1111			\N
16	14	0	60	0	0	0	0	0	0	0	0	60	61	0		\N	\N	\N	0	\N		\N	1133			\N
17	15	0	43	0	0	0	43	0	0	0	0	43	67	0		\N	\N	\N	0	\N		\N	43		tets	\N
18	15	0	32	0	0	0	423	0	0	0	0	32	67	0		\N	\N	\N	0	\N		\N	32		424342	\N
\.


--
-- Data for Name: product_selected_attributes; Type: TABLE DATA; Schema: public; Owner: postgres
--

COPY public.product_selected_attributes (product_selected_attributes_id, attribute_id, attribute_values_id, product_id) FROM stdin;
1	1	1	12
2	1	7	12
3	1	1	14
4	1	7	14
5	1	1	15
6	1	7	15
\.


--
-- Data for Name: product_specifications; Type: TABLE DATA; Schema: public; Owner: postgres
--

COPY public.product_specifications (prod_spec_id, product_id, spec_title, spec_descp, lang, spec_title_arabic, spec_descp_arabic) FROM stdin;
\.


--
-- Data for Name: product_temp_image; Type: TABLE DATA; Schema: public; Owner: postgres
--

COPY public.product_temp_image (id, product_id, product_attribute_id, image, created_at, updated_at) FROM stdin;
\.


--
-- Data for Name: product_variations; Type: TABLE DATA; Schema: public; Owner: postgres
--

COPY public.product_variations (product_variations_id, attribute_id, attribute_values_id, product_attribute_id, product_id) FROM stdin;
1	1	1	12	12
2	1	7	14	12
3	1	1	15	14
4	1	7	16	14
5	1	1	17	15
6	1	7	18	15
\.


--
-- Data for Name: products; Type: TABLE DATA; Schema: public; Owner: postgres
--

COPY public.products (id, product_type, name, active, deleted, created_by, updated_by, company_id, store_id, description, featured, meta_title, meta_description, meta_keywords, created_at, updated_at) FROM stdin;
\.


--
-- Data for Name: profile_bios; Type: TABLE DATA; Schema: public; Owner: postgres
--

COPY public.profile_bios (id, value, created_at, updated_at) FROM stdin;
\.


--
-- Data for Name: public_business_infos; Type: TABLE DATA; Schema: public; Owner: postgres
--

COPY public.public_business_infos (id, title, active, deleted, created_at, updated_at) FROM stdin;
\.


--
-- Data for Name: room_types; Type: TABLE DATA; Schema: public; Owner: postgres
--

COPY public.room_types (id, name, active, deleted, created_at, updated_at) FROM stdin;
1	Double	1	0	2023-06-09 02:42:41	2023-06-09 02:42:49
2	Small	1	0	2023-06-09 02:42:57	2023-06-09 02:42:57
\.


--
-- Data for Name: service_foods; Type: TABLE DATA; Schema: public; Owner: postgres
--

COPY public.service_foods (id, service_id, food_id) FROM stdin;
1	39	1
2	40	1
3	40	2
4	42	1
5	47	1
6	50	1
7	51	1
8	52	1
9	77	1
10	78	1
11	79	1
12	79	2
13	101	1
14	101	2
15	101	3
16	102	1
17	103	1
18	103	2
19	106	-1
20	108	4
21	111	4
22	113	1
23	115	1
24	121	1
25	141	1
26	141	-1
27	142	-1
28	147	2
29	147	-1
30	148	6
31	148	-1
32	172	2
33	199	1
34	199	2
35	200	1
36	200	2
37	201	1
38	201	2
39	201	3
40	229	1
41	246	1
42	246	2
43	253	2
44	253	3
45	253	4
46	253	5
47	253	6
48	256	2
49	263	1
50	263	2
51	263	3
52	263	4
53	264	1
54	264	2
55	264	3
56	268	1
57	270	5
58	271	1
59	282	2
60	283	2
61	284	1
62	287	2
63	288	3
64	292	2
65	299	2
66	299	4
67	299	8
68	300	2
69	301	1
70	302	1
71	305	2
72	322	3
73	324	2
74	327	2
75	331	3
76	331	4
77	334	3
78	335	1
79	337	1
80	341	1
81	343	3
82	344	2
83	345	2
84	346	1
85	346	2
86	346	3
87	346	4
88	347	1
89	347	2
90	348	2
91	348	3
92	351	2
93	351	3
94	351	4
95	352	1
96	353	1
97	353	2
98	354	1
99	354	2
100	354	3
101	355	1
102	357	1
103	357	2
104	357	3
105	359	1
106	359	3
107	360	2
108	365	1
109	365	3
110	367	2
111	369	1
112	369	2
113	370	1
114	370	2
115	370	3
116	376	2
117	377	2
118	379	3
119	379	2
120	379	1
121	380	1
122	380	2
123	380	3
124	380	4
125	383	1
126	383	2
127	390	1
128	390	2
129	390	3
130	390	4
131	390	5
132	397	4
133	398	2
134	398	3
135	405	1
136	405	2
137	405	4
138	406	1
139	406	2
140	406	3
141	407	1
142	407	4
143	417	1
144	422	4
145	425	5
146	428	1
147	429	1
148	448	1
149	448	2
150	451	1
151	509	1
152	511	1
153	513	1
154	516	1
155	522	1
156	524	1
157	525	1
158	541	1
159	552	1
160	553	1
161	554	1
162	556	1
163	568	1
164	568	5
165	577	1
166	578	1
167	578	2
168	580	2
169	582	2
170	582	3
171	582	4
172	584	2
173	584	3
174	584	4
175	586	1
176	587	2
177	587	1
178	587	3
179	588	2
180	588	3
181	589	1
182	589	2
183	592	2
184	593	2
185	595	3
186	597	2
\.


--
-- Data for Name: service_pets; Type: TABLE DATA; Schema: public; Owner: postgres
--

COPY public.service_pets (id, service_id, pet_id) FROM stdin;
1	20	8
2	20	6
3	21	8
4	21	6
5	22	8
6	22	6
7	23	8
8	23	6
9	24	8
10	24	6
11	25	8
12	25	6
13	26	8
14	26	6
15	27	8
16	28	9
17	29	9
18	30	8
19	31	8
20	32	8
21	33	8
22	33	6
23	34	8
24	35	9
25	36	10
26	37	10
27	38	10
28	39	8
29	40	8
30	41	10
31	42	10
32	42	9
33	43	9
34	44	8
35	45	8
36	46	8
37	47	11
38	48	8
39	49	6
40	50	8
41	51	8
42	52	8
43	53	12
44	54	16
45	55	16
46	56	16
47	57	16
48	58	16
49	59	16
50	60	16
51	61	16
52	62	11
53	63	11
54	64	13
55	65	13
56	66	13
57	67	12
58	68	12
59	69	12
60	70	17
61	71	17
62	72	17
63	73	17
64	74	17
65	75	17
66	76	17
67	77	17
68	78	17
69	79	18
70	80	13
71	81	13
72	82	13
73	83	13
74	84	17
75	85	17
76	86	17
77	87	17
78	88	13
79	89	8
80	90	13
81	91	13
82	92	13
83	93	6
84	95	21
85	96	24
86	97	21
87	98	24
88	99	21
89	100	24
90	101	24
91	102	24
92	103	24
93	104	24
94	105	24
95	106	24
96	107	31
97	108	9
98	108	10
99	109	32
100	110	32
101	111	32
102	112	32
103	113	31
104	114	13
105	115	13
106	116	16
107	117	16
108	118	41
109	119	43
110	120	43
111	121	46
112	122	46
113	123	16
114	124	48
115	125	43
116	126	43
117	127	47
118	128	47
119	129	47
120	130	49
121	131	47
122	132	47
123	133	36
124	134	47
125	135	47
126	136	47
127	137	48
128	138	49
129	139	51
130	140	52
131	141	51
132	142	51
133	143	52
134	144	52
135	145	51
136	146	52
137	147	52
138	148	51
139	149	52
140	150	52
141	151	53
142	152	53
143	153	52
144	154	53
145	155	53
146	156	53
147	157	53
148	158	53
149	159	53
150	160	53
151	161	51
152	162	53
153	163	37
154	164	37
155	165	37
156	166	37
157	167	55
158	168	55
159	169	53
160	170	54
161	171	55
162	172	54
163	173	54
164	174	55
165	175	53
166	176	55
167	177	53
168	178	52
169	179	53
170	180	47
171	181	56
172	182	59
173	183	53
174	184	59
175	185	53
176	186	59
177	187	59
178	188	59
179	189	52
180	190	59
181	191	59
182	192	59
183	193	59
184	194	16
185	195	59
186	196	52
187	197	53
188	198	37
189	199	37
190	200	37
191	201	37
192	202	61
193	203	60
194	204	61
195	205	61
196	206	60
197	207	61
198	208	61
199	209	61
200	210	61
201	211	60
202	212	59
203	213	59
204	214	59
205	215	58
206	216	53
207	217	53
208	218	58
209	219	53
210	220	58
211	221	59
212	222	59
213	223	64
214	224	59
215	225	59
216	226	53
217	227	53
218	228	59
219	229	56
220	230	16
221	231	64
222	232	59
223	233	59
224	234	59
225	235	58
226	236	53
227	237	55
228	238	55
229	239	59
230	240	16
231	241	16
232	242	59
233	243	55
234	244	55
235	245	55
236	246	62
237	247	59
238	248	59
239	249	55
240	250	55
241	251	58
242	252	59
243	253	54
244	254	64
245	255	59
246	256	59
247	257	66
248	258	66
249	259	66
250	260	66
251	261	59
252	262	57
253	263	58
254	264	53
255	265	53
256	266	48
257	267	48
258	268	48
259	269	64
260	270	59
261	271	48
262	272	48
263	273	59
264	274	59
265	275	59
266	276	59
267	277	58
268	278	58
269	279	50
270	280	50
271	281	50
272	282	53
273	283	50
274	284	59
275	285	59
276	286	58
277	287	55
278	288	58
279	289	59
280	290	58
281	291	59
282	292	59
283	293	59
284	294	59
285	295	59
286	296	16
287	297	67
288	298	56
289	299	67
290	300	16
291	301	59
292	302	58
293	303	57
294	304	56
295	305	50
296	306	50
297	307	50
298	308	50
299	309	62
300	310	62
301	311	69
302	312	69
303	313	69
304	314	58
305	315	55
306	316	69
307	317	69
308	318	69
309	319	69
310	320	69
311	321	69
312	322	69
313	323	67
314	324	69
315	325	69
316	326	69
317	327	59
318	328	69
319	329	59
320	330	57
321	331	58
322	332	58
323	333	69
324	334	58
325	335	69
326	336	59
327	337	58
328	338	67
329	339	54
330	340	67
331	341	69
332	342	62
333	343	68
334	344	68
335	345	68
336	346	59
337	347	58
338	348	59
339	349	68
340	350	68
341	351	50
342	352	68
343	353	68
344	354	68
345	355	68
346	356	68
347	357	68
348	358	50
349	359	47
350	360	68
351	361	71
352	362	71
353	363	73
354	364	73
355	365	74
356	366	75
357	367	73
358	368	75
359	369	16
360	370	37
361	371	76
362	372	76
363	373	77
364	374	78
365	375	78
366	376	78
367	377	78
368	378	78
369	379	68
370	380	68
371	381	82
372	382	82
373	383	82
374	384	82
375	385	81
376	386	84
377	387	84
378	388	84
379	389	84
380	390	84
381	391	84
382	392	84
383	393	37
384	394	37
385	395	82
386	396	82
387	397	82
388	398	82
389	399	81
390	400	80
391	401	82
392	402	82
393	403	80
394	404	82
395	405	85
396	406	82
397	407	82
398	408	67
399	409	67
400	410	67
401	411	67
402	412	67
403	413	67
404	414	67
405	415	67
406	416	86
407	417	11
408	418	86
409	419	67
410	420	67
411	421	67
412	422	86
413	423	67
414	424	67
415	425	86
416	426	88
417	427	9
418	428	9
419	429	10
420	430	88
421	431	89
422	432	87
423	433	87
424	434	87
425	435	87
426	436	37
427	437	37
428	438	87
429	439	37
430	440	62
431	441	62
432	442	62
433	443	62
434	444	62
435	445	37
436	446	37
437	447	89
438	448	37
439	449	37
440	450	88
441	451	89
442	452	56
443	453	86
444	454	88
445	455	67
446	456	67
447	457	86
448	458	67
449	459	67
450	460	67
451	461	67
452	462	67
453	463	67
454	464	67
455	465	67
456	466	67
457	467	67
458	468	67
459	469	56
460	470	48
461	471	48
462	472	48
463	473	67
464	474	67
465	475	67
466	476	48
467	477	48
468	478	93
469	479	92
470	480	91
471	481	92
472	482	92
473	483	93
474	484	92
475	485	92
476	486	86
477	487	91
478	488	91
479	489	91
480	490	91
481	491	91
482	492	92
483	493	92
484	494	92
485	495	92
486	496	92
487	497	92
488	498	92
489	499	92
490	500	37
491	501	37
492	502	93
493	503	93
494	504	86
495	505	37
496	506	37
497	507	91
498	508	37
499	509	88
500	510	92
501	511	92
502	512	92
503	513	95
504	514	92
505	515	96
506	516	95
507	517	91
508	518	37
509	519	37
510	520	94
511	521	91
512	522	92
513	523	88
514	524	92
515	525	92
516	526	92
517	527	92
518	528	88
519	529	92
520	530	92
521	531	92
522	532	92
523	533	92
524	534	92
525	535	92
526	536	95
527	537	16
528	538	16
529	539	67
530	540	88
531	541	96
532	542	95
533	543	96
534	544	95
535	545	91
536	546	95
537	547	91
538	548	91
539	549	91
540	550	67
541	551	67
542	552	96
543	553	10
544	554	10
545	555	10
546	556	10
547	557	9
548	558	92
549	559	92
550	560	92
551	561	92
552	562	92
553	563	98
554	564	99
555	565	94
556	566	101
557	567	56
558	568	33
559	569	102
560	570	103
561	571	102
562	572	95
563	573	103
564	574	48
565	575	95
566	576	92
567	577	103
568	578	102
569	579	92
570	580	103
571	581	92
572	582	103
573	583	98
574	584	103
575	585	94
576	586	98
577	587	92
578	588	92
579	589	98
580	590	98
581	591	98
582	592	98
583	593	98
584	594	102
585	595	102
586	596	95
587	597	16
\.


--
-- Data for Name: service_quotes; Type: TABLE DATA; Schema: public; Owner: postgres
--

COPY public.service_quotes (id, service_id, user_id, pet_id, doctor_id, groomer_id, appointment_type, "time", date, drop_off_time, drop_off_date, pick_up_time, pick_up_date, feeding_schedule, food, specific_medication, notes, status, deleted, created_at, updated_at, quote_price, reject_reason, playtime_staff_id, medicine_instructions, food_id, grooming_service, quote_document, payment_ref_id, payment_mode, time_slot, room_id, seats, paid_price, total, vat, discount, grand_total, pet_size, reminder_sent, slote) FROM stdin;
48	1	54	0	1	0	4	09:00:00	2023-07-26	\N	\N	\N	\N	0	\N	0	\N	5	0	2023-07-24 11:30:18	2023-08-04 14:59:18	130	\N	0	\N	0	0	169061720064c4c570ecadd_doc.pdf	\N	0	09:00 AM - 10:00 AM	0	0	0	0	0	0	0	0	0	0
1	1	2	1	1	0	1	13:00	2023-05-20	\N	\N	\N	\N	0	\N	0	\N	1	0	2023-05-16 06:31:02	2023-05-16 06:56:40	56	\N	0	\N	0	0	\N	\N	0		0	0	0	0	0	0	0	0	0	0
2	2	2	1	0	1	0	10:30	2023-06-01	\N	\N	\N	\N	0	\N	0	\N	2	0	2023-05-16 06:31:02	2023-05-16 08:48:00	\N	yfgyiiutiutiut	0	\N	0	0	\N	\N	0		0	0	0	0	0	0	0	0	0	0
4	4	2	1	0	0	0	\N	\N	08:00	2023-08-01	21:30	2023-08-01	1	Himalaya Meat & Rice Healthy Pet Adult Dog Dry Food	0	\N	1	0	2023-05-16 06:31:02	2023-05-29 12:09:13	40	\N	0	\N	0	0	\N	\N	0		0	0	0	0	0	0	0	0	0	0
3	3	2	1	0	0	0	\N	\N	10:30	2023-06-01	13:30	2023-07-01	1	Himalaya Meat & Rice Healthy Pet Adult Dog Dry Food	0	\N	1	0	2023-05-16 06:31:02	2023-05-31 10:13:54	878	\N	0	\N	0	0	\N	\N	0		0	0	0	0	0	0	0	0	0	0
6	1	2	9	4	0	1	13:30:00	2023-06-20	\N	\N	\N	\N	0	\N	0	\N	0	0	2023-06-14 12:29:31	2023-06-14 12:29:31	\N	\N	0	\N	0	0	\N	\N	0		0	0	0	0	0	0	0	0	0	0
7	2	2	9	0	3	0	13:30:00	2023-06-20	\N	\N	\N	\N	0	\N	0	\N	0	0	2023-06-15 05:48:02	2023-06-15 05:48:02	\N	\N	0	\N	0	1	\N	\N	0		0	0	0	0	0	0	0	0	0	0
8	3	2	9	0	0	0	\N	\N	13:30:00	2023-06-20	13:30:00	2023-06-25	1	\N	1	Additional notes here	0	0	2023-06-15 05:48:11	2023-06-15 05:48:11	\N	\N	0	Test	1	0	\N	\N	0		0	0	0	0	0	0	0	0	0	0
9	4	2	9	0	0	0	\N	\N	13:30:00	2023-06-20	13:30:00	2023-06-25	1	\N	1	Additional notes here	0	0	2023-06-15 05:48:15	2023-06-15 05:48:15	\N	\N	0	Test	1	0	\N	\N	0		0	0	0	0	0	0	0	0	0	0
10	1	2	9	4	0	1	13:30:00	2023-06-20	\N	\N	\N	\N	0	\N	0	\N	0	0	2023-06-15 11:11:47	2023-06-15 11:11:47	\N	\N	0	\N	0	0	\N	\N	0		0	0	0	0	0	0	0	0	0	0
11	1	2	9	4	0	1	1 :30 am	2023-06-20	\N	\N	\N	\N	0	\N	0	\N	0	0	2023-06-15 11:11:57	2023-06-15 11:11:57	\N	\N	0	\N	0	0	\N	\N	0		0	0	0	0	0	0	0	0	0	0
12	1	54	8	1	0	4	16:59:00	2023-06-16	\N	\N	\N	\N	0	\N	0	\N	0	0	2023-06-15 11:27:59	2023-06-15 11:27:59	\N	\N	0	\N	0	0	\N	\N	0		0	0	0	0	0	0	0	0	0	0
13	1	54	8	1	0	4	17:11:00	2023-06-23	\N	\N	\N	\N	0	\N	0	\N	0	0	2023-06-15 11:42:08	2023-06-15 11:42:08	\N	\N	0	\N	0	0	\N	\N	0		0	0	0	0	0	0	0	0	0	0
15	2	54	8	0	1	0	17:00:00	2023-06-22	\N	\N	\N	\N	0	\N	0	\N	0	0	2023-06-15 12:26:08	2023-06-15 12:26:08	\N	\N	0	\N	0	2	\N	\N	0		0	0	0	0	0	0	0	0	0	0
16	1	54	8	1	0	4	12:38:00	2023-06-18	\N	\N	\N	\N	0	\N	0	\N	0	0	2023-06-16 07:09:14	2023-06-16 07:09:14	\N	\N	0	\N	0	0	\N	\N	0		0	0	0	0	0	0	0	0	0	0
17	2	54	8	0	1	0	19:00:00	2023-06-20	\N	\N	\N	\N	0	\N	0	\N	0	0	2023-06-16 07:09:48	2023-06-16 07:09:48	\N	\N	0	\N	0	2	\N	\N	0		0	0	0	0	0	0	0	0	0	0
18	3	54	8	0	0	0	\N	\N	16:00:00	2023-06-19	13:00:00	2023-06-18	1	\N	1	n1	0	0	2023-06-16 07:24:27	2023-06-16 07:24:27	\N	\N	0	m1	1	0	\N	\N	0		0	0	0	0	0	0	0	0	0	0
19	4	54	8	0	0	0	\N	\N	13:00:00	2023-06-20	19:00:00	2023-06-20	1	\N	1	n2	0	0	2023-06-16 07:37:45	2023-06-16 07:37:45	\N	\N	0	m2	1	0	\N	\N	0		0	0	0	0	0	0	0	0	0	0
20	1	54	0	1	0	4	13:43:00	2023-06-20	\N	\N	\N	\N	0	\N	0	\N	0	0	2023-06-17 08:12:32	2023-06-17 08:12:32	\N	\N	0	\N	0	0	\N	\N	0		0	0	0	0	0	0	0	0	0	0
21	1	54	0	1	0	4	13:44:00	2023-06-20	\N	\N	\N	\N	0	\N	0	\N	0	0	2023-06-17 08:14:29	2023-06-17 08:14:29	\N	\N	0	\N	0	0	\N	\N	0		0	0	0	0	0	0	0	0	0	0
23	2	54	0	0	1	0	13:00:00	2023-06-20	\N	\N	\N	\N	0	\N	0	\N	0	0	2023-06-17 08:35:15	2023-06-17 08:35:15	\N	\N	0	\N	0	2	\N	\N	0		0	0	0	0	0	0	0	0	0	0
24	3	54	0	0	0	0	\N	\N	13:00:00	2023-06-21	14:00:00	2023-06-22	1		0		0	0	2023-06-17 08:37:15	2023-06-17 08:37:15	\N	\N	0		1	0	\N	\N	0		0	0	0	0	0	0	0	0	0	0
25	4	54	0	0	0	0	\N	\N	13:00:00	2023-06-21	16:00:00	2023-06-21	1		0		0	0	2023-06-17 08:37:42	2023-06-17 08:37:42	\N	\N	0		1	0	\N	\N	0		0	0	0	0	0	0	0	0	0	0
26	3	54	0	0	0	0	\N	\N	16:00:00	2023-06-20	13:00:00	2023-06-21	1	abc	0		0	0	2023-06-17 08:43:54	2023-06-17 08:43:54	\N	\N	0		1	0	\N	\N	0		0	0	0	0	0	0	0	0	0	0
27	4	54	0	0	0	0	\N	\N	12:00:00	2023-06-21	16:00:00	2023-06-21	1	abc	0		0	0	2023-06-17 08:44:19	2023-06-17 08:44:19	\N	\N	0		2	0	\N	\N	0		0	0	0	0	0	0	0	0	0	0
28	1	59	0	1	0	4	14:30:00	2023-06-19	\N	\N	\N	\N	0	\N	0	\N	0	0	2023-06-17 09:00:12	2023-06-17 09:00:12	\N	\N	0	\N	0	0	\N	\N	0		0	0	0	0	0	0	0	0	0	0
29	1	59	0	1	0	2	10:24:00	2023-06-20	\N	\N	\N	\N	0	\N	0	\N	0	0	2023-06-19 04:55:06	2023-06-19 04:55:06	\N	\N	0	\N	0	0	\N	\N	0		0	0	0	0	0	0	0	0	0	0
22	1	54	0	1	0	4	13:46:00	2023-06-20	\N	\N	\N	\N	0	\N	0	\N	1	0	2023-06-17 08:16:51	2023-06-19 06:55:01	120	\N	0	\N	0	0	\N	\N	0		0	0	0	0	0	0	0	0	0	0
30	1	54	0	1	0	3	18:29:00	2023-06-21	\N	\N	\N	\N	0	\N	0	\N	0	0	2023-06-20 13:00:35	2023-06-20 13:00:35	\N	\N	0	\N	0	0	\N	\N	0		0	0	0	0	0	0	0	0	0	0
31	1	54	0	1	0	3	18:35:00	2023-06-21	\N	\N	\N	\N	0	\N	0	\N	0	0	2023-06-20 13:05:37	2023-06-20 13:05:37	\N	\N	0	\N	0	0	\N	\N	0		0	0	0	0	0	0	0	0	0	0
32	2	54	0	0	1	0	16:00:00	2023-06-21	\N	\N	\N	\N	0	\N	0	\N	0	0	2023-06-20 13:07:45	2023-06-20 13:07:45	\N	\N	0	\N	0	2	\N	\N	0		0	0	0	0	0	0	0	0	0	0
33	3	54	0	0	0	0	\N	\N	19:00:00	2023-06-21	19:00:00	2023-06-21	1	dbdjd	1	dhdhd	0	0	2023-06-20 13:08:21	2023-06-20 13:08:21	\N	\N	0	sbdjs	1	0	\N	\N	0		0	0	0	0	0	0	0	0	0	0
34	4	54	0	0	0	0	\N	\N	20:00:00	2023-06-21	21:00:00	2023-06-21	1	zjsk	1	zdjd	0	0	2023-06-20 13:08:55	2023-06-20 13:08:55	\N	\N	0	sjsj	1	0	\N	\N	0		0	0	0	0	0	0	0	0	0	0
35	1	59	0	1	0	3	14:50:00	2023-06-22	\N	\N	\N	\N	0	\N	0	\N	0	0	2023-06-21 04:15:03	2023-06-21 04:15:03	\N	\N	0	\N	0	0	\N	\N	0		0	0	0	0	0	0	0	0	0	0
36	3	59	0	0	0	0	\N	\N	10:00:00	2023-06-22	10:00:00	2023-06-24	1	Test	1	Test	0	0	2023-06-21 04:27:13	2023-06-21 04:27:13	\N	\N	0	Test	1	0	\N	\N	0		0	0	0	0	0	0	0	0	0	0
37	4	59	0	0	0	0	\N	\N	10:00:00	2023-06-22	10:00:00	2023-06-22	1	tree st	0	test	0	0	2023-06-21 04:27:58	2023-06-21 04:27:58	\N	\N	0		1	0	\N	\N	0		0	0	0	0	0	0	0	0	0	0
38	4	59	0	0	0	0	\N	\N	10:00:00	2023-06-22	10:00:00	2023-06-22	1		0		0	0	2023-06-21 04:28:22	2023-06-21 04:28:22	\N	\N	0		1	0	\N	\N	0		0	0	0	0	0	0	0	0	0	0
39	4	54	0	0	0	0	\N	\N	14:00:00	2023-06-22	20:00:00	2023-06-22	1	zdnd	0		0	0	2023-06-21 10:36:05	2023-06-21 10:36:05	\N	\N	0		0	0	\N	\N	0		0	0	0	0	0	0	0	0	0	0
41	1	59	0	1	0	3	18:39:00	2023-06-23	\N	\N	\N	\N	0	\N	0	\N	0	0	2023-06-21 13:09:58	2023-06-21 13:09:58	\N	\N	0	\N	0	0	\N	\N	0		0	0	0	0	0	0	0	0	0	0
42	4	59	0	0	0	0	\N	\N	09:00:00	2023-06-23	13:00:00	2023-06-23	1		0	demo	0	0	2023-06-21 13:11:00	2023-06-21 13:11:00	\N	\N	0		0	0	\N	\N	0		0	0	0	0	0	0	0	0	0	0
43	1	59	0	1	0	4	18:41:00	2023-06-23	\N	\N	\N	\N	0	\N	0	\N	0	0	2023-06-21 13:11:32	2023-06-21 13:11:32	\N	\N	0	\N	0	0	\N	\N	0		0	0	0	0	0	0	0	0	0	0
45	2	54	0	0	1	0	07:00:00	2023-06-25	\N	\N	\N	\N	0	\N	0	\N	0	0	2023-06-22 09:14:06	2023-06-22 09:14:06	\N	\N	0	\N	0	2	\N	\N	0		0	0	0	0	0	0	0	0	0	0
14	2	2	9	0	3	0	13:30:00	2023-06-20	\N	\N	\N	\N	0	\N	0	\N	3	0	2023-06-15 11:58:13	2023-06-22 09:34:05	\N	\N	0	\N	0	1	\N	\N	0		0	0	0	0	0	0	0	0	0	0
40	3	54	0	0	0	0	\N	\N	19:00:00	2023-06-22	20:00:00	2023-06-22	1	hgdh	0		3	0	2023-06-21 10:37:13	2023-06-22 11:13:42	120	\N	0		0	0	16873489196492e6b77b809_doc.docx	\N	0		0	0	0	0	0	0	0	0	0	0
46	1	54	0	1	0	4	07:00:00	2023-06-25	\N	\N	\N	\N	0	\N	0	\N	3	0	2023-06-22 09:43:34	2023-06-22 11:26:41	120	\N	0	\N	0	0	168743293864942eea43e2b_doc.docx	\N	0		0	0	0	0	0	0	0	0	0	0
49	2	54	0	0	1	0	17:30:00	2023-07-27	\N	\N	\N	\N	0	\N	0	\N	0	0	2023-07-25 06:59:57	2023-07-25 06:59:57	\N	\N	0	\N	0	2	\N	\N	0	05:30 PM - 06:00 PM	0	0	0	0	0	0	0	0	0	0
50	3	54	0	0	0	0	\N	\N	03:00:00	2023-07-28	10:00:00	2023-07-31	1		0		0	0	2023-07-27 11:01:02	2023-07-27 11:01:02	\N	\N	0		0	0	\N	\N	0		0	0	0	0	0	0	0	0	0	0
44	1	54	0	1	0	4	10:00:00	2023-06-25	\N	\N	\N	\N	0	\N	0	\N	3	0	2023-06-22 09:10:07	2023-08-05 08:09:09	100	\N	0	\N	0	0	169122292864ce03908572c_doc.pdf	\N	0		0	0	0	0	0	0	0	0	0	0
47	3	69	0	0	0	0	\N	\N	13:30:00	2023-07-22	13:30:00	2023-06-25	1		1	Additional notes here	4	0	2023-07-20 12:06:07	2023-07-28 13:07:27	\N	\N	0	Test	0	0	\N	\N	0		0	0	0	0	0	0	0	0	0	0
83	3	54	0	0	0	0	\N	\N	08:00:00	2023-08-07	09:00:00	2023-08-09	\N		0		5	0	2023-08-04 11:22:33	2023-08-05 07:50:11	123	\N	0		0	0	169122157064cdfe426712f_doc.pdf	\N	0		1	0	0	0	0	0	0	0	0	0
52	3	54	0	0	0	0	\N	\N	10:00:00	2023-07-31	10:00:00	2023-08-02	1		0		4	0	2023-07-29 08:32:37	2023-07-29 08:35:12	130	\N	0		0	0	169061958164c4cebda7e0d_doc.pdf	\N	0		0	0	0	0	0	0	0	0	0	0
53	1	76	0	2	0	4	02:00:00	2023-07-31	\N	\N	\N	\N	0	\N	0	\N	0	0	2023-07-30 10:39:41	2023-07-30 10:39:41	\N	\N	0	\N	0	0	\N	\N	0	02:00 AM - 02:30 AM	0	0	0	0	0	0	0	0	0	0
54	5	69	0	0	0	0	\N	2023-08-02	\N	\N	\N	\N	0	\N	0	\N	0	0	2023-08-01 12:46:03	2023-08-01 12:46:11	\N	\N	0	\N	0	0	\N	\N	0		0	2	200	200	0	0	200	0	0	0
55	5	69	0	0	0	0	\N	2023-08-02	\N	\N	\N	\N	0	\N	0	\N	0	0	2023-08-01 12:46:03	2023-08-01 12:46:25	\N	\N	0	\N	0	0	\N	\N	0		0	2	200	200	0	0	200	0	0	0
56	5	69	0	0	0	0	\N	2023-08-02	\N	\N	\N	\N	0	\N	0	\N	0	0	2023-08-01 12:46:03	2023-08-01 12:46:28	\N	\N	0	\N	0	0	\N	\N	0		0	2	200	200	0	0	200	0	0	0
57	5	69	0	0	0	0	\N	2023-08-02	\N	\N	\N	\N	0	\N	0	\N	0	0	2023-08-01 12:46:03	2023-08-01 12:46:30	\N	\N	0	\N	0	0	\N	\N	0		0	2	200	200	0	0	200	0	0	0
58	5	69	0	0	0	0	\N	2023-08-02	\N	\N	\N	\N	0	\N	0	\N	0	0	2023-08-01 12:46:03	2023-08-01 12:46:32	\N	\N	0	\N	0	0	\N	\N	0		0	2	200	200	0	0	200	0	0	0
59	5	69	0	0	0	0	\N	2023-08-02	\N	\N	\N	\N	0	\N	0	\N	0	0	2023-08-01 12:46:03	2023-08-01 12:46:42	\N	\N	0	\N	0	0	\N	\N	0		0	2	200	200	0	0	200	0	0	0
60	5	69	0	0	0	0	\N	2023-08-02	\N	\N	\N	\N	0	\N	0	\N	0	0	2023-08-01 12:46:03	2023-08-01 12:46:44	\N	\N	0	\N	0	0	\N	\N	0		0	2	200	200	0	0	200	0	0	0
61	5	69	0	0	0	0	\N	2023-08-03	\N	\N	\N	\N	0	\N	0	\N	0	0	2023-08-01 12:48:53	2023-08-01 12:49:00	\N	\N	0	\N	0	0	\N	\N	0		0	2	400	400	0	0	400	0	0	0
62	5	77	0	0	0	0	\N	2023-08-02	\N	\N	\N	\N	0	\N	0	\N	0	0	2023-08-02 06:20:49	2023-08-02 06:24:48	\N	\N	0	\N	0	0	\N	\N	0		0	2	400	400	0	0	400	0	0	0
63	5	77	0	0	0	0	\N	2023-08-02	\N	\N	\N	\N	0	\N	0	\N	0	0	2023-08-02 07:57:07	2023-08-02 07:57:20	\N	\N	0	\N	0	0	\N	\N	0		0	2	400	400	0	0	400	0	0	0
64	5	54	0	0	0	0	\N	2023-08-02	\N	\N	\N	\N	0	\N	0	\N	0	0	2023-08-02 08:16:52	2023-08-02 08:16:59	\N	\N	0	\N	0	0	\N	\N	0		0	2	400	400	0	0	400	0	0	0
65	5	54	0	0	0	0	\N	2023-08-03	\N	\N	\N	\N	0	\N	0	\N	0	0	2023-08-02 08:17:45	2023-08-02 08:17:51	\N	\N	0	\N	0	0	\N	\N	0		0	2	400	400	0	0	400	0	0	0
66	5	54	0	0	0	0	\N	2023-08-03	\N	\N	\N	\N	0	\N	0	\N	0	0	2023-08-02 09:07:50	2023-08-02 09:08:10	\N	\N	0	\N	0	0	\N	\N	0		0	2	400	400	0	0	400	0	0	0
75	1	76	0	1	0	4	20:00:00	2023-08-03	\N	\N	\N	\N	0	\N	0	\N	4	0	2023-08-03 09:11:02	2023-08-03 09:11:30	500	\N	0	\N	0	0	\N	\N	0	08:00 PM - 08:30 PM	0	0	0	0	0	0	0	0	0	0
67	1	76	0	1	0	4	09:00:00	2023-08-02	\N	\N	\N	\N	0	\N	0	\N	3	0	2023-08-02 13:38:48	2023-08-02 13:41:34	7000	\N	0	\N	0	0	169098364064ca5cd87f9f9_doc.docx	\N	0	09:00 AM - 09:30 AM	0	0	0	0	0	0	0	0	0	0
68	1	76	0	1	0	4	09:00:00	2023-08-02	\N	\N	\N	\N	0	\N	0	\N	2	0	2023-08-02 13:42:20	2023-08-02 13:44:03	\N	test	0	\N	0	0	\N	\N	0	09:00 AM - 09:30 AM	0	0	0	0	0	0	0	0	0	0
70	2	76	0	0	2	0	22:30:00	2023-08-03	\N	\N	\N	\N	0	\N	0	\N	0	0	2023-08-03 07:42:41	2023-08-03 07:42:41	\N	\N	0	\N	0	2	\N	\N	0	10:30 PM - 11:00 PM	0	0	0	0	0	0	0	0	0	0
71	2	76	0	0	2	0	10:30:00	2023-08-03	\N	\N	\N	\N	0	\N	0	\N	0	0	2023-08-03 08:45:22	2023-08-03 08:45:22	\N	\N	0	\N	0	2	\N	\N	0	10:30 AM - 11:00 AM	0	0	0	0	0	0	0	0	0	0
76	5	76	0	0	0	0	\N	2023-08-05	\N	\N	\N	\N	0	\N	0	\N	0	0	2023-08-03 10:34:39	2023-08-03 10:35:27	\N	\N	0	\N	0	0	\N	\N	0		0	5	1000	1000	0	0	1000	0	0	0
73	2	76	0	0	2	0	19:00:00	2023-08-03	\N	\N	\N	\N	0	\N	0	\N	2	0	2023-08-03 09:00:41	2023-08-03 09:02:37	\N	test	0	\N	0	2	\N	\N	0	07:00 PM - 07:30 PM	0	0	0	0	0	0	0	0	0	0
72	2	76	0	0	2	0	18:00:00	2023-08-03	\N	\N	\N	\N	0	\N	0	\N	3	0	2023-08-03 08:54:06	2023-08-03 09:05:26	600	\N	0	\N	0	1	\N	\N	0	06:00 PM - 06:30 PM	0	0	0	0	0	0	0	0	0	0
74	2	76	0	0	2	0	20:00:00	2023-08-03	\N	\N	\N	\N	0	\N	0	\N	4	0	2023-08-03 09:07:40	2023-08-03 09:08:31	56	\N	0	\N	0	2	\N	\N	0	08:00 PM - 08:30 PM	0	0	0	0	0	0	0	0	0	0
69	1	76	0	1	0	4	09:00:00	2023-08-03	\N	\N	\N	\N	0	\N	0	\N	1	0	2023-08-03 06:01:47	2023-08-04 06:31:24	400	\N	0	\N	0	0	169113068464cc9b3cb5d1d_doc.docx	\N	0	09:00 AM - 09:30 AM	0	0	0	0	0	0	0	0	0	0
77	4	76	0	0	0	0	\N	\N	10:00:00	2023-08-03	11:30:00	2023-08-03	1	tezt	0	test	3	0	2023-08-03 11:21:01	2023-08-03 11:33:21	600	\N	0		0	0	\N	\N	0		0	0	0	0	0	0	0	0	0	0
78	3	76	0	0	0	0	\N	\N	02:00:00	2023-08-03	02:00:00	2023-08-04	1	test	1	testing123	0	0	2023-08-03 12:17:32	2023-08-03 12:17:32	\N	\N	0	yes we havr meditations	0	0	\N	\N	0		0	0	0	0	0	0	0	0	0	0
79	3	82	0	0	0	0	\N	\N	02:00:00	2023-08-03	16:00:00	2023-08-04	1	test	1	test	3	0	2023-08-03 12:45:17	2023-08-03 12:50:59	600	\N	0	test	0	0	169106701864cba28ae8d99_doc.pdf	\N	0		0	0	0	0	0	0	0	0	0	0
84	1	76	0	1	0	4	09:00:00	2023-08-07	\N	\N	\N	\N	0	\N	0	\N	3	0	2023-08-04 12:37:11	2023-08-04 12:41:51	600	\N	0	\N	0	0	169115285164ccf1d307f0e_doc.docx	\N	0	09:00 AM - 09:30 AM	0	0	0	0	0	0	0	0	0	0
85	1	76	0	3	0	4	19:30:00	2023-08-07	\N	\N	\N	\N	0	\N	0	\N	2	0	2023-08-04 12:44:10	2023-08-04 12:44:45	\N	test	0	\N	0	0	\N	\N	0	07:30 PM - 08:00 PM	0	0	0	0	0	0	0	0	0	0
86	1	76	0	3	0	4	19:00:00	2023-08-07	\N	\N	\N	\N	0	\N	0	\N	4	0	2023-08-04 12:48:17	2023-08-04 12:49:35	500	\N	0	\N	0	0	169115332764ccf3afcc850_doc.docx	\N	0	07:00 PM - 07:30 PM	0	0	0	0	0	0	0	0	0	0
82	3	54	0	0	0	0	\N	\N	07:00:00	2023-08-07	10:00:00	2023-08-09	\N		0		1	0	2023-08-04 11:00:55	2023-08-05 07:50:58	120	\N	0		0	0	169122185864cdff62213aa_doc.pdf	\N	0		0	0	0	0	0	0	0	0	0	0
87	1	76	0	3	0	3	17:30:00	2023-08-07	\N	\N	\N	\N	0	\N	0	\N	3	0	2023-08-04 12:57:35	2023-08-04 13:06:30	89089	\N	0	\N	0	0	169115388564ccf5dd72049_doc.docx	\N	0	05:30 PM - 06:00 PM	0	0	0	0	0	0	0	0	0	0
81	1	54	0	3	0	4	16:00:00	2023-08-07	\N	\N	\N	\N	0	\N	0	\N	1	0	2023-08-04 10:49:45	2023-08-05 08:03:13	110	\N	0	\N	0	0	169122259364ce02415081b_doc.pdf	\N	0	04:00 PM - 05:00 PM	0	0	0	0	0	0	0	0	0	0
80	1	54	0	1	0	4	16:00:00	2023-08-03	\N	\N	\N	\N	0	\N	0	\N	1	0	2023-08-03 13:49:15	2023-08-05 08:04:21	90	\N	0	\N	0	0	169122266164ce028588219_doc.pdf	\N	0	04:00 PM - 05:00 PM	0	0	0	0	0	0	0	0	0	0
123	3	69	0	0	0	0	\N	\N	11:30:00	2023-08-16	08:30:00	2023-08-17	1		0	ADD	1	0	2023-08-15 16:25:36	2023-08-15 16:34:54	100	\N	0	DD	1	0	\N	\N	0		1	0	0	0	0	0	0	0	0	0
51	4	54	0	0	0	0	\N	\N	06:00:00	2023-07-27	07:00:00	2023-07-27	1		0		5	0	2023-07-27 12:12:20	2023-08-04 14:42:31	120	\N	0		0	0	169061701464c4c4b648d14_doc.pdf	\N	0		0	0	0	0	0	0	0	0	0	0
114	3	54	0	0	0	0	\N	\N	02:30:00	2023-08-10	07:00:00	2023-08-11	\N		0		5	0	2023-08-09 17:52:43	2023-08-10 17:28:36	500	\N	0		0	0	\N	\N	0		1	0	0	0	0	0	0	0	0	0
90	1	54	0	3	0	3	13:00:00	2023-08-08	\N	\N	\N	\N	0	\N	0	\N	0	0	2023-08-05 11:00:31	2023-08-05 11:00:31	\N	\N	0	\N	0	0	\N	\N	0	01:00 PM - 02:00 PM	0	0	0	0	0	0	0	0	0	0
91	5	54	0	0	0	0	\N	2023-08-09	\N	\N	\N	\N	0	\N	0	\N	5	0	2023-08-05 12:34:32	2023-08-05 12:34:51	\N	\N	0	\N	0	0	\N	\N	0		0	2	240	240	0	0	240	0	0	0
92	5	54	0	0	0	0	\N	2023-08-09	\N	\N	\N	\N	0	\N	0	\N	5	0	2023-08-07 06:26:00	2023-08-07 06:26:25	\N	\N	0	\N	0	0	\N	\N	0		0	2	240	240	0	0	240	0	0	0
93	2	54	0	0	2	0	14:00:00	2023-08-07	\N	\N	\N	\N	0	\N	0	\N	0	0	2023-08-07 07:47:31	2023-08-07 07:47:31	\N	\N	0	\N	0	2	\N	\N	0	02:00 PM - 02:30 PM	0	0	0	0	0	0	0	0	0	0
94	2	54	0	0	2	0	03:30:00	2023-08-08	\N	\N	\N	\N	0	\N	0	\N	0	0	2023-08-07 16:57:44	2023-08-07 16:57:44	\N	\N	0	\N	0	1	\N	\N	0	03:30 AM - 04:00 AM	0	0	0	0	0	0	0	0	0	0
95	2	54	0	0	2	0	01:30:00	2023-08-07	\N	\N	\N	\N	0	\N	0	\N	0	0	2023-08-07 17:00:09	2023-08-07 17:00:09	\N	\N	0	\N	0	2	\N	\N	0	01:30 AM - 02:00 AM	0	0	0	0	0	0	0	0	0	0
98	5	54	0	0	0	0	\N	2023-08-09	\N	\N	\N	\N	0	\N	0	\N	5	0	2023-08-07 18:52:28	2023-08-07 18:53:19	\N	\N	0	\N	0	0	\N	\N	0		0	4	480	480	0	0	480	0	0	0
117	1	69	0	3	0	4	01:00:00	2023-08-16	\N	\N	\N	\N	0	\N	0	\N	0	0	2023-08-15 07:07:53	2023-08-15 07:07:53	\N	\N	0	\N	0	0	\N	\N	0	01:00 AM - 01:30 AM	0	0	0	0	0	0	0	0	0	0
88	1	54	0	3	0	3	14:00:00	2023-08-08	\N	\N	\N	\N	0	\N	0	\N	5	0	2023-08-05 10:41:13	2023-08-07 18:59:40	99	\N	0	\N	0	0	169123213064ce27821cd31_doc.pdf	\N	0	02:00 PM - 03:00 PM	0	0	0	0	0	0	0	0	0	0
99	5	54	0	0	0	0	\N	2023-08-09	\N	\N	\N	\N	0	\N	0	\N	5	0	2023-08-07 21:21:05	2023-08-07 21:21:20	\N	\N	0	\N	0	0	\N	\N	0		0	4	480	480	0	0	480	0	0	0
100	5	54	0	0	0	0	\N	2023-08-09	\N	\N	\N	\N	0	\N	0	\N	5	0	2023-08-07 21:24:30	2023-08-07 21:24:46	\N	\N	0	\N	0	0	\N	\N	0		0	4	480	480	0	0	480	0	0	0
101	3	54	0	0	0	0	\N	\N	06:30:00	2023-08-08	06:30:00	2023-08-11	1		1		0	0	2023-08-08 07:03:13	2023-08-08 07:03:13	\N	\N	0		0	0	\N	\N	0		2	0	0	0	0	0	0	0	0	0
102	4	54	0	0	0	0	\N	\N	10:00:00	2023-08-08	13:30:00	2023-08-08	1		0		0	0	2023-08-08 12:12:20	2023-08-08 12:12:20	\N	\N	0		0	0	\N	\N	0		2	0	0	0	0	0	0	0	0	0
103	4	54	0	0	0	0	\N	\N	11:00:00	2023-08-09	13:30:00	2023-08-09	1		0		0	0	2023-08-08 12:22:35	2023-08-08 12:22:35	\N	\N	0		0	0	\N	\N	0		2	0	0	0	0	0	0	0	0	0
104	3	54	0	0	0	0	\N	\N	09:30:00	2023-08-09	09:30:00	2023-08-10	\N		0		0	0	2023-08-08 12:28:07	2023-08-08 12:28:07	\N	\N	0		0	0	\N	\N	0		2	0	0	0	0	0	0	0	0	0
105	4	54	0	0	0	0	\N	\N	11:00:00	2023-08-09	13:30:00	2023-08-09	\N		0		0	0	2023-08-08 12:28:26	2023-08-08 12:28:26	\N	\N	0		0	0	\N	\N	0		2	0	0	0	0	0	0	0	0	0
106	3	54	0	0	0	0	\N	\N	11:00:00	2023-08-09	08:00:00	2023-08-10	\N	rice	0		0	0	2023-08-08 15:51:33	2023-08-08 15:51:33	\N	\N	0		0	0	\N	\N	0		2	0	0	0	0	0	0	0	0	0
107	4	54	0	0	0	0	\N	\N	10:30:00	2023-08-10	11:30:00	2023-08-10	1	abc	0	Bnn	0	0	2023-08-08 21:13:19	2023-08-08 21:13:19	\N	\N	0		0	0	\N	\N	0		2	0	0	0	0	0	0	0	0	0
108	4	54	0	0	0	0	\N	\N	02:30:00	2023-08-03	03:30:00	2023-08-03	\N	Test	1	Additional notes here	0	0	2023-08-08 21:14:26	2023-08-08 21:14:26	\N	\N	0	Test	0	0	\N	\N	0		1	0	0	0	0	0	0	0	0	0
109	4	54	0	0	0	0	\N	\N	11:00:00	2023-08-10	11:30:00	2023-08-10	1		0		0	0	2023-08-08 21:24:53	2023-08-08 21:24:53	\N	\N	0		0	0	\N	\N	0		2	0	0	0	0	0	0	0	0	0
110	4	54	0	0	0	0	\N	\N	10:30:00	2023-08-10	11:30:00	2023-08-10	1	twer	0	Bb	0	0	2023-08-08 21:28:26	2023-08-08 21:28:26	\N	\N	0		0	0	\N	\N	0		2	0	0	0	0	0	0	0	0	0
111	4	54	0	0	0	0	\N	\N	10:00:00	2023-08-10	10:30:00	2023-08-10	1	frieneds	0		0	0	2023-08-08 21:33:16	2023-08-08 21:33:16	\N	\N	0		0	0	\N	\N	0		2	0	0	0	0	0	0	0	0	0
112	4	54	0	0	0	0	\N	\N	10:30:00	2023-08-10	11:30:00	2023-08-10	1		0		0	0	2023-08-08 21:35:24	2023-08-08 21:35:24	\N	\N	0		0	0	\N	\N	0		2	0	0	0	0	0	0	0	0	0
115	3	77	0	0	0	0	\N	\N	02:30:00	2023-08-10	12:00:00	2023-08-11	1		1	notes	0	0	2023-08-10 08:31:51	2023-08-10 08:31:51	\N	\N	0	meds	0	0	\N	\N	0		1	0	0	0	0	0	0	0	0	0
97	1	54	0	3	0	4	19:00:00	2023-08-08	\N	\N	\N	\N	0	\N	0	\N	5	0	2023-08-07 18:09:59	2023-08-10 19:11:56	500	\N	0	\N	0	0	\N	\N	0	07:00 PM - 07:30 PM	0	0	0	0	0	0	0	0	0	0
118	4	106	0	0	0	0	\N	\N	09:30:00	2023-08-16	10:30:00	2023-08-16	\N		0		0	0	2023-08-15 11:59:06	2023-08-15 11:59:06	\N	\N	0		0	0	\N	\N	0		2	0	0	0	0	0	0	0	0	0
116	4	69	0	0	0	0	\N	\N	11:00:00	2023-08-10	10:30:00	2023-08-10	2		0	sd	0	0	2023-08-10 17:10:29	2023-08-10 17:10:29	\N	\N	0	asd	2	0	\N	\N	0		1	0	0	0	0	0	0	0	0	0
113	4	54	0	0	0	0	\N	\N	11:00:00	2023-08-10	11:30:00	2023-08-10	1		0		5	0	2023-08-08 21:37:18	2023-08-10 17:50:52	500	\N	0		0	0	\N	\N	0		2	0	0	0	0	0	0	0	0	0
119	1	108	0	4	0	4	11:30:00	2023-08-24	\N	\N	\N	\N	0	\N	0	\N	5	0	2023-08-15 13:13:42	2023-08-15 13:19:55	300	\N	0	\N	0	0	169210547364db7b0130eb5_doc.pdf	\N	0	11:30 AM - 12:00 PM	0	0	0	0	0	0	0	0	0	0
96	2	54	0	0	2	0	18:30:00	2023-08-07	\N	\N	\N	\N	0	\N	0	\N	5	0	2023-08-07 17:26:19	2023-08-10 19:39:29	500	\N	0	\N	0	2	\N	\N	0	06:30 PM - 07:00 PM	0	0	0	0	0	0	0	0	0	0
120	4	108	0	0	0	0	\N	\N	11:00:00	2023-08-16	12:00:00	2023-08-16	1		0	kjgjkglgjlglg	0	0	2023-08-15 13:45:23	2023-08-15 13:45:23	\N	\N	0	hjggkgkg	1	0	\N	\N	0		2	0	0	0	0	0	0	0	0	0
121	4	96	0	0	0	0	\N	\N	09:00:00	2023-08-16	09:30:00	2023-08-16	1	test	0		5	0	2023-08-15 13:46:53	2023-08-15 13:48:47	800	\N	0		0	0	\N	\N	0		2	0	0	0	0	0	0	0	0	0
122	3	96	0	0	0	0	\N	\N	06:00:00	2023-08-16	03:00:00	2023-08-17	\N		0		0	0	2023-08-15 13:55:49	2023-08-15 13:55:49	\N	\N	0		0	0	\N	\N	0		2	0	0	0	0	0	0	0	0	0
124	1	109	0	3	0	1	11:00:00	2023-08-16	\N	\N	\N	\N	0	\N	0	\N	0	0	2023-08-16 02:45:02	2023-08-16 02:45:02	\N	\N	0	\N	0	0	\N	\N	0	11:00 AM - 11:30 AM	0	0	0	0	0	0	0	0	0	0
125	1	108	0	3	0	4	04:30:00	2023-08-16	\N	\N	\N	\N	0	\N	0	\N	0	0	2023-08-16 06:18:17	2023-08-16 06:18:17	\N	\N	0	\N	0	0	\N	\N	0	04:30 AM - 05:00 AM	0	0	0	0	0	0	0	0	0	0
126	1	108	0	4	0	3	09:30:00	2023-08-24	\N	\N	\N	\N	0	\N	0	\N	0	0	2023-08-16 06:19:36	2023-08-16 06:19:36	\N	\N	0	\N	0	0	\N	\N	0	09:30 AM - 10:00 AM	0	0	0	0	0	0	0	0	0	0
127	1	54	0	3	0	4	10:00:00	2023-08-16	\N	\N	\N	\N	0	\N	0	\N	0	0	2023-08-16 07:21:11	2023-08-16 07:21:11	\N	\N	0	\N	0	0	\N	\N	0	10:00 AM - 10:30 AM	0	0	0	0	0	0	0	0	0	0
128	1	54	0	3	0	4	10:00:00	2023-08-16	\N	\N	\N	\N	0	\N	0	\N	0	0	2023-08-16 07:26:19	2023-08-16 07:26:19	\N	\N	0	\N	0	0	\N	\N	0	10:00 AM - 10:30 AM	0	0	0	0	0	0	0	0	0	0
129	1	54	0	3	0	3	05:00:00	2023-08-16	\N	\N	\N	\N	0	\N	0	\N	0	0	2023-08-16 07:29:45	2023-08-16 07:29:45	\N	\N	0	\N	0	0	\N	\N	0	05:00 AM - 05:30 AM	0	0	0	0	0	0	0	0	0	0
130	5	109	0	0	0	0	\N	2023-08-18	\N	\N	\N	\N	0	\N	0	\N	6	0	2023-08-16 07:59:22	2023-08-16 08:10:27	\N	\N	0	\N	0	0	\N	\N	0		0	1	40	40	0	0	40	0	0	0
131	1	54	0	3	0	4	02:00:00	2023-08-16	\N	\N	\N	\N	0	\N	0	\N	0	0	2023-08-16 08:16:48	2023-08-16 08:16:48	\N	\N	0	\N	0	0	\N	\N	0	02:00 AM - 02:30 AM	0	0	0	0	0	0	0	0	0	0
132	1	54	0	3	0	3	10:00:00	2023-08-16	\N	\N	\N	\N	0	\N	0	\N	0	0	2023-08-16 10:06:16	2023-08-16 10:06:16	\N	\N	0	\N	0	0	\N	\N	0	10:00 AM - 10:30 AM	0	0	0	0	0	0	0	0	0	0
133	1	103	0	3	0	3	08:30:00	2023-08-16	\N	\N	\N	\N	0	\N	0	\N	0	0	2023-08-16 10:10:03	2023-08-16 10:10:03	\N	\N	0	\N	0	0	\N	\N	0	08:30 AM - 09:00 AM	0	0	0	0	0	0	0	0	0	0
135	1	54	0	3	0	4	08:00:00	2023-08-16	\N	\N	\N	\N	0	\N	0	\N	0	0	2023-08-16 11:18:20	2023-08-16 11:18:20	\N	\N	0	\N	0	0	\N	\N	0	08:00 AM - 08:30 AM	0	0	0	0	0	0	0	0	0	0
136	1	54	0	3	0	4	08:00:00	2023-08-16	\N	\N	\N	\N	0	\N	0	\N	0	0	2023-08-16 11:20:49	2023-08-16 11:20:49	\N	\N	0	\N	0	0	\N	\N	0	08:00 AM - 08:30 AM	0	0	0	0	0	0	0	0	0	0
137	1	108	0	3	0	4	08:30:00	2023-08-16	\N	\N	\N	\N	0	\N	0	\N	0	0	2023-08-16 17:42:52	2023-08-16 17:42:52	\N	\N	0	\N	0	0	\N	\N	0	08:30 AM - 09:00 AM	0	0	0	0	0	0	0	0	0	0
143	5	112	0	0	0	0	\N	2023-08-23	\N	\N	\N	\N	0	\N	0	\N	6	0	2023-08-17 06:31:15	2023-08-17 06:32:10	\N	\N	0	\N	0	0	\N	\N	0		0	2	80	80	0	0	80	0	0	0
138	1	109	0	4	0	3	09:00:00	2023-08-24	\N	\N	\N	\N	0	\N	0	\N	5	0	2023-08-17 05:49:21	2023-08-17 05:52:29	300	\N	0	\N	0	0	169225149164ddb563f291a_doc.pdf	\N	0	09:00 AM - 09:30 AM	0	0	0	0	0	0	0	0	0	0
144	5	112	0	0	0	0	\N	2023-08-23	\N	\N	\N	\N	0	\N	0	\N	6	0	2023-08-17 07:29:44	2023-08-17 07:30:25	\N	\N	0	\N	0	0	\N	\N	0		0	1	40	40	0	0	40	0	0	0
139	1	112	0	4	0	3	10:00:00	2023-08-24	\N	\N	\N	\N	0	\N	0	\N	5	0	2023-08-17 06:07:11	2023-08-17 06:09:49	400	\N	0	\N	0	0	169225251664ddb964c524d_doc.pdf	\N	0	10:00 AM - 10:30 AM	0	0	0	0	0	0	0	0	0	0
140	2	112	0	0	2	0	17:00:00	2023-08-18	\N	\N	\N	\N	0	\N	0	\N	4	0	2023-08-17 06:18:06	2023-08-17 06:22:16	78	\N	0	\N	0	1	169225331564ddbc8302460_doc.pdf	\N	0	05:00 PM - 05:30 PM	0	0	0	0	0	0	0	0	0	0
145	1	112	0	4	0	1	10:00:00	2023-08-24	\N	\N	\N	\N	0	\N	0	\N	2	0	2023-08-17 07:41:06	2023-08-17 07:41:38	\N	Busy	0	\N	0	0	\N	\N	0	10:00 AM - 10:30 AM	0	0	0	0	0	0	0	0	0	0
141	3	112	0	0	0	0	\N	\N	14:30:00	2023-08-24	08:30:00	2023-08-25	1	chicken	1		5	0	2023-08-17 06:25:02	2023-08-17 06:26:42	600	\N	0	pills two times a day	1	0	169225353864ddbd62b9c3f_doc.pdf	\N	0		2	0	0	0	0	0	0	0	0	0
148	4	112	0	0	0	0	\N	\N	10:30:00	2023-08-17	11:30:00	2023-08-17	1	juice	1	none	5	0	2023-08-17 08:05:42	2023-08-17 08:07:38	80	\N	0	no	6	0	169225959764ddd50d062e7_doc.pdf	\N	0		2	0	0	0	0	0	0	0	0	0
146	1	112	0	4	0	3	12:30:00	2023-08-18	\N	\N	\N	\N	0	\N	0	\N	3	0	2023-08-17 07:44:57	2023-08-17 07:45:39	200	\N	0	\N	0	0	169225832464ddd01417487_doc.pdf	\N	0	12:30 PM - 01:00 PM	0	0	0	0	0	0	0	0	0	0
142	4	112	0	0	0	0	\N	\N	10:30:00	2023-08-17	11:30:00	2023-08-17	2	chicken	0		5	0	2023-08-17 06:27:46	2023-08-17 06:29:26	400	\N	0		-1	0	169225370864ddbe0c22e35_doc.pdf	\N	0		2	0	0	0	0	0	0	0	0	0
149	2	112	0	0	2	0	20:00:00	2023-08-18	\N	\N	\N	\N	0	\N	0	\N	0	0	2023-08-17 08:27:54	2023-08-17 08:27:54	\N	\N	0	\N	0	2	\N	\N	0	08:00 PM - 08:30 PM	0	0	0	0	0	0	0	0	0	0
147	3	112	0	0	0	0	\N	\N	06:30:00	2023-08-17	04:00:00	2023-08-18	1	chicken	1	care	5	0	2023-08-17 08:03:15	2023-08-17 08:04:44	200	\N	0	two times a day	2	0	169225943164ddd467d063e_doc.pdf	\N	0		2	0	0	0	0	0	0	0	0	0
156	1	112	0	4	0	2	09:00:00	2023-08-24	\N	\N	\N	\N	0	\N	0	\N	3	0	2023-08-17 09:25:05	2023-08-17 09:25:47	50	\N	0	\N	0	0	169226433364dde78d97348_doc.pdf	\N	0	09:00 AM - 09:30 AM	0	0	0	0	0	0	0	0	0	0
154	2	112	0	0	1	0	09:30:00	2023-08-23	\N	\N	\N	\N	0	\N	0	\N	5	0	2023-08-17 09:12:00	2023-08-17 09:13:24	200	\N	0	\N	0	3	169226354964dde47d96afe_doc.pdf	\N	0	09:30 AM - 10:00 AM	0	0	0	0	0	0	0	0	0	0
155	2	112	0	0	1	0	10:00:00	2023-08-23	\N	\N	\N	\N	0	\N	0	\N	0	0	2023-08-17 09:15:31	2023-08-17 09:15:31	\N	\N	0	\N	0	3	\N	\N	0	10:00 AM - 10:30 AM	0	0	0	0	0	0	0	0	0	0
150	1	112	0	4	0	3	10:00:00	2023-08-24	\N	\N	\N	\N	0	\N	0	\N	5	0	2023-08-17 08:47:50	2023-08-17 08:49:43	89	\N	0	\N	0	0	169226211364dddee18bc01_doc.pdf	\N	0	10:00 AM - 10:30 AM	0	0	0	0	0	0	0	0	0	0
151	3	112	0	0	0	0	\N	\N	06:30:00	2023-08-23	11:00:00	2023-08-24	\N		0		0	0	2023-08-17 08:56:58	2023-08-17 08:56:58	\N	\N	0		0	0	\N	\N	0		1	0	0	0	0	0	0	0	0	0
152	2	112	0	0	1	0	08:30:00	2023-08-23	\N	\N	\N	\N	0	\N	0	\N	0	0	2023-08-17 08:59:04	2023-08-17 08:59:04	\N	\N	0	\N	0	2	\N	\N	0	08:30 AM - 09:00 AM	0	0	0	0	0	0	0	0	0	0
153	2	112	0	0	1	0	09:00:00	2023-08-23	\N	\N	\N	\N	0	\N	0	\N	0	0	2023-08-17 09:05:05	2023-08-17 09:05:05	\N	\N	0	\N	0	3	\N	\N	0	09:00 AM - 09:30 AM	0	0	0	0	0	0	0	0	0	0
157	1	112	0	4	0	2	10:00:00	2023-08-24	\N	\N	\N	\N	0	\N	0	\N	0	0	2023-08-17 09:26:33	2023-08-17 09:26:33	\N	\N	0	\N	0	0	\N	\N	0	10:00 AM - 10:30 AM	0	0	0	0	0	0	0	0	0	0
158	1	112	0	4	0	3	10:30:00	2023-08-24	\N	\N	\N	\N	0	\N	0	\N	2	0	2023-08-17 09:26:54	2023-08-17 09:29:37	\N	busy	0	\N	0	0	\N	\N	0	10:30 AM - 11:00 AM	0	0	0	0	0	0	0	0	0	0
159	1	112	0	4	0	3	11:00:00	2023-08-24	\N	\N	\N	\N	0	\N	0	\N	4	0	2023-08-17 09:27:13	2023-08-17 09:28:09	67	\N	0	\N	0	0	169226445964dde80b68423_doc.pdf	\N	0	11:00 AM - 11:30 AM	0	0	0	0	0	0	0	0	0	0
134	1	54	0	3	0	4	10:00:00	2023-08-16	\N	\N	\N	\N	0	\N	0	\N	3	0	2023-08-16 10:11:09	2023-08-19 07:37:48	100	\N	0	\N	0	0	\N	\N	0	10:00 AM - 10:30 AM	0	0	0	0	0	0	0	0	0	0
161	2	112	0	0	1	0	09:30:00	2023-08-23	\N	\N	\N	\N	0	\N	0	\N	0	0	2023-08-17 09:33:40	2023-08-17 09:33:40	\N	\N	0	\N	0	1	\N	\N	0	09:30 AM - 10:00 AM	0	0	0	0	0	0	0	0	0	0
179	5	112	0	0	0	0	\N	2023-08-23	\N	\N	\N	\N	0	\N	0	\N	5	0	2023-08-17 13:56:51	2023-08-17 13:57:19	\N	\N	0	\N	0	0	\N	\N	0		0	1	40	40	0	0	40	0	0	0
180	1	54	0	4	0	4	13:30:00	2023-08-18	\N	\N	\N	\N	0	\N	0	\N	0	0	2023-08-17 19:27:02	2023-08-17 19:27:02	\N	\N	0	\N	0	0	\N	\N	0	01:30 PM - 02:00 PM	0	0	0	0	0	0	0	0	0	0
162	1	112	0	4	0	4	09:00:00	2023-08-24	\N	\N	\N	\N	0	\N	0	\N	5	0	2023-08-17 09:37:19	2023-08-17 09:38:23	67	\N	0	\N	0	0	169226506264ddea66c4215_doc.pdf	\N	0	09:00 AM - 10:00 AM	0	0	0	0	0	0	0	0	0	0
164	2	77	0	0	2	0	17:30:00	2023-08-18	\N	\N	\N	\N	0	\N	0	\N	0	0	2023-08-17 10:22:33	2023-08-17 10:22:33	\N	\N	0	\N	0	2	\N	\N	0	05:30 PM - 06:00 PM	0	0	0	0	0	0	0	0	0	0
165	3	77	0	0	0	0	\N	\N	05:00:00	2023-08-17	10:30:00	2023-08-18	\N		0		0	0	2023-08-17 10:23:24	2023-08-17 10:23:24	\N	\N	0		0	0	\N	\N	0		0	0	0	0	0	0	0	0	0	0
163	1	77	0	4	0	3	11:00:00	2023-08-17	\N	\N	\N	\N	0	\N	0	\N	2	0	2023-08-17 10:22:18	2023-08-17 10:29:17	\N	no	0	\N	0	0	\N	\N	0	11:00 AM - 11:30 AM	0	0	0	0	0	0	0	0	0	0
181	1	118	0	4	0	3	15:30:00	2023-08-18	\N	\N	\N	\N	0	\N	0	\N	0	0	2023-08-17 21:32:54	2023-08-17 21:32:54	\N	\N	0	\N	0	0	\N	\N	0	03:30 PM - 04:00 PM	0	0	0	0	0	0	0	0	0	0
160	2	112	0	0	2	0	13:30:00	2023-08-18	\N	\N	\N	\N	0	\N	0	\N	4	0	2023-08-17 09:30:27	2023-08-17 10:46:28	78	\N	0	\N	0	2	169226477064dde942a12d9_doc.pdf	\N	0	01:30 PM - 02:00 PM	0	0	0	0	0	0	0	0	0	0
167	1	119	0	4	0	2	09:00:00	2023-08-24	\N	\N	\N	\N	0	\N	0	\N	5	0	2023-08-17 10:40:04	2023-08-17 10:57:29	200	\N	0	\N	0	0	169226884464ddf92cdf127_doc.pdf	\N	0	09:00 AM - 10:00 AM	0	0	0	0	0	0	0	0	0	0
166	4	77	0	0	0	0	\N	\N	10:30:00	2023-08-17	11:30:00	2023-08-17	\N		0		1	0	2023-08-17 10:23:47	2023-08-17 11:04:32	111	\N	0		0	0	169227027264ddfec018e91_doc.docx	\N	0		0	0	0	0	0	0	0	0	0	0
168	2	119	0	0	2	0	17:30:00	2023-08-18	\N	\N	\N	\N	0	\N	0	\N	0	0	2023-08-17 11:16:21	2023-08-17 11:16:21	\N	\N	0	\N	0	2	\N	\N	0	05:30 PM - 06:30 PM	0	0	0	0	0	0	0	0	0	0
169	1	112	0	4	0	4	10:00:00	2023-08-24	\N	\N	\N	\N	0	\N	0	\N	0	0	2023-08-17 11:17:02	2023-08-17 11:17:02	\N	\N	0	\N	0	0	\N	\N	0	10:00 AM - 11:00 AM	0	0	0	0	0	0	0	0	0	0
170	2	119	0	0	2	0	19:30:00	2023-08-17	\N	\N	\N	\N	0	\N	0	\N	1	0	2023-08-17 11:19:00	2023-08-17 11:20:25	67	\N	0	\N	0	1	169227122564de02792b184_doc.pdf	\N	0	07:30 PM - 08:00 PM	0	0	0	0	0	0	0	0	0	0
171	5	119	0	0	0	0	\N	2023-08-18	\N	\N	\N	\N	0	\N	0	\N	6	0	2023-08-17 11:37:28	2023-08-17 11:38:44	\N	\N	0	\N	0	0	\N	\N	0		0	1	40	40	0	0	40	0	0	0
172	4	119	0	0	0	0	\N	\N	09:30:00	2023-08-24	11:30:00	2023-08-24	1		0		0	0	2023-08-17 11:59:29	2023-08-17 11:59:29	\N	\N	0		2	0	\N	\N	0		2	0	0	0	0	0	0	0	0	0
173	5	119	0	0	0	0	\N	2023-08-23	\N	\N	\N	\N	0	\N	0	\N	6	0	2023-08-17 12:01:10	2023-08-17 12:01:58	\N	\N	0	\N	0	0	\N	\N	0		0	3	120	120	0	0	120	0	0	0
174	1	119	0	4	0	4	11:00:00	2023-08-24	\N	\N	\N	\N	0	\N	0	\N	0	0	2023-08-17 12:16:11	2023-08-17 12:16:11	\N	\N	0	\N	0	0	\N	\N	0	11:00 AM - 12:00 PM	0	0	0	0	0	0	0	0	0	0
176	2	119	0	0	1	0	08:00:00	2023-08-23	\N	\N	\N	\N	0	\N	0	\N	0	0	2023-08-17 12:21:21	2023-08-17 12:21:21	\N	\N	0	\N	0	1	\N	\N	0	08:00 AM - 09:00 AM	0	0	0	0	0	0	0	0	0	0
175	1	112	0	4	0	3	09:00:00	2023-08-24	\N	\N	\N	\N	0	\N	0	\N	2	0	2023-08-17 12:19:26	2023-08-17 12:30:01	\N	busy	0	\N	0	0	\N	\N	0	09:00 AM - 10:00 AM	0	0	0	0	0	0	0	0	0	0
178	1	112	0	4	0	2	11:00:00	2023-08-18	\N	\N	\N	\N	0	\N	0	\N	2	0	2023-08-17 12:30:53	2023-08-17 12:31:14	\N	busy	0	\N	0	0	\N	\N	0	11:00 AM - 11:30 AM	0	0	0	0	0	0	0	0	0	0
189	1	112	0	4	0	3	11:30:00	2023-08-24	\N	\N	\N	\N	0	\N	0	\N	0	0	2023-08-18 05:32:06	2023-08-18 05:32:06	\N	\N	0	\N	0	0	\N	\N	0	11:30 AM - 12:00 PM	0	0	0	0	0	0	0	0	0	0
190	1	112	0	4	0	4	10:30:00	2023-08-18	\N	\N	\N	\N	0	\N	0	\N	0	0	2023-08-18 05:37:52	2023-08-18 05:37:52	\N	\N	0	\N	0	0	\N	\N	0	10:30 AM - 11:00 AM	0	0	0	0	0	0	0	0	0	0
177	1	112	0	4	0	3	10:00:00	2023-08-18	\N	\N	\N	\N	0	\N	0	\N	5	0	2023-08-17 12:29:21	2023-08-17 12:33:26	78	\N	0	\N	0	0	169227553364de134d80ddd_doc.pdf	\N	0	10:00 AM - 11:00 AM	0	0	0	0	0	0	0	0	0	0
182	1	112	0	4	0	3	09:00:00	2023-08-18	\N	\N	\N	\N	0	\N	0	\N	5	0	2023-08-18 05:08:45	2023-08-18 05:11:48	200	\N	0	\N	0	0	169233536164defd01dedc1_doc.pdf	\N	0	09:00 AM - 09:30 AM	0	0	0	0	0	0	0	0	0	0
183	1	112	0	4	0	4	10:00:00	2023-08-18	\N	\N	\N	\N	0	\N	0	\N	0	0	2023-08-18 05:13:57	2023-08-18 05:13:57	\N	\N	0	\N	0	0	\N	\N	0	10:00 AM - 11:00 AM	0	0	0	0	0	0	0	0	0	0
191	1	112	0	4	0	4	15:00:00	2023-08-18	\N	\N	\N	\N	0	\N	0	\N	0	0	2023-08-18 05:38:22	2023-08-18 05:38:22	\N	\N	0	\N	0	0	\N	\N	0	03:00 PM - 03:30 PM	0	0	0	0	0	0	0	0	0	0
184	1	112	0	4	0	4	09:30:00	2023-08-18	\N	\N	\N	\N	0	\N	0	\N	3	0	2023-08-18 05:15:34	2023-08-18 05:19:22	78	\N	0	\N	0	0	169233577664defea0cd208_doc.pdf	\N	0	09:30 AM - 10:00 AM	0	0	0	0	0	0	0	0	0	0
185	1	112	0	4	0	3	09:00:00	2023-08-24	\N	\N	\N	\N	0	\N	0	\N	0	0	2023-08-18 05:20:38	2023-08-18 05:20:38	\N	\N	0	\N	0	0	\N	\N	0	09:00 AM - 10:00 AM	0	0	0	0	0	0	0	0	0	0
186	1	112	0	4	0	3	10:30:00	2023-08-24	\N	\N	\N	\N	0	\N	0	\N	0	0	2023-08-18 05:21:28	2023-08-18 05:21:28	\N	\N	0	\N	0	0	\N	\N	0	10:30 AM - 11:00 AM	0	0	0	0	0	0	0	0	0	0
187	1	112	0	4	0	4	09:00:00	2023-08-18	\N	\N	\N	\N	0	\N	0	\N	1	0	2023-08-18 05:26:59	2023-08-18 05:27:44	400	\N	0	\N	0	0	169233646464df015026ac8_doc.pdf	\N	0	09:00 AM - 09:30 AM	0	0	0	0	0	0	0	0	0	0
188	1	112	0	4	0	2	11:00:00	2023-08-24	\N	\N	\N	\N	0	\N	0	\N	0	0	2023-08-18 05:31:21	2023-08-18 05:31:21	\N	\N	0	\N	0	0	\N	\N	0	11:00 AM - 11:30 AM	0	0	0	0	0	0	0	0	0	0
192	1	112	0	4	0	3	15:00:00	2023-08-18	\N	\N	\N	\N	0	\N	0	\N	0	0	2023-08-18 05:45:18	2023-08-18 05:45:18	\N	\N	0	\N	0	0	\N	\N	0	03:00 PM - 03:30 PM	0	0	0	0	0	0	0	0	0	0
193	1	112	0	4	0	3	15:00:00	2023-08-18	\N	\N	\N	\N	0	\N	0	\N	0	0	2023-08-18 05:45:48	2023-08-18 05:45:48	\N	\N	0	\N	0	0	\N	\N	0	03:00 PM - 03:30 PM	0	0	0	0	0	0	0	0	0	0
194	1	69	0	4	0	4	15:00:00	2023-08-18	\N	\N	\N	\N	0	\N	0	\N	0	0	2023-08-18 05:49:03	2023-08-18 05:49:03	\N	\N	0	\N	0	0	\N	\N	0	03:00 PM - 03:30 PM	0	0	0	0	0	0	0	0	0	0
195	1	112	0	4	0	4	09:30:00	2023-08-25	\N	\N	\N	\N	0	\N	0	\N	0	0	2023-08-18 05:49:47	2023-08-18 05:49:47	\N	\N	0	\N	0	0	\N	\N	0	09:30 AM - 10:00 AM	0	0	0	0	0	0	0	0	0	0
196	1	112	0	4	0	3	10:00:00	2023-08-25	\N	\N	\N	\N	0	\N	0	\N	0	0	2023-08-18 05:51:05	2023-08-18 05:51:05	\N	\N	0	\N	0	0	\N	\N	0	10:00 AM - 10:30 AM	0	0	0	0	0	0	0	0	0	0
197	2	112	0	0	1	0	09:00:00	2023-08-23	\N	\N	\N	\N	0	\N	0	\N	0	0	2023-08-18 05:55:46	2023-08-18 05:55:46	\N	\N	0	\N	0	1	\N	\N	0	09:00 AM - 10:00 AM	0	0	0	0	0	0	0	0	0	0
198	4	77	0	0	0	0	\N	\N	12:00:00	2023-08-21	13:00:00	2023-08-21	\N		0		0	0	2023-08-18 06:33:11	2023-08-18 06:33:11	\N	\N	0		0	0	\N	\N	0		0	0	0	0	0	0	0	0	0	0
199	4	77	0	0	0	0	\N	\N	12:00:00	2023-08-21	13:00:00	2023-08-21	\N		0		0	0	2023-08-18 06:35:32	2023-08-18 06:35:32	\N	\N	0		1	0	\N	\N	0		2	0	0	0	0	0	0	0	0	0
200	3	77	0	0	0	0	\N	\N	09:30:00	2023-08-21	13:30:00	2023-08-22	\N		0		0	0	2023-08-18 06:43:04	2023-08-18 06:43:04	\N	\N	0		1	0	\N	\N	0		2	0	0	0	0	0	0	0	0	0
201	3	77	0	0	0	0	\N	\N	09:30:00	2023-08-21	13:30:00	2023-08-22	\N	new	0		0	0	2023-08-18 06:47:50	2023-08-18 06:47:50	\N	\N	0		1	0	\N	\N	0		2	0	0	0	0	0	0	0	0	0
203	2	120	0	0	2	0	19:30:00	2023-08-18	\N	\N	\N	\N	0	\N	0	\N	0	0	2023-08-18 07:34:16	2023-08-18 07:34:16	\N	\N	0	\N	0	2	\N	\N	0	07:30 PM - 08:00 PM	0	0	0	0	0	0	0	0	0	0
204	2	120	0	0	2	0	20:00:00	2023-08-18	\N	\N	\N	\N	0	\N	0	\N	0	0	2023-08-18 07:34:52	2023-08-18 07:34:52	\N	\N	0	\N	0	1	\N	\N	0	08:00 PM - 08:30 PM	0	0	0	0	0	0	0	0	0	0
205	3	120	0	0	0	0	\N	\N	12:00:00	2023-08-21	11:30:00	2023-08-22	\N		0		0	0	2023-08-18 07:36:02	2023-08-18 07:36:02	\N	\N	0		0	0	\N	\N	0		1	0	0	0	0	0	0	0	0	0
206	4	120	0	0	0	0	\N	\N	12:30:00	2023-08-21	14:30:00	2023-08-21	\N		0		0	0	2023-08-18 07:36:57	2023-08-18 07:36:57	\N	\N	0		0	0	\N	\N	0		1	0	0	0	0	0	0	0	0	0
207	5	120	0	0	0	0	\N	2023-08-23	\N	\N	\N	\N	0	\N	0	\N	5	0	2023-08-18 07:37:43	2023-08-18 07:38:22	\N	\N	0	\N	0	0	\N	\N	0		0	1	40	40	0	0	40	0	0	0
202	1	120	0	4	0	4	10:30:00	2023-08-25	\N	\N	\N	\N	0	\N	0	\N	1	0	2023-08-18 07:33:44	2023-08-18 07:39:57	600	\N	0	\N	0	0	169234439764df204ddb199_doc.pdf	\N	0	10:30 AM - 11:00 AM	0	0	0	0	0	0	0	0	0	0
208	1	120	0	4	0	4	12:30:00	2023-08-25	\N	\N	\N	\N	0	\N	0	\N	0	0	2023-08-18 07:41:49	2023-08-18 07:41:49	\N	\N	0	\N	0	0	\N	\N	0	12:30 PM - 01:00 PM	0	0	0	0	0	0	0	0	0	0
209	1	120	0	4	0	4	14:30:00	2023-08-18	\N	\N	\N	\N	0	\N	0	\N	0	0	2023-08-18 07:52:55	2023-08-18 07:52:55	\N	\N	0	\N	0	0	\N	\N	0	02:30 PM - 03:00 PM	0	0	0	0	0	0	0	0	0	0
210	1	120	0	4	0	4	09:00:00	2023-08-25	\N	\N	\N	\N	0	\N	0	\N	0	0	2023-08-18 07:53:30	2023-08-18 07:53:30	\N	\N	0	\N	0	0	\N	\N	0	09:00 AM - 09:30 AM	0	0	0	0	0	0	0	0	0	0
211	2	120	0	0	1	0	12:00:00	2023-08-23	\N	\N	\N	\N	0	\N	0	\N	0	0	2023-08-18 08:16:39	2023-08-18 08:16:39	\N	\N	0	\N	0	2	\N	\N	0	12:00 PM - 01:00 PM	0	0	0	0	0	0	0	0	0	0
212	1	119	0	4	0	3	11:00:00	2023-08-18	\N	\N	\N	\N	0	\N	0	\N	0	0	2023-08-18 11:11:52	2023-08-18 11:11:52	\N	\N	0	\N	0	0	\N	\N	0	11:00 AM - 11:30 AM	0	0	0	0	0	0	0	0	0	0
213	1	119	0	4	0	3	11:00:00	2023-08-25	\N	\N	\N	\N	0	\N	0	\N	0	0	2023-08-18 11:12:46	2023-08-18 11:12:46	\N	\N	0	\N	0	0	\N	\N	0	11:00 AM - 11:30 AM	0	0	0	0	0	0	0	0	0	0
214	1	119	0	4	0	4	09:00:00	2023-08-23	\N	\N	\N	\N	0	\N	0	\N	0	0	2023-08-18 11:17:50	2023-08-18 11:17:50	\N	\N	0	\N	0	0	\N	\N	0	09:00 AM - 09:30 AM	0	0	0	0	0	0	0	0	0	0
215	1	119	0	4	0	3	09:30:00	2023-08-23	\N	\N	\N	\N	0	\N	0	\N	0	0	2023-08-18 11:18:10	2023-08-18 11:18:10	\N	\N	0	\N	0	0	\N	\N	0	09:30 AM - 10:00 AM	0	0	0	0	0	0	0	0	0	0
216	1	119	0	4	0	4	10:00:00	2023-08-23	\N	\N	\N	\N	0	\N	0	\N	0	0	2023-08-18 11:18:32	2023-08-18 11:18:32	\N	\N	0	\N	0	0	\N	\N	0	10:00 AM - 11:00 AM	0	0	0	0	0	0	0	0	0	0
217	1	119	0	4	0	4	11:00:00	2023-08-23	\N	\N	\N	\N	0	\N	0	\N	0	0	2023-08-18 11:18:53	2023-08-18 11:18:53	\N	\N	0	\N	0	0	\N	\N	0	11:00 AM - 12:00 PM	0	0	0	0	0	0	0	0	0	0
218	1	119	0	4	0	4	12:00:00	2023-08-23	\N	\N	\N	\N	0	\N	0	\N	0	0	2023-08-18 11:19:19	2023-08-18 11:19:19	\N	\N	0	\N	0	0	\N	\N	0	12:00 PM - 12:30 PM	0	0	0	0	0	0	0	0	0	0
219	1	119	0	3	0	2	12:00:00	2023-08-24	\N	\N	\N	\N	0	\N	0	\N	0	0	2023-08-18 11:28:51	2023-08-18 11:28:51	\N	\N	0	\N	0	0	\N	\N	0	12:00 PM - 01:00 PM	0	0	0	0	0	0	0	0	0	0
220	1	119	0	2	0	4	13:00:00	2023-08-24	\N	\N	\N	\N	0	\N	0	\N	0	0	2023-08-18 11:29:14	2023-08-18 11:29:14	\N	\N	0	\N	0	0	\N	\N	0	01:00 PM - 01:30 PM	0	0	0	0	0	0	0	0	0	0
221	1	119	0	2	0	4	13:30:00	2023-08-24	\N	\N	\N	\N	0	\N	0	\N	0	0	2023-08-18 11:29:42	2023-08-18 11:29:42	\N	\N	0	\N	0	0	\N	\N	0	01:30 PM - 02:00 PM	0	0	0	0	0	0	0	0	0	0
222	1	119	0	2	0	4	09:00:00	2023-08-22	\N	\N	\N	\N	0	\N	0	\N	0	0	2023-08-18 11:32:41	2023-08-18 11:32:41	\N	\N	0	\N	0	0	\N	\N	0	09:00 AM - 09:30 AM	0	0	0	0	0	0	0	0	0	0
223	1	112	0	4	0	3	14:00:00	2023-08-18	\N	\N	\N	\N	0	\N	0	\N	0	0	2023-08-18 12:03:46	2023-08-18 12:03:46	\N	\N	0	\N	0	0	\N	\N	0	02:00 PM - 02:30 PM	0	0	0	0	0	0	0	0	0	0
224	2	112	0	0	1	0	11:00:00	2023-08-23	\N	\N	\N	\N	0	\N	0	\N	0	0	2023-08-18 12:04:27	2023-08-18 12:04:27	\N	\N	0	\N	0	1	\N	\N	0	11:00 AM - 11:30 AM	0	0	0	0	0	0	0	0	0	0
225	5	112	0	0	0	0	\N	2023-08-23	\N	\N	\N	\N	0	\N	0	\N	5	0	2023-08-18 12:06:22	2023-08-18 12:06:43	\N	\N	0	\N	0	0	\N	\N	0		0	1	40	40	0	0	40	0	0	0
226	5	119	0	0	0	0	\N	2023-08-23	\N	\N	\N	\N	0	\N	0	\N	5	0	2023-08-18 12:25:14	2023-08-18 12:26:25	\N	\N	0	\N	0	0	\N	\N	0		0	1	40	40	0	0	40	0	0	0
227	2	119	0	0	4	0	09:00:00	2023-08-21	\N	\N	\N	\N	0	\N	0	\N	0	0	2023-08-18 13:50:23	2023-08-18 13:50:23	\N	\N	0	\N	0	2	\N	\N	0	09:00 AM - 10:00 AM	0	0	0	0	0	0	0	0	0	0
228	2	119	0	0	4	0	10:00:00	2023-08-21	\N	\N	\N	\N	0	\N	0	\N	0	0	2023-08-18 13:50:54	2023-08-18 13:50:54	\N	\N	0	\N	0	2	\N	\N	0	10:00 AM - 10:30 AM	0	0	0	0	0	0	0	0	0	0
229	4	118	0	0	0	0	\N	\N	08:30:00	2023-08-21	12:30:00	2023-08-21	1		1	Yuuuuuuu this looks like my first ever watch I ever made haha thanks so very good	0	0	2023-08-18 16:14:24	2023-08-18 16:14:24	\N	\N	0	Im going out for dinner tonight with the girls so if youre not home	1	0	\N	\N	0		2	0	0	0	0	0	0	0	0	0
230	2	69	0	0	3	0	09:30:00	2023-08-21	\N	\N	\N	\N	0	\N	0	\N	0	0	2023-08-18 18:11:18	2023-08-18 18:11:18	\N	\N	0	\N	0	1	\N	\N	0	09:30 AM - 10:00 AM	0	0	0	0	0	0	0	0	0	0
231	1	112	0	3	0	3	09:00:00	2023-08-22	\N	\N	\N	\N	0	\N	0	\N	0	0	2023-08-18 19:11:51	2023-08-18 19:11:51	\N	\N	0	\N	0	0	\N	\N	0	09:00 AM - 09:30 AM	0	0	0	0	0	0	0	0	0	0
232	1	112	0	4	0	3	09:00:00	2023-08-22	\N	\N	\N	\N	0	\N	0	\N	0	0	2023-08-18 19:12:18	2023-08-18 19:12:18	\N	\N	0	\N	0	0	\N	\N	0	09:00 AM - 09:30 AM	0	0	0	0	0	0	0	0	0	0
233	1	112	0	2	0	3	09:30:00	2023-08-22	\N	\N	\N	\N	0	\N	0	\N	0	0	2023-08-18 19:12:50	2023-08-18 19:12:50	\N	\N	0	\N	0	0	\N	\N	0	09:30 AM - 10:00 AM	0	0	0	0	0	0	0	0	0	0
234	1	119	0	1	0	4	08:00:00	2023-08-21	\N	\N	\N	\N	0	\N	0	\N	0	0	2023-08-19 05:18:20	2023-08-19 05:18:20	\N	\N	0	\N	0	0	\N	\N	0	08:00 AM - 08:30 AM	0	0	0	0	0	0	0	0	0	0
235	1	119	0	1	0	3	08:30:00	2023-08-21	\N	\N	\N	\N	0	\N	0	\N	0	0	2023-08-19 05:18:57	2023-08-19 05:18:57	\N	\N	0	\N	0	0	\N	\N	0	08:30 AM - 09:00 AM	0	0	0	0	0	0	0	0	0	0
236	1	119	0	2	0	4	09:00:00	2023-08-21	\N	\N	\N	\N	0	\N	0	\N	0	0	2023-08-19 05:19:37	2023-08-19 05:19:37	\N	\N	0	\N	0	0	\N	\N	0	09:00 AM - 10:00 AM	0	0	0	0	0	0	0	0	0	0
237	1	119	0	3	0	4	09:00:00	2023-08-21	\N	\N	\N	\N	0	\N	0	\N	0	0	2023-08-19 05:20:41	2023-08-19 05:20:41	\N	\N	0	\N	0	0	\N	\N	0	09:00 AM - 10:00 AM	0	0	0	0	0	0	0	0	0	0
238	1	119	0	1	0	4	09:00:00	2023-08-21	\N	\N	\N	\N	0	\N	0	\N	0	0	2023-08-19 05:21:08	2023-08-19 05:21:08	\N	\N	0	\N	0	0	\N	\N	0	09:00 AM - 10:00 AM	0	0	0	0	0	0	0	0	0	0
239	2	119	0	0	3	0	08:00:00	2023-08-22	\N	\N	\N	\N	0	\N	0	\N	0	0	2023-08-19 05:40:32	2023-08-19 05:40:32	\N	\N	0	\N	0	2	\N	\N	0	08:00 AM - 08:30 AM	0	0	0	0	0	0	0	0	0	0
240	1	69	0	3	0	3	09:30:00	2023-08-22	\N	\N	\N	\N	0	\N	0	\N	0	0	2023-08-19 05:47:06	2023-08-19 05:47:06	\N	\N	0	\N	0	0	\N	\N	0	09:30 AM - 10:00 AM	0	0	0	0	0	0	0	0	0	0
241	1	69	0	4	0	3	09:30:00	2023-08-22	\N	\N	\N	\N	0	\N	0	\N	0	0	2023-08-19 05:47:40	2023-08-19 05:47:40	\N	\N	0	\N	0	0	\N	\N	0	09:30 AM - 10:00 AM	0	0	0	0	0	0	0	0	0	0
242	2	119	0	0	3	0	08:30:00	2023-08-22	\N	\N	\N	\N	0	\N	0	\N	0	0	2023-08-19 05:53:25	2023-08-19 05:53:25	\N	\N	0	\N	0	2	\N	\N	0	08:30 AM - 09:00 AM	0	0	0	0	0	0	0	0	0	0
243	2	119	0	0	4	0	09:00:00	2023-08-22	\N	\N	\N	\N	0	\N	0	\N	0	0	2023-08-19 05:54:20	2023-08-19 05:54:20	\N	\N	0	\N	0	1	\N	\N	0	09:00 AM - 10:00 AM	0	0	0	0	0	0	0	0	0	0
244	2	119	0	0	3	0	09:00:00	2023-08-22	\N	\N	\N	\N	0	\N	0	\N	0	0	2023-08-19 05:54:44	2023-08-19 05:54:44	\N	\N	0	\N	0	2	\N	\N	0	09:00 AM - 10:00 AM	0	0	0	0	0	0	0	0	0	0
245	1	119	0	4	0	4	09:00:00	2023-08-21	\N	\N	\N	\N	0	\N	0	\N	0	0	2023-08-19 06:10:29	2023-08-19 06:10:29	\N	\N	0	\N	0	0	\N	\N	0	09:00 AM - 10:00 AM	0	0	0	0	0	0	0	0	0	0
247	2	119	0	0	4	0	10:30:00	2023-08-22	\N	\N	\N	\N	0	\N	0	\N	0	0	2023-08-19 06:21:32	2023-08-19 06:21:32	\N	\N	0	\N	0	2	\N	\N	0	10:30 AM - 11:00 AM	0	0	0	0	0	0	0	0	0	0
248	2	119	0	0	3	0	10:30:00	2023-08-22	\N	\N	\N	\N	0	\N	0	\N	0	0	2023-08-19 06:22:04	2023-08-19 06:22:04	\N	\N	0	\N	0	2	\N	\N	0	10:30 AM - 11:00 AM	0	0	0	0	0	0	0	0	0	0
249	2	119	0	0	4	0	11:00:00	2023-08-22	\N	\N	\N	\N	0	\N	0	\N	0	0	2023-08-19 06:22:34	2023-08-19 06:22:34	\N	\N	0	\N	0	1	\N	\N	0	11:00 AM - 12:00 PM	0	0	0	0	0	0	0	0	0	0
250	2	119	0	0	3	0	11:00:00	2023-08-22	\N	\N	\N	\N	0	\N	0	\N	0	0	2023-08-19 06:23:26	2023-08-19 06:23:26	\N	\N	0	\N	0	2	\N	\N	0	11:00 AM - 12:00 PM	0	0	0	0	0	0	0	0	0	0
252	3	119	0	0	0	0	\N	\N	09:00:00	2023-08-21	13:00:00	2023-08-22	1	chapati	0		0	0	2023-08-19 06:37:56	2023-08-19 06:37:56	\N	\N	0		0	0	\N	\N	0		2	0	0	0	0	0	0	0	0	0
253	4	119	0	0	0	0	\N	\N	08:30:00	2023-08-21	09:00:00	2023-08-21	1		0		0	0	2023-08-19 06:38:43	2023-08-19 06:38:43	\N	\N	0		2	0	\N	\N	0		2	0	0	0	0	0	0	0	0	0
251	1	119	0	4	0	2	10:00:00	2023-08-21	\N	\N	\N	\N	0	\N	0	\N	1	0	2023-08-19 06:25:12	2023-08-19 06:43:23	78	\N	0	\N	0	0	169242740364e0648b1a075_doc.pdf	\N	0	10:00 AM - 10:30 AM	0	0	0	0	0	0	0	0	0	0
256	3	119	0	0	0	0	\N	\N	07:30:00	2023-08-21	10:30:00	2023-08-22	1		0		0	0	2023-08-19 07:43:00	2023-08-19 07:43:00	\N	\N	0	pills	2	0	\N	\N	0		1	0	0	0	0	0	0	0	0	0
257	5	55	0	0	0	0	\N	2023-08-23	\N	\N	\N	\N	0	\N	0	\N	5	0	2023-08-19 07:45:17	2023-08-19 07:45:33	\N	\N	0	\N	0	0	\N	\N	0		0	2	80	80	0	0	80	0	0	0
258	1	55	0	3	0	3	10:30:00	2023-08-21	\N	\N	\N	\N	0	\N	0	\N	0	0	2023-08-19 07:47:37	2023-08-19 07:47:37	\N	\N	0	\N	0	0	\N	\N	0	10:30 AM - 11:00 AM	0	0	0	0	0	0	0	0	0	0
254	1	112	0	2	0	3	10:00:00	2023-08-21	\N	\N	\N	\N	0	\N	0	\N	5	0	2023-08-19 06:44:50	2023-08-19 07:49:04	200	\N	0	\N	0	0	169242751764e064fddb630_doc.pdf	\N	0	10:00 AM - 10:30 AM	0	0	0	0	0	0	0	0	0	0
259	1	55	0	3	0	3	12:00:00	2023-08-21	\N	\N	\N	\N	0	\N	0	\N	0	0	2023-08-19 07:51:13	2023-08-19 07:51:13	\N	\N	0	\N	0	0	\N	\N	0	12:00 PM - 12:30 PM	0	0	0	0	0	0	0	0	0	0
260	2	55	0	0	1	0	09:30:00	2023-08-21	\N	\N	\N	\N	0	\N	0	\N	0	0	2023-08-19 07:52:13	2023-08-19 07:52:13	\N	\N	0	\N	0	2	\N	\N	0	09:30 AM - 10:00 AM	0	0	0	0	0	0	0	0	0	0
263	3	119	0	0	0	0	\N	\N	14:00:00	2023-08-21	16:30:00	2023-08-22	1		1	best	5	0	2023-08-19 08:05:01	2023-08-19 08:06:18	78	\N	0	jsjs	1	0	169243232764e077c7cd078_doc.pdf	\N	0		2	0	0	0	0	0	0	0	0	0
261	1	119	0	2	0	3	10:30:00	2023-08-21	\N	\N	\N	\N	0	\N	0	\N	5	0	2023-08-19 07:52:44	2023-08-19 08:02:29	400	\N	0	\N	0	0	169243159164e074e72f1e6_doc.pdf	\N	0	10:30 AM - 11:00 AM	0	0	0	0	0	0	0	0	0	0
255	1	119	0	3	0	4	10:00:00	2023-08-21	\N	\N	\N	\N	0	\N	0	\N	5	0	2023-08-19 06:49:11	2023-08-19 08:51:29	100	\N	0	\N	0	0	169243504364e082630b63a_doc.pdf	\N	0	10:00 AM - 10:30 AM	0	0	0	0	0	0	0	0	0	0
262	2	119	0	0	4	0	12:00:00	2023-08-22	\N	\N	\N	\N	0	\N	0	\N	5	0	2023-08-19 08:02:56	2023-08-19 08:04:08	400	\N	0	\N	0	1	169243220164e077491f477_doc.pdf	\N	0	12:00 PM - 12:30 PM	0	0	0	0	0	0	0	0	0	0
266	1	108	0	3	0	4	09:00:00	2023-08-24	\N	\N	\N	\N	0	\N	0	\N	0	0	2023-08-19 09:00:18	2023-08-19 09:00:18	\N	\N	0	\N	0	0	\N	\N	0	09:00 AM - 10:00 AM	0	0	0	0	0	0	0	0	0	0
264	4	119	0	0	0	0	\N	\N	10:30:00	2023-08-21	11:30:00	2023-08-21	1		1	no	5	0	2023-08-19 08:08:27	2023-08-19 08:09:41	400	\N	0	no	1	0	169243253964e0789b3abe9_doc.pdf	\N	0		1	0	0	0	0	0	0	0	0	0
265	5	119	0	0	0	0	\N	2023-08-23	\N	\N	\N	\N	0	\N	0	\N	5	0	2023-08-19 08:10:23	2023-08-19 08:10:52	\N	\N	0	\N	0	0	\N	\N	0		0	1	40	40	0	0	40	0	0	0
267	2	108	0	0	4	0	12:00:00	2023-08-22	\N	\N	\N	\N	0	\N	0	\N	0	0	2023-08-19 09:04:09	2023-08-19 09:04:09	\N	\N	0	\N	0	2	\N	\N	0	12:00 PM - 01:00 PM	0	0	0	0	0	0	0	0	0	0
268	3	108	0	0	0	0	\N	\N	08:00:00	2023-08-25	10:00:00	2023-08-26	1		0	Dog is very aggressive	0	0	2023-08-19 09:11:27	2023-08-19 09:11:27	\N	\N	0	Vaccination need	1	0	\N	\N	0		1	0	0	0	0	0	0	0	0	0
269	3	112	0	0	0	0	\N	\N	09:30:00	2023-08-21	09:00:00	2023-08-22	1	hehs	1	Hi	5	0	2023-08-19 09:49:57	2023-08-19 09:53:14	400	\N	0	Hshshshs	0	0	169243871864e090bed7873_doc.pdf	\N	0		2	0	0	0	0	0	0	0	0	0
270	4	112	0	0	0	0	\N	\N	10:00:00	2023-08-21	11:00:00	2023-08-21	1		1	Gahahah	0	0	2023-08-19 09:56:11	2023-08-19 09:56:11	\N	\N	0	Hahaha	5	0	\N	\N	0		2	0	0	0	0	0	0	0	0	0
271	4	108	0	0	0	0	\N	\N	07:30:00	2023-08-24	07:30:00	2023-08-24	1		0	Dog very lazy	0	0	2023-08-19 10:01:59	2023-08-19 10:01:59	\N	\N	0		1	0	\N	\N	0		1	0	0	0	0	0	0	0	0	0
272	5	108	0	0	0	0	\N	2023-08-23	\N	\N	\N	\N	0	\N	0	\N	5	0	2023-08-19 10:04:21	2023-08-19 10:05:01	\N	\N	0	\N	0	0	\N	\N	0		0	3	120	120	0	0	120	0	0	0
273	1	119	0	3	0	3	10:00:00	2023-08-21	\N	\N	\N	\N	0	\N	0	\N	0	0	2023-08-19 10:05:02	2023-08-19 10:05:02	\N	\N	0	\N	0	0	\N	\N	0	10:00 AM - 10:30 AM	0	0	0	0	0	0	0	0	0	0
246	3	103	0	0	0	0	\N	\N	07:00:00	2023-08-21	15:00:00	2023-08-22	\N		0		1	0	2023-08-19 06:15:05	2023-08-30 07:49:08	102	\N	0		1	0	169338174864eef474b56f6_doc.docx	\N	0		0	0	0	0	0	0	0	0	0	0
274	2	119	0	0	4	0	10:00:00	2023-08-22	\N	\N	\N	\N	0	\N	0	\N	0	0	2023-08-19 10:05:30	2023-08-19 10:05:30	\N	\N	0	\N	0	2	\N	\N	0	10:00 AM - 10:30 AM	0	0	0	0	0	0	0	0	0	0
301	3	119	0	0	0	0	\N	\N	09:00:00	2023-08-21	09:00:00	2023-08-22	\N		1	Hi high	0	0	2023-08-19 15:38:25	2023-08-19 15:38:25	\N	\N	0	Hi hon	1	0	\N	\N	0		2	0	0	0	0	0	0	0	0	0
302	4	119	0	0	0	0	\N	\N	09:00:00	2023-08-21	10:00:00	2023-08-21	1	hihih	0	Hahaha	0	0	2023-08-19 15:39:45	2023-08-19 15:39:45	\N	\N	0		1	0	\N	\N	0		2	0	0	0	0	0	0	0	0	0
275	1	119	0	2	0	4	10:00:00	2023-08-21	\N	\N	\N	\N	0	\N	0	\N	5	0	2023-08-19 10:19:42	2023-08-19 10:32:36	200	\N	0	\N	0	0	169244076964e098c1481f7_doc.pdf	\N	0	10:00 AM - 10:30 AM	0	0	0	0	0	0	0	0	0	0
276	2	119	0	0	2	0	09:00:00	2023-08-21	\N	\N	\N	\N	0	\N	0	\N	0	0	2023-08-19 10:33:38	2023-08-19 10:33:38	\N	\N	0	\N	0	2	\N	\N	0	09:00 AM - 09:30 AM	0	0	0	0	0	0	0	0	0	0
303	4	119	0	0	0	0	\N	\N	10:00:00	2023-08-21	12:00:00	2023-08-21	\N		0		0	0	2023-08-19 16:08:57	2023-08-19 16:08:57	\N	\N	0		0	0	\N	\N	0		2	0	0	0	0	0	0	0	0	0
304	3	118	0	0	0	0	\N	\N	13:00:00	2023-08-23	13:00:00	2023-08-31	\N		0	Vgghh	0	0	2023-08-19 16:13:32	2023-08-19 16:13:32	\N	\N	0		0	0	\N	\N	0		2	0	0	0	0	0	0	0	0	0
277	2	119	0	0	3	0	10:00:00	2023-08-22	\N	\N	\N	\N	0	\N	0	\N	5	0	2023-08-19 10:34:00	2023-08-19 10:39:41	78	\N	0	\N	0	2	169244137464e09b1ea59f5_doc.pdf	\N	0	10:00 AM - 10:30 AM	0	0	0	0	0	0	0	0	0	0
89	1	54	0	3	0	3	11:00:00	2023-08-08	\N	\N	\N	\N	0	\N	0	\N	3	0	2023-08-05 10:47:00	2023-08-19 10:41:31	100	\N	0	\N	0	0	\N	\N	0	11:00 AM - 12:00 PM	0	0	0	0	0	0	0	0	0	0
278	5	119	0	0	0	0	\N	2023-08-23	\N	\N	\N	\N	0	\N	0	\N	5	0	2023-08-19 10:45:04	2023-08-19 10:45:42	\N	\N	0	\N	0	0	\N	\N	0		0	1	40	40	0	0	40	0	0	0
279	1	54	0	3	0	3	12:30:00	2023-08-21	\N	\N	\N	\N	0	\N	0	\N	0	0	2023-08-19 11:16:14	2023-08-19 11:16:14	\N	\N	0	\N	0	0	\N	\N	0	12:30 PM - 01:00 PM	0	0	0	0	0	0	0	0	0	0
280	2	54	0	0	3	0	12:00:00	2023-08-22	\N	\N	\N	\N	0	\N	0	\N	0	0	2023-08-19 11:16:56	2023-08-19 11:16:56	\N	\N	0	\N	0	1	\N	\N	0	12:00 PM - 12:30 PM	0	0	0	0	0	0	0	0	0	0
281	3	54	0	0	0	0	\N	\N	11:00:00	2023-08-22	11:00:00	2023-08-23	\N		0		0	0	2023-08-19 11:18:08	2023-08-19 11:18:08	\N	\N	0		0	0	\N	\N	0		2	0	0	0	0	0	0	0	0	0
282	4	112	0	0	0	0	\N	\N	09:00:00	2023-08-22	10:00:00	2023-08-22	2		0		0	0	2023-08-19 11:19:06	2023-08-19 11:19:06	\N	\N	0		2	0	\N	\N	0		1	0	0	0	0	0	0	0	0	0
283	4	54	0	0	0	0	\N	\N	11:00:00	2023-08-22	15:00:00	2023-08-22	1		0		0	0	2023-08-19 11:19:11	2023-08-19 11:19:11	\N	\N	0		2	0	\N	\N	0		2	0	0	0	0	0	0	0	0	0
284	3	112	0	0	0	0	\N	\N	09:00:00	2023-08-22	09:00:00	2023-08-23	\N		0		0	0	2023-08-19 11:20:19	2023-08-19 11:20:19	\N	\N	0		1	0	\N	\N	0		2	0	0	0	0	0	0	0	0	0
285	1	119	0	3	0	3	09:30:00	2023-08-23	\N	\N	\N	\N	0	\N	0	\N	0	0	2023-08-19 11:32:11	2023-08-19 11:32:11	\N	\N	0	\N	0	0	\N	\N	0	09:30 AM - 10:00 AM	0	0	0	0	0	0	0	0	0	0
286	2	119	0	0	2	0	09:30:00	2023-08-21	\N	\N	\N	\N	0	\N	0	\N	0	0	2023-08-19 11:32:29	2023-08-19 11:32:29	\N	\N	0	\N	0	1	\N	\N	0	09:30 AM - 10:00 AM	0	0	0	0	0	0	0	0	0	0
287	3	119	0	0	0	0	\N	\N	10:00:00	2023-08-21	10:00:00	2023-08-22	2		1	no	0	0	2023-08-19 11:33:42	2023-08-19 11:33:42	\N	\N	0	no	2	0	\N	\N	0		1	0	0	0	0	0	0	0	0	0
288	4	119	0	0	0	0	\N	\N	15:30:00	2023-08-21	16:00:00	2023-08-21	2		0		0	0	2023-08-19 11:35:30	2023-08-19 11:35:30	\N	\N	0		3	0	\N	\N	0		2	0	0	0	0	0	0	0	0	0
289	1	119	0	2	0	3	10:30:00	2023-08-21	\N	\N	\N	\N	0	\N	0	\N	0	0	2023-08-19 13:19:42	2023-08-19 13:19:42	\N	\N	0	\N	0	0	\N	\N	0	10:30 AM - 11:00 AM	0	0	0	0	0	0	0	0	0	0
290	2	119	0	0	3	0	09:00:00	2023-08-21	\N	\N	\N	\N	0	\N	0	\N	0	0	2023-08-19 13:20:06	2023-08-19 13:20:06	\N	\N	0	\N	0	2	\N	\N	0	09:00 AM - 09:30 AM	0	0	0	0	0	0	0	0	0	0
291	3	119	0	0	0	0	\N	\N	09:00:00	2023-08-21	09:00:00	2023-08-22	\N	hahs	0		0	0	2023-08-19 13:25:11	2023-08-19 13:25:11	\N	\N	0		0	0	\N	\N	0		2	0	0	0	0	0	0	0	0	0
292	4	119	0	0	0	0	\N	\N	09:00:00	2023-08-21	10:00:00	2023-08-21	1		0		0	0	2023-08-19 13:25:42	2023-08-19 13:25:42	\N	\N	0		2	0	\N	\N	0		2	0	0	0	0	0	0	0	0	0
293	1	119	0	2	0	3	10:00:00	2023-08-21	\N	\N	\N	\N	0	\N	0	\N	0	0	2023-08-19 14:03:22	2023-08-19 14:03:22	\N	\N	0	\N	0	0	\N	\N	0	10:00 AM - 10:30 AM	0	0	0	0	0	0	0	0	0	0
294	2	119	0	0	1	0	09:00:00	2023-08-21	\N	\N	\N	\N	0	\N	0	\N	0	0	2023-08-19 14:03:55	2023-08-19 14:03:55	\N	\N	0	\N	0	2	\N	\N	0	09:00 AM - 09:30 AM	0	0	0	0	0	0	0	0	0	0
295	3	119	0	0	0	0	\N	\N	09:00:00	2023-08-21	09:00:00	2023-08-22	\N	jshsh	0		0	0	2023-08-19 14:09:29	2023-08-19 14:09:29	\N	\N	0		0	0	\N	\N	0		2	0	0	0	0	0	0	0	0	0
296	4	69	0	0	0	0	\N	\N	15:00:00	2023-08-23	16:00:00	2023-08-23	\N	FOOD CUSTOM	0		0	0	2023-08-19 14:16:20	2023-08-19 14:16:20	\N	\N	0		0	0	\N	\N	0		0	0	0	0	0	0	0	0	0	0
297	2	122	0	0	3	0	10:00:00	2023-08-21	\N	\N	\N	\N	0	\N	0	\N	0	0	2023-08-19 15:17:17	2023-08-19 15:17:17	\N	\N	0	\N	0	1	\N	\N	0	10:00 AM - 10:30 AM	0	0	0	0	0	0	0	0	0	0
298	3	118	0	0	0	0	\N	\N	13:00:00	2023-08-24	13:00:00	2023-08-30	1	chiken	0	Hhh yeah thats a bit too	0	0	2023-08-19 15:18:19	2023-08-19 15:18:19	\N	\N	0		0	0	\N	\N	0		2	0	0	0	0	0	0	0	0	0
299	3	122	0	0	0	0	\N	\N	10:00:00	2023-08-19	11:00:00	2023-08-24	\N		0	sas	0	0	2023-08-19 15:19:11	2023-08-19 15:19:11	\N	\N	0		2	0	\N	\N	0		1	0	0	0	0	0	0	0	0	0
300	4	69	0	0	0	0	\N	\N	16:00:00	2023-08-21	17:00:00	2023-08-21	1		0		0	0	2023-08-19 15:23:36	2023-08-19 15:23:36	\N	\N	0		2	0	\N	\N	0		1	0	0	0	0	0	0	0	0	0
305	4	54	0	0	0	0	\N	\N	13:00:00	2023-08-23	15:00:00	2023-08-23	1	fs	0		0	0	2023-08-19 16:21:50	2023-08-19 16:21:50	\N	\N	0		2	0	\N	\N	0		2	0	0	0	0	0	0	0	0	0
306	4	54	0	0	0	0	\N	\N	13:00:00	2023-08-22	15:00:00	2023-08-22	1	Not in the list	0		0	0	2023-08-19 16:59:10	2023-08-19 16:59:10	\N	\N	0		0	0	\N	\N	0		2	0	0	0	0	0	0	0	0	0
307	4	54	0	0	0	0	\N	\N	13:00:00	2023-08-29	17:00:00	2023-08-29	1	Not in the list	0		0	0	2023-08-19 17:00:01	2023-08-19 17:00:01	\N	\N	0		0	0	\N	\N	0		2	0	0	0	0	0	0	0	0	0
308	3	54	0	0	0	0	\N	\N	13:00:00	2023-08-23	16:00:00	2023-08-30	\N		0		0	0	2023-08-19 17:06:19	2023-08-19 17:06:19	\N	\N	0		0	0	\N	\N	0		2	0	0	0	0	0	0	0	0	0
311	1	119	0	1	0	2	09:00:00	2023-08-22	\N	\N	\N	\N	0	\N	0	\N	0	0	2023-08-21 05:52:52	2023-08-21 05:52:52	\N	\N	0	\N	0	0	\N	\N	0	09:00 AM - 09:30 AM	0	0	0	0	0	0	0	0	0	0
312	1	119	0	1	0	3	10:00:00	2023-08-22	\N	\N	\N	\N	0	\N	0	\N	0	0	2023-08-21 05:53:15	2023-08-21 05:53:15	\N	\N	0	\N	0	0	\N	\N	0	10:00 AM - 10:30 AM	0	0	0	0	0	0	0	0	0	0
313	1	119	0	2	0	2	10:00:00	2023-08-22	\N	\N	\N	\N	0	\N	0	\N	0	0	2023-08-21 05:53:41	2023-08-21 05:53:41	\N	\N	0	\N	0	0	\N	\N	0	10:00 AM - 10:30 AM	0	0	0	0	0	0	0	0	0	0
314	1	119	0	1	0	4	09:30:00	2023-08-22	\N	\N	\N	\N	0	\N	0	\N	0	0	2023-08-21 05:54:14	2023-08-21 05:54:14	\N	\N	0	\N	0	0	\N	\N	0	09:30 AM - 10:00 AM	0	0	0	0	0	0	0	0	0	0
326	5	119	0	0	0	0	\N	2023-08-23	\N	\N	\N	\N	0	\N	0	\N	5	0	2023-08-21 06:26:25	2023-08-21 06:27:03	\N	\N	0	\N	0	0	\N	\N	0		0	1	40	40	0	0	40	0	0	0
315	1	119	0	3	0	3	10:00:00	2023-08-22	\N	\N	\N	\N	0	\N	0	\N	5	0	2023-08-21 05:56:54	2023-08-21 06:00:20	200	\N	0	\N	0	0	169259754964e2fd2d641e1_doc.pdf	\N	0	10:00 AM - 11:00 AM	0	0	0	0	0	0	0	0	0	0
330	3	119	0	0	0	0	\N	\N	10:00:00	2023-08-21	10:00:00	2023-08-22	1	ududududjd	1	hshshsh	5	0	2023-08-21 07:41:51	2023-08-21 07:59:28	200	\N	0	no	0	0	169260472064e319307febe_doc.pdf	\N	0		2	0	0	0	0	0	0	0	0	0
331	4	119	0	0	0	0	\N	\N	09:00:00	2023-08-21	11:00:00	2023-08-21	2		0		0	0	2023-08-21 08:00:29	2023-08-21 08:00:29	\N	\N	0		3	0	\N	\N	0		2	0	0	0	0	0	0	0	0	0
316	2	119	0	0	4	0	09:00:00	2023-08-23	\N	\N	\N	\N	0	\N	0	\N	5	0	2023-08-21 06:03:57	2023-08-21 06:06:50	400	\N	0	\N	0	2	169259793364e2fead3f2e8_doc.pdf	\N	0	09:00 AM - 09:30 AM	0	0	0	0	0	0	0	0	0	0
317	2	119	0	0	4	0	09:00:00	2023-08-23	\N	\N	\N	\N	0	\N	0	\N	0	0	2023-08-21 06:07:53	2023-08-21 06:07:53	\N	\N	0	\N	0	2	\N	\N	0	09:00 AM - 09:30 AM	0	0	0	0	0	0	0	0	0	0
319	2	119	0	0	4	0	09:30:00	2023-08-23	\N	\N	\N	\N	0	\N	0	\N	0	0	2023-08-21 06:09:25	2023-08-21 06:09:25	\N	\N	0	\N	0	2	\N	\N	0	09:30 AM - 10:00 AM	0	0	0	0	0	0	0	0	0	0
320	2	119	0	0	3	0	09:30:00	2023-08-23	\N	\N	\N	\N	0	\N	0	\N	0	0	2023-08-21 06:09:56	2023-08-21 06:09:56	\N	\N	0	\N	0	2	\N	\N	0	09:30 AM - 10:00 AM	0	0	0	0	0	0	0	0	0	0
318	2	119	0	0	3	0	09:00:00	2023-08-23	\N	\N	\N	\N	0	\N	0	\N	2	0	2023-08-21 06:08:13	2023-08-21 06:10:23	\N	busy	0	\N	0	2	\N	\N	0	09:00 AM - 09:30 AM	0	0	0	0	0	0	0	0	0	0
321	1	119	0	3	0	3	10:00:00	2023-08-23	\N	\N	\N	\N	0	\N	0	\N	0	0	2023-08-21 06:12:13	2023-08-21 06:12:13	\N	\N	0	\N	0	0	\N	\N	0	10:00 AM - 10:30 AM	0	0	0	0	0	0	0	0	0	0
323	3	122	0	0	0	0	\N	\N	12:00:00	2023-08-21	11:00:00	2023-08-23	\N		0	ddf	0	0	2023-08-21 06:13:53	2023-08-21 06:13:53	\N	\N	0		0	0	\N	\N	0		1	0	0	0	0	0	0	0	0	0
327	4	119	0	0	0	0	\N	\N	10:00:00	2023-08-22	12:00:00	2023-08-22	1		0	no	5	0	2023-08-21 06:30:32	2023-08-21 06:32:17	200	\N	0	no	2	0	169259946664e304aae446b_doc.pdf	\N	0		1	0	0	0	0	0	0	0	0	0
322	3	119	0	0	0	0	\N	\N	09:00:00	2023-08-23	09:00:00	2023-08-24	1		0		5	0	2023-08-21 06:13:19	2023-08-21 06:19:14	200	\N	0		3	0	169259855464e3011a28265_doc.pdf	\N	0		1	0	0	0	0	0	0	0	0	0
332	2	119	0	0	3	0	10:00:00	2023-08-22	\N	\N	\N	\N	0	\N	0	\N	0	0	2023-08-21 08:12:19	2023-08-21 08:12:19	\N	\N	0	\N	0	3	\N	\N	0	10:00 AM - 10:30 AM	0	0	0	0	0	0	0	0	0	0
324	3	119	0	0	0	0	\N	\N	10:00:00	2023-08-23	09:00:00	2023-08-24	\N		0		5	0	2023-08-21 06:19:59	2023-08-21 06:22:27	200	\N	0		2	0	169259884664e3023e6ebbd_doc.pdf	\N	0		1	0	0	0	0	0	0	0	0	0
328	1	119	0	3	0	3	16:30:00	2023-08-22	\N	\N	\N	\N	0	\N	0	\N	5	0	2023-08-21 07:32:23	2023-08-21 07:37:11	200	\N	0	\N	0	0	169260336564e313e55cb77_doc.pdf	\N	0	04:30 PM - 05:00 PM	0	0	0	0	0	0	0	0	0	0
325	4	119	0	0	0	0	\N	\N	09:00:00	2023-08-22	10:00:00	2023-08-22	1	chicken	0	no	5	0	2023-08-21 06:24:03	2023-08-21 06:26:03	200	\N	0	yes	0	0	169259908264e3032a5b181_doc.pdf	\N	0		2	0	0	0	0	0	0	0	0	0
310	3	103	0	0	0	0	\N	\N	10:00:00	2023-08-21	13:00:00	2023-08-22	1	Egg	0	Notes	5	0	2023-08-20 09:12:52	2023-08-21 09:17:33	100	\N	0		0	0	169260941364e32b8526352_doc.docx	\N	0		2	0	0	0	0	0	0	0	0	0
336	1	119	0	3	0	2	10:00:00	2023-08-21	\N	\N	\N	\N	0	\N	0	\N	5	0	2023-08-21 08:30:40	2023-08-21 08:33:28	67	\N	0	\N	0	0	169260671964e320ff7e35d_doc.pdf	\N	0	10:00 AM - 10:30 AM	0	0	0	0	0	0	0	0	0	0
329	2	119	0	0	3	0	10:00:00	2023-08-22	\N	\N	\N	\N	0	\N	0	\N	5	0	2023-08-21 07:37:50	2023-08-21 07:39:27	400	\N	0	\N	0	1	169260351964e3147f5c581_doc.pdf	\N	0	10:00 AM - 10:30 AM	0	0	0	0	0	0	0	0	0	0
333	4	119	0	0	0	0	\N	\N	09:00:00	2023-08-22	11:00:00	2023-08-22	1		0		5	0	2023-08-21 08:16:09	2023-08-21 08:18:09	400	\N	0		0	0	169260584564e31d95ae4fc_doc.pdf	\N	0		2	0	0	0	0	0	0	0	0	0
337	3	119	0	0	0	0	\N	\N	09:00:00	2023-08-22	09:00:00	2023-08-23	1		1	No	0	0	2023-08-21 08:36:39	2023-08-21 08:36:39	\N	\N	0	No	1	0	\N	\N	0		2	0	0	0	0	0	0	0	0	0
334	4	119	0	0	0	0	\N	\N	11:00:00	2023-08-22	13:00:00	2023-08-22	1		1	No	0	0	2023-08-21 08:20:09	2023-08-21 08:20:09	\N	\N	0	No	3	0	\N	\N	0		2	0	0	0	0	0	0	0	0	0
335	3	119	0	0	0	0	\N	\N	12:00:00	2023-08-22	12:00:00	2023-08-23	1		1	No	0	0	2023-08-21 08:23:43	2023-08-21 08:23:43	\N	\N	0	No	1	0	\N	\N	0		2	0	0	0	0	0	0	0	0	0
338	3	122	0	0	0	0	\N	\N	11:00:00	2023-08-21	12:00:00	2023-08-22	\N		0	sdsd	0	0	2023-08-21 08:36:47	2023-08-21 08:36:47	\N	\N	0		0	0	\N	\N	0		0	0	0	0	0	0	0	0	0	0
339	1	119	0	3	0	3	16:30:00	2023-08-22	\N	\N	\N	\N	0	\N	0	\N	0	0	2023-08-21 08:43:26	2023-08-21 08:43:26	\N	\N	0	\N	0	0	\N	\N	0	04:30 PM - 05:00 PM	0	0	0	0	0	0	0	0	0	0
341	3	119	0	0	0	0	\N	\N	09:00:00	2023-08-22	09:00:00	2023-08-23	1		1	No	0	0	2023-08-21 09:21:03	2023-08-21 09:21:03	\N	\N	0	No	1	0	\N	\N	0		2	0	0	0	0	0	0	0	0	0
343	4	54	0	0	0	0	\N	\N	13:00:00	2023-08-29	15:00:00	2023-08-29	1		1	Ariffff	0	0	2023-08-21 10:36:12	2023-08-21 10:36:12	\N	\N	0	Arid medical	3	0	\N	\N	0		2	0	0	0	0	0	0	0	0	0
344	4	54	0	0	0	0	\N	\N	13:00:00	2023-08-22	17:00:00	2023-08-22	1		1	Faddists	0	0	2023-08-21 10:47:02	2023-08-21 10:47:02	\N	\N	0	Adddfsafdf	2	0	\N	\N	0		2	0	0	0	0	0	0	0	0	0
340	3	122	0	0	0	0	\N	\N	15:00:00	2023-08-29	11:00:00	2023-08-30	\N		0	vfv	3	0	2023-08-21 08:43:27	2023-09-13 06:05:58	1000	\N	0		0	0	\N	\N	0		0	0	0	0	0	0	0	0	0	0
345	4	54	0	0	0	0	\N	\N	13:00:00	2023-08-23	15:00:00	2023-08-23	1		1	Feast	0	0	2023-08-21 11:10:44	2023-08-21 11:10:44	\N	\N	0	Gasdsfa	2	0	\N	\N	0		2	0	0	0	0	0	0	0	0	0
346	4	119	0	0	0	0	\N	\N	10:00:00	2023-08-21	12:00:00	2023-08-21	1		1	.no	0	0	2023-08-21 11:20:50	2023-08-21 11:20:50	\N	\N	0	no	1	0	\N	\N	0		2	0	0	0	0	0	0	0	0	0
347	3	119	0	0	0	0	\N	\N	10:00:00	2023-08-21	10:00:00	2023-08-22	1		1	noo	0	0	2023-08-21 13:11:18	2023-08-21 13:11:18	\N	\N	0	no	1	0	\N	\N	0		2	0	0	0	0	0	0	0	0	0
374	1	126	0	2	0	3	13:30:00	2023-08-22	\N	\N	\N	\N	0	\N	0	\N	5	0	2023-08-22 08:28:30	2023-08-22 08:29:58	400	\N	0	\N	0	0	169269295964e471dfaabac_doc.pdf	\N	0	01:30 PM - 02:00 PM	0	0	0	0	0	0	0	0	0	0
366	2	115	0	0	4	0	12:30:00	2023-08-22	\N	\N	\N	\N	0	\N	0	\N	5	0	2023-08-22 05:53:24	2023-08-22 05:55:02	400	\N	0	\N	0	2	169268364464e44d7cdd5b7_doc.pdf	\N	0	12:30 PM - 01:00 PM	0	0	0	0	0	0	0	0	0	0
348	3	119	0	0	0	0	\N	\N	10:00:00	2023-08-21	13:00:00	2023-08-22	1		1	no	5	0	2023-08-21 14:51:33	2023-08-21 14:56:18	200	\N	0	no	2	0	\N	\N	0		2	0	0	0	0	0	0	0	0	0
349	4	54	0	0	0	0	\N	\N	10:00:00	2023-08-22	12:00:00	2023-08-22	1		0		0	0	2023-08-21 16:03:36	2023-08-21 16:03:36	\N	\N	0		0	0	\N	\N	0		2	0	0	0	0	0	0	0	0	0
350	4	54	0	0	0	0	\N	\N	10:00:00	2023-08-22	12:00:00	2023-08-22	1		0		0	0	2023-08-21 16:09:08	2023-08-21 16:09:08	\N	\N	0		0	0	\N	\N	0		2	0	0	0	0	0	0	0	0	0
351	4	54	0	0	0	0	\N	\N	10:00:00	2023-08-22	13:00:00	2023-08-22	1		1	bajja	0	0	2023-08-21 16:23:03	2023-08-21 16:23:03	\N	\N	0	hahah	2	0	\N	\N	0		2	0	0	0	0	0	0	0	0	0
352	4	54	0	0	0	0	\N	\N	10:00:00	2023-08-22	10:00:00	2023-08-22	1	Test	1	Additional notes here	0	0	2023-08-21 16:27:00	2023-08-21 16:27:00	\N	\N	0	Test	1	0	\N	\N	0		1	0	0	0	0	0	0	0	0	0
353	4	54	0	0	0	0	\N	\N	10:00:00	2023-08-22	10:00:00	2023-08-22	1	Test	1	Additional notes here	0	0	2023-08-21 16:27:14	2023-08-21 16:27:14	\N	\N	0	Test	1	0	\N	\N	0		1	0	0	0	0	0	0	0	0	0
354	4	54	0	0	0	0	\N	\N	10:00:00	2023-08-22	10:00:00	2023-08-22	1	Test	1	Additional notes here	0	0	2023-08-21 16:28:41	2023-08-21 16:28:41	\N	\N	0	Test	1	0	\N	\N	0		1	0	0	0	0	0	0	0	0	0
355	4	54	0	0	0	0	\N	\N	10:00:00	2023-08-22	10:00:00	2023-08-22	1	Test	1	Additional notes here	0	0	2023-08-21 16:29:46	2023-08-21 16:29:46	\N	\N	0	Test	1	0	\N	\N	0		1	0	0	0	0	0	0	0	0	0
356	4	54	0	0	0	0	\N	\N	10:00:00	2023-08-22	10:00:00	2023-08-22	1	Test	1	Additional notes here	0	0	2023-08-21 16:30:19	2023-08-21 16:30:19	\N	\N	0	Test	1	0	\N	\N	0		1	0	0	0	0	0	0	0	0	0
357	4	54	0	0	0	0	\N	\N	10:00:00	2023-08-22	10:00:00	2023-08-22	1	Test	1	Additional notes here	0	0	2023-08-21 16:36:43	2023-08-21 16:36:43	\N	\N	0	Test	1	0	\N	\N	0		1	0	0	0	0	0	0	0	0	0
358	4	54	0	0	0	0	\N	\N	09:00:00	2023-08-22	10:00:00	2023-08-22	\N		0		0	0	2023-08-21 16:44:04	2023-08-21 16:44:04	\N	\N	0		0	0	\N	\N	0		2	0	0	0	0	0	0	0	0	0
359	4	54	0	0	0	0	\N	\N	10:00:00	2023-08-23	12:00:00	2023-08-23	\N		0		0	0	2023-08-21 16:44:51	2023-08-21 16:44:51	\N	\N	0		1	0	\N	\N	0		2	0	0	0	0	0	0	0	0	0
360	4	54	0	0	0	0	\N	\N	10:00:00	2023-08-23	13:00:00	2023-08-23	1		0		0	0	2023-08-21 16:52:31	2023-08-21 16:52:31	\N	\N	0		2	0	\N	\N	0		2	0	0	0	0	0	0	0	0	0
362	2	113	0	0	4	0	11:30:00	2023-08-23	\N	\N	\N	\N	0	\N	0	\N	0	0	2023-08-22 04:22:41	2023-08-22 04:22:41	\N	\N	0	\N	0	2	\N	\N	0	11:30 AM - 12:00 PM	0	0	0	0	0	0	0	0	0	0
364	1	115	0	3	0	4	10:00:00	2023-08-22	\N	\N	\N	\N	0	\N	0	\N	3	0	2023-08-22 05:50:55	2023-08-22 05:55:35	200	\N	0	\N	0	0	169268348464e44cdce510b_doc.pdf	\N	0	10:00 AM - 10:30 AM	0	0	0	0	0	0	0	0	0	0
361	1	113	0	3	0	4	10:30:00	2023-08-24	\N	\N	\N	\N	0	\N	0	\N	5	0	2023-08-22 04:16:28	2023-08-22 04:25:13	5000	\N	0	\N	0	0	169267826564e438793fa44_doc.pdf	\N	0	10:30 AM - 11:00 AM	0	0	0	0	0	0	0	0	0	0
368	2	115	0	0	4	0	12:30:00	2023-08-22	\N	\N	\N	\N	0	\N	0	\N	5	0	2023-08-22 06:09:06	2023-08-22 06:10:11	400	\N	0	\N	0	1	169268457664e45120f0737_doc.pdf	\N	0	12:30 PM - 01:00 PM	0	0	0	0	0	0	0	0	0	0
363	1	115	0	3	0	4	10:00:00	2023-08-22	\N	\N	\N	\N	0	\N	0	\N	4	0	2023-08-22 05:47:28	2023-08-22 05:49:40	200	\N	0	\N	0	0	169268332764e44c3f4dd89_doc.pdf	\N	0	10:00 AM - 10:30 AM	0	0	0	0	0	0	0	0	0	0
365	3	127	0	0	0	0	\N	\N	09:00:00	2023-08-22	10:00:00	2023-08-23	1		1	gnrkulutchmfhfkku hfmfhkfkhf hfmhkfdjy	0	0	2023-08-22 05:52:24	2023-08-22 05:52:24	\N	\N	0	hfhrhgj nvhff45 and hsh are not the intended addressee or you are unable for this email Must you please share the receipt with	1	0	\N	\N	0		2	0	0	0	0	0	0	0	0	0
370	3	77	0	0	0	0	\N	\N	10:00:00	2023-08-22	10:00:00	2023-08-23	1		0		0	0	2023-08-22 06:56:51	2023-08-22 06:56:51	\N	\N	0		1	0	\N	\N	0		2	0	0	0	0	0	0	0	0	0
371	5	114	0	0	0	0	\N	2023-08-23	\N	\N	\N	\N	0	\N	0	\N	5	0	2023-08-22 07:07:13	2023-08-22 07:07:31	\N	\N	0	\N	0	0	\N	\N	0		0	2	80	80	0	0	80	0	0	0
367	3	115	0	0	0	0	\N	\N	09:00:00	2023-08-23	12:00:00	2023-08-24	1		1	No	5	0	2023-08-22 06:02:46	2023-08-22 06:06:09	600	\N	0	No	2	0	169268432164e45021b5c47_doc.pdf	\N	0		2	0	0	0	0	0	0	0	0	0
373	1	129	0	3	0	3	10:00:00	2023-08-22	\N	\N	\N	\N	0	\N	0	\N	5	0	2023-08-22 07:34:24	2023-08-22 07:36:32	200	\N	0	\N	0	0	169268971964e4653746c89_doc.pdf	\N	0	10:00 AM - 10:30 AM	0	0	0	0	0	0	0	0	0	0
372	1	114	0	3	0	4	10:30:00	2023-08-24	\N	\N	\N	\N	0	\N	0	\N	0	0	2023-08-22 07:09:24	2023-08-22 07:09:24	\N	\N	0	\N	0	0	\N	\N	0	10:30 AM - 11:00 AM	0	0	0	0	0	0	0	0	0	0
375	2	126	0	0	4	0	12:30:00	2023-08-22	\N	\N	\N	\N	0	\N	0	\N	5	0	2023-08-22 08:30:45	2023-08-22 08:32:03	600	\N	0	\N	0	1	169269308264e4725a26f84_doc.pdf	\N	0	12:30 PM - 01:00 PM	0	0	0	0	0	0	0	0	0	0
376	3	126	0	0	0	0	\N	\N	11:00:00	2023-08-23	09:00:00	2023-08-24	2		1	No	5	0	2023-08-22 08:33:32	2023-08-22 08:38:53	400	\N	0	No	2	0	169269325764e47309848e8_doc.pdf	\N	0		2	0	0	0	0	0	0	0	0	0
377	4	126	0	0	0	0	\N	\N	09:00:00	2023-08-23	10:00:00	2023-08-23	1		1	No	5	0	2023-08-22 08:41:04	2023-08-22 08:43:02	67	\N	0	No	2	0	169269372764e474df921d9_doc.pdf	\N	0		2	0	0	0	0	0	0	0	0	0
378	5	126	0	0	0	0	\N	2023-08-24	\N	\N	\N	\N	0	\N	0	\N	5	0	2023-08-22 08:43:38	2023-08-22 08:43:53	\N	\N	0	\N	0	0	\N	\N	0		0	1	50	50	0	0	50	0	0	0
379	4	54	0	0	0	0	\N	\N	13:00:00	2023-08-29	17:00:00	2023-08-29	1		0		0	0	2023-08-22 09:34:38	2023-08-22 09:34:38	\N	\N	0		3	0	\N	\N	0		2	0	0	0	0	0	0	0	0	0
380	4	54	0	0	0	0	\N	\N	10:00:00	2023-08-23	16:00:00	2023-08-23	1		0		0	0	2023-08-22 10:46:51	2023-08-22 10:46:51	\N	\N	0		1	0	\N	\N	0		2	0	0	0	0	0	0	0	0	0
381	1	119	0	3	0	3	09:00:00	2023-08-23	\N	\N	\N	\N	0	\N	0	\N	3	0	2023-08-22 12:48:22	2023-08-22 12:51:40	200	\N	0	\N	0	0	169270864564e4af254fca3_doc.pdf	\N	0	09:00 AM - 09:30 AM	0	0	0	0	0	0	0	0	0	0
382	5	119	0	0	0	0	\N	2023-08-25	\N	\N	\N	\N	0	\N	0	\N	5	0	2023-08-22 13:06:11	2023-08-22 13:06:29	\N	\N	0	\N	0	0	\N	\N	0		0	4	200	200	0	0	200	0	0	0
402	2	119	0	0	3	0	15:30:00	2023-08-23	\N	\N	\N	\N	0	\N	0	\N	3	0	2023-08-23 11:02:42	2023-08-23 11:03:43	200	\N	0	\N	0	1	169278861064e5e78245d99_doc.pdf	\N	0	03:30 PM - 04:00 PM	0	0	0	0	0	0	0	0	0	0
383	3	119	0	0	0	0	\N	\N	10:00:00	2023-08-23	11:00:00	2023-08-24	1		1	none	5	0	2023-08-22 13:08:07	2023-08-22 13:09:45	78	\N	0	no medication	1	0	169270973864e4b36a56347_doc.pdf	\N	0		2	0	0	0	0	0	0	0	0	0
384	5	119	0	0	0	0	\N	2023-08-24	\N	\N	\N	\N	0	\N	0	\N	5	0	2023-08-22 13:40:37	2023-08-22 13:40:57	\N	\N	0	\N	0	0	\N	\N	0		0	1	50	50	0	0	50	0	0	0
385	2	119	0	0	4	0	12:30:00	2023-08-22	\N	\N	\N	\N	0	\N	0	\N	0	0	2023-08-22 13:50:24	2023-08-22 13:50:24	\N	\N	0	\N	0	3	\N	\N	0	12:30 PM - 01:00 PM	0	0	0	0	0	0	0	0	0	0
386	5	54	0	0	0	0	\N	2023-08-24	\N	\N	\N	\N	0	\N	0	\N	5	0	2023-08-22 17:42:49	2023-08-22 17:43:34	\N	\N	0	\N	0	0	\N	\N	0		0	3	150	150	0	0	150	0	0	0
387	1	54	0	4	0	3	11:00:00	2023-08-23	\N	\N	\N	\N	0	\N	0	\N	0	0	2023-08-23 05:25:04	2023-08-23 05:25:04	\N	\N	0	\N	0	0	\N	\N	0	11:00 AM - 11:30 AM	0	0	0	0	0	0	0	0	0	0
388	5	54	0	0	0	0	\N	2023-08-24	\N	\N	\N	\N	0	\N	0	\N	5	0	2023-08-23 05:35:48	2023-08-23 05:36:15	\N	\N	0	\N	0	0	\N	\N	0		0	1	50	50	0	0	50	0	0	0
389	5	54	0	0	0	0	\N	2023-08-24	\N	\N	\N	\N	0	\N	0	\N	5	0	2023-08-23 05:37:12	2023-08-23 05:37:42	\N	\N	0	\N	0	0	\N	\N	0		0	1	50	50	0	0	50	0	0	0
390	3	54	0	0	0	0	\N	\N	10:00:00	2023-08-29	10:00:00	2023-08-30	\N		0		0	0	2023-08-23 05:42:01	2023-08-23 05:42:01	\N	\N	0		1	0	\N	\N	0		2	0	0	0	0	0	0	0	0	0
391	5	54	0	0	0	0	\N	2023-08-25	\N	\N	\N	\N	0	\N	0	\N	5	0	2023-08-23 05:55:42	2023-08-23 05:56:51	\N	\N	0	\N	0	0	\N	\N	0		0	1	50	50	0	0	50	0	0	0
392	5	54	0	0	0	0	\N	2023-08-25	\N	\N	\N	\N	0	\N	0	\N	5	0	2023-08-23 05:58:02	2023-08-23 05:58:59	\N	\N	0	\N	0	0	\N	\N	0		0	1	50	50	0	0	50	0	0	0
393	1	77	0	3	0	4	11:00:00	2023-08-23	\N	\N	\N	\N	0	\N	0	\N	1	0	2023-08-23 06:38:12	2023-08-23 06:38:38	120	\N	0	\N	0	0	\N	\N	0	11:00 AM - 11:30 AM	0	0	0	0	0	0	0	0	0	0
403	3	119	0	0	0	0	\N	\N	17:00:00	2023-08-23	10:00:00	2023-08-28	2	tdrdtd	1	tddrdrxrr	0	0	2023-08-23 12:10:30	2023-08-23 12:10:30	\N	\N	0	fxtfttftt	0	0	\N	\N	0		2	0	0	0	0	0	0	0	0	0
394	2	77	0	0	4	0	13:00:00	2023-08-23	\N	\N	\N	\N	0	\N	0	\N	3	0	2023-08-23 06:43:26	2023-08-23 06:44:06	120	\N	0	\N	0	2	\N	\N	0	01:00 PM - 01:30 PM	0	0	0	0	0	0	0	0	0	0
395	1	119	0	2	0	3	12:30:00	2023-08-24	\N	\N	\N	\N	0	\N	0	\N	0	0	2023-08-23 08:26:20	2023-08-23 08:26:20	\N	\N	0	\N	0	0	\N	\N	0	12:30 PM - 01:00 PM	0	0	0	0	0	0	0	0	0	0
396	2	119	0	0	4	0	12:30:00	2023-08-23	\N	\N	\N	\N	0	\N	0	\N	3	0	2023-08-23 08:27:24	2023-08-23 08:28:55	78	\N	0	\N	0	3	169277931564e5c3334e3e5_doc.pdf	\N	0	12:30 PM - 01:00 PM	0	0	0	0	0	0	0	0	0	0
397	3	119	0	0	0	0	\N	\N	14:00:00	2023-08-23	10:00:00	2023-08-24	1		1	no	0	0	2023-08-23 08:41:55	2023-08-23 08:41:55	\N	\N	0	no	4	0	\N	\N	0		2	0	0	0	0	0	0	0	0	0
398	4	119	0	0	0	0	\N	\N	13:00:00	2023-08-23	15:00:00	2023-08-23	1		1	no	0	0	2023-08-23 08:42:32	2023-08-23 08:42:32	\N	\N	0	no	2	0	\N	\N	0		2	0	0	0	0	0	0	0	0	0
399	2	119	0	0	4	0	15:30:00	2023-08-23	\N	\N	\N	\N	0	\N	0	\N	0	0	2023-08-23 10:49:14	2023-08-23 10:49:14	\N	\N	0	\N	0	1	\N	\N	0	03:30 PM - 04:00 PM	0	0	0	0	0	0	0	0	0	0
400	3	119	0	0	0	0	\N	\N	16:00:00	2023-08-23	10:00:00	2023-08-24	1		1		0	0	2023-08-23 10:52:58	2023-08-23 10:52:58	\N	\N	0		0	0	\N	\N	0		2	0	0	0	0	0	0	0	0	0
401	2	119	0	0	4	0	16:00:00	2023-08-23	\N	\N	\N	\N	0	\N	0	\N	3	0	2023-08-23 11:00:38	2023-08-23 11:01:34	200	\N	0	\N	0	1	169278848664e5e70657508_doc.pdf	\N	0	04:00 PM - 04:30 PM	0	0	0	0	0	0	0	0	0	0
404	2	119	0	0	4	0	17:00:00	2023-08-23	\N	\N	\N	\N	0	\N	0	\N	3	0	2023-08-23 12:43:07	2023-08-23 12:43:49	200	\N	0	\N	0	1	169279462364e5feff2aed6_doc.pdf	\N	0	05:00 PM - 05:30 PM	0	0	0	0	0	0	0	0	0	0
405	4	119	0	0	0	0	\N	\N	09:00:00	2023-08-24	10:00:00	2023-08-24	1		1	No	0	0	2023-08-23 12:46:21	2023-08-23 12:46:21	\N	\N	0	No	1	0	\N	\N	0		2	0	0	0	0	0	0	0	0	0
406	4	119	0	0	0	0	\N	\N	12:00:00	2023-08-24	15:00:00	2023-08-24	1		1	No	0	0	2023-08-23 12:47:57	2023-08-23 12:47:57	\N	\N	0	No	1	0	\N	\N	0		2	0	0	0	0	0	0	0	0	0
407	4	119	0	0	0	0	\N	\N	10:00:00	2023-08-24	12:00:00	2023-08-24	1		1	No	0	0	2023-08-23 13:00:47	2023-08-23 13:00:47	\N	\N	0	No	1	0	\N	\N	0		2	0	0	0	0	0	0	0	0	0
309	3	103	0	0	0	0	\N	\N	10:00:00	2023-08-21	10:00:00	2023-08-22	\N		1		3	0	2023-08-20 08:49:23	2023-08-30 07:47:57	101	\N	0	meds 123	0	0	169338166764eef4230ec06_doc.docx	\N	0		0	0	0	0	0	0	0	0	0	0
408	3	122	0	0	0	0	\N	\N	11:00:00	2023-09-13	12:00:00	2023-09-20	\N		0	sdsds	5	0	2023-09-05 12:08:46	2023-09-05 12:44:44	120	\N	0		0	0	\N	\N	0		2	0	0	0	0	0	0	0	0	0
409	4	122	0	0	0	0	\N	\N	10:00:00	2023-09-06	12:00:00	2023-09-06	\N		0	xsdsd	5	0	2023-09-05 12:47:09	2023-09-05 12:48:04	100	\N	0		0	0	\N	\N	0		0	0	0	0	0	0	0	0	0	0
410	4	122	0	0	0	0	\N	\N	10:00:00	2023-09-08	11:00:00	2023-09-08	\N		0	sdsd	5	0	2023-09-05 13:07:04	2023-09-05 13:08:01	100	\N	0		0	0	\N	\N	0		1	0	0	0	0	0	0	0	0	0
411	5	122	0	0	0	0	\N	2023-09-13	\N	\N	\N	\N	0	\N	0	\N	5	0	2023-09-11 13:15:50	2023-09-11 13:20:14	\N	\N	0	\N	0	0	\N	\N	0		0	2	200	200	0	0	200	0	0	0
412	5	122	0	0	0	0	\N	2023-09-13	\N	\N	\N	\N	0	\N	0	\N	5	0	2023-09-11 13:20:46	2023-09-11 13:20:56	\N	\N	0	\N	0	0	\N	\N	0		0	1	100	100	0	0	100	0	0	0
413	5	122	0	0	0	0	\N	2023-09-13	\N	\N	\N	\N	0	\N	0	\N	5	0	2023-09-12 02:29:31	2023-09-12 02:29:41	\N	\N	0	\N	0	0	\N	\N	0		0	1	100	100	0	0	100	0	0	0
414	5	122	0	0	0	0	\N	2023-09-15	\N	\N	\N	\N	0	\N	0	\N	5	0	2023-09-12 06:07:46	2023-09-12 06:07:55	\N	\N	0	\N	0	0	\N	\N	0		0	1	100	100	0	0	100	4	0	0
415	5	122	0	0	0	0	\N	2023-09-15	\N	\N	\N	\N	0	\N	0	\N	5	0	2023-09-12 06:08:15	2023-09-12 06:08:24	\N	\N	0	\N	0	0	\N	\N	0		0	1	100	100	0	0	100	4	0	0
416	5	122	0	0	0	0	\N	2023-09-15	\N	\N	\N	\N	0	\N	0	\N	5	0	2023-09-12 06:08:42	2023-09-12 06:08:50	\N	\N	0	\N	0	0	\N	\N	0		0	1	100	100	0	0	100	2	0	0
417	3	69	0	0	0	0	\N	\N	02:30:00	2023-07-26	02:30:00	2023-07-27	\N		1	Additional notes here	0	0	2023-09-13 09:14:01	2023-09-13 09:14:01	\N	\N	0	Test	1	0	\N	\N	0		1	0	0	0	0	0	0	0	0	0
418	5	122	0	0	0	0	\N	2023-09-18	\N	\N	\N	\N	0	\N	0	\N	5	0	2023-09-14 01:57:54	2023-09-14 01:58:12	\N	\N	0	\N	0	0	\N	\N	0		0	1	100	100	0	0	100	2	0	0
419	5	122	0	0	0	0	\N	2023-09-18	\N	\N	\N	\N	0	\N	0	\N	5	0	2023-09-14 02:11:21	2023-09-14 02:11:30	\N	\N	0	\N	0	0	\N	\N	0		0	1	100	100	0	0	100	4	0	0
420	5	122	0	0	0	0	\N	2023-09-18	\N	\N	\N	\N	0	\N	0	\N	5	0	2023-09-14 02:11:21	2023-09-14 02:13:12	\N	\N	0	\N	0	0	\N	\N	0		0	1	100	100	0	0	100	4	0	0
421	5	122	0	0	0	0	\N	2023-09-18	\N	\N	\N	\N	0	\N	0	\N	5	0	2023-09-14 02:23:05	2023-09-14 02:23:15	\N	\N	0	\N	0	0	\N	\N	0		0	1	100	100	0	0	100	4	0	0
423	4	122	0	0	0	0	\N	\N	13:00:00	2023-09-20	17:00:00	2023-09-20	\N		0	test	0	0	2023-09-14 02:36:12	2023-09-14 02:36:12	\N	\N	0		0	0	\N	\N	0		2	0	0	0	0	0	0	0	0	0
424	5	122	0	0	0	0	\N	2023-09-18	\N	\N	\N	\N	0	\N	0	\N	5	0	2023-09-14 03:12:34	2023-09-14 03:12:43	\N	\N	0	\N	0	0	\N	\N	0		0	1	100	100	0	0	100	4	0	0
427	1	59	0	4	0	4	13:00:00	2023-09-14	\N	\N	\N	\N	0	\N	0	\N	0	0	2023-09-14 08:12:51	2023-09-14 08:12:51	\N	\N	0	\N	0	0	\N	\N	0	01:00 PM - 02:00 PM	0	0	0	0	0	0	0	0	0	0
428	4	59	0	0	0	0	\N	\N	14:00:00	2023-09-14	15:00:00	2023-09-14	1		1	test1	0	0	2023-09-14 08:15:18	2023-09-14 08:15:18	\N	\N	0	test	1	0	\N	\N	0		1	0	0	0	0	0	0	0	0	0
444	1	103	0	3	0	4	16:00:00	2023-09-14	\N	\N	\N	\N	0	\N	0	\N	0	0	2023-09-14 11:34:41	2023-09-14 11:34:41	\N	\N	0	\N	0	0	\N	\N	0	04:00 PM - 04:30 PM	0	0	0	0	0	0	0	0	0	0
426	1	139	0	4	0	4	18:30:00	2023-09-14	\N	\N	\N	\N	0	\N	0	\N	3	0	2023-09-14 08:11:36	2023-09-14 08:28:26	200	\N	0	\N	0	0	\N	\N	0	06:30 PM - 07:00 PM	0	0	0	0	0	0	0	0	0	0
429	3	59	0	0	0	0	\N	\N	14:00:00	2023-09-14	10:00:00	2023-09-15	1		1	tezt1	1	0	2023-09-14 08:29:26	2023-09-14 08:30:01	100	\N	0	test	1	0	\N	\N	0		2	0	0	0	0	0	0	0	0	0
445	1	77	0	3	0	4	16:30:00	2023-09-14	\N	\N	\N	\N	0	\N	0	\N	0	0	2023-09-14 11:43:04	2023-09-14 11:43:04	\N	\N	0	\N	0	0	\N	\N	0	04:30 PM - 05:00 PM	0	0	0	0	0	0	0	0	0	0
430	2	139	0	0	4	0	13:00:00	2023-09-14	\N	\N	\N	\N	0	\N	0	\N	3	0	2023-09-14 08:37:30	2023-09-14 08:38:22	100	\N	0	\N	0	2	16946806726502c660a1397_doc.docx	\N	0	01:00 PM - 01:30 PM	0	0	0	0	0	0	0	0	0	0
431	1	139	0	4	0	3	14:30:00	2023-09-14	\N	\N	\N	\N	0	\N	0	\N	0	0	2023-09-14 08:46:59	2023-09-14 08:46:59	\N	\N	0	\N	0	0	\N	\N	0	02:30 PM - 03:00 PM	0	0	0	0	0	0	0	0	0	0
432	1	89	0	3	0	4	15:00:00	2023-09-14	\N	\N	\N	\N	0	\N	0	\N	0	0	2023-09-14 08:59:18	2023-09-14 08:59:18	\N	\N	0	\N	0	0	\N	\N	0	03:00 PM - 03:30 PM	0	0	0	0	0	0	0	0	0	0
433	2	89	0	0	4	0	15:30:00	2023-09-14	\N	\N	\N	\N	0	\N	0	\N	0	0	2023-09-14 08:59:57	2023-09-14 08:59:57	\N	\N	0	\N	0	2	\N	\N	0	03:30 PM - 04:00 PM	0	0	0	0	0	0	0	0	0	0
434	1	89	0	3	0	4	15:30:00	2023-09-14	\N	\N	\N	\N	0	\N	0	\N	0	0	2023-09-14 09:08:46	2023-09-14 09:08:46	\N	\N	0	\N	0	0	\N	\N	0	03:30 PM - 04:00 PM	0	0	0	0	0	0	0	0	0	0
436	1	77	0	3	0	4	15:00:00	2023-09-14	\N	\N	\N	\N	0	\N	0	\N	0	0	2023-09-14 10:27:04	2023-09-14 10:27:04	\N	\N	0	\N	0	0	\N	\N	0	03:00 PM - 03:30 PM	0	0	0	0	0	0	0	0	0	0
437	1	77	0	3	0	4	15:00:00	2023-09-14	\N	\N	\N	\N	0	\N	0	\N	0	0	2023-09-14 10:28:04	2023-09-14 10:28:04	\N	\N	0	\N	0	0	\N	\N	0	03:00 PM - 03:30 PM	0	0	0	0	0	0	0	0	0	0
438	5	89	0	0	0	0	\N	2023-09-15	\N	\N	\N	\N	0	\N	0	\N	5	0	2023-09-14 11:06:40	2023-09-14 11:07:31	\N	\N	0	\N	0	0	\N	\N	0		0	5	500	500	0	0	500	2	0	0
439	1	77	0	3	0	4	16:00:00	2023-09-14	\N	\N	\N	\N	0	\N	0	\N	0	0	2023-09-14 11:08:23	2023-09-14 11:08:23	\N	\N	0	\N	0	0	\N	\N	0	04:00 PM - 04:30 PM	0	0	0	0	0	0	0	0	0	0
440	1	103	0	3	0	4	16:00:00	2023-09-14	\N	\N	\N	\N	0	\N	0	\N	0	0	2023-09-14 11:25:07	2023-09-14 11:25:07	\N	\N	0	\N	0	0	\N	\N	0	04:00 PM - 04:30 PM	0	0	0	0	0	0	0	0	0	0
441	1	103	0	3	0	4	15:30:00	2023-09-14	\N	\N	\N	\N	0	\N	0	\N	0	0	2023-09-14 11:25:53	2023-09-14 11:25:53	\N	\N	0	\N	0	0	\N	\N	0	03:30 PM - 04:00 PM	0	0	0	0	0	0	0	0	0	0
442	1	103	0	3	0	4	15:30:00	2023-09-14	\N	\N	\N	\N	0	\N	0	\N	0	0	2023-09-14 11:26:45	2023-09-14 11:26:45	\N	\N	0	\N	0	0	\N	\N	0	03:30 PM - 04:00 PM	0	0	0	0	0	0	0	0	0	0
443	1	103	0	4	0	4	15:30:00	2023-09-14	\N	\N	\N	\N	0	\N	0	\N	0	0	2023-09-14 11:27:57	2023-09-14 11:27:57	\N	\N	0	\N	0	0	\N	\N	0	03:30 PM - 04:00 PM	0	0	0	0	0	0	0	0	0	0
446	1	77	0	3	0	3	16:30:00	2023-09-14	\N	\N	\N	\N	0	\N	0	\N	0	0	2023-09-14 11:49:12	2023-09-14 11:49:12	\N	\N	0	\N	0	0	\N	\N	0	04:30 PM - 05:00 PM	0	0	0	0	0	0	0	0	0	0
448	4	77	0	0	0	0	\N	\N	09:00:00	2023-09-16	12:00:00	2023-09-16	1		0		0	0	2023-09-14 20:40:55	2023-09-14 20:40:55	\N	\N	0		1	0	\N	\N	0		2	0	0	0	0	0	0	0	0	0
449	3	77	0	0	0	0	\N	\N	11:00:00	2023-09-15	11:00:00	2023-09-16	\N		0		0	0	2023-09-14 20:43:21	2023-09-14 20:43:21	\N	\N	0		0	0	\N	\N	0		2	0	0	0	0	0	0	0	0	0
450	1	139	0	3	0	3	18:00:00	2023-09-15	\N	\N	\N	\N	0	\N	0	\N	1	0	2023-09-15 04:32:18	2023-09-15 04:32:44	100	\N	0	\N	0	0	16947523646503de6cb1370_doc.docx	\N	0	06:00 PM - 06:30 PM	0	0	0	0	0	0	0	0	0	0
451	4	139	0	0	0	0	\N	\N	10:00:00	2023-09-15	15:00:00	2023-09-15	1		1	test1	0	0	2023-09-15 04:33:57	2023-09-15 04:33:57	\N	\N	0	test	1	0	\N	\N	0		2	0	0	0	0	0	0	0	0	0
435	2	89	0	0	4	0	16:00:00	2023-09-14	\N	\N	\N	\N	0	\N	0	\N	1	0	2023-09-14 09:09:14	2023-09-16 06:44:13	100	\N	0	\N	0	2	\N	\N	0	04:00 PM - 04:30 PM	0	0	0	0	0	0	0	0	0	0
422	3	122	0	0	0	0	\N	\N	10:00:00	2023-09-18	16:00:00	2023-09-20	\N		0	test	0	0	2023-09-14 02:35:36	2023-09-17 00:00:03	\N	\N	0		4	0	\N	\N	0		1	0	0	0	0	0	0	0	1	0
425	3	122	0	0	0	0	\N	\N	09:00:00	2023-09-19	12:00:00	2023-09-20	\N		0	test	0	0	2023-09-14 04:05:10	2023-09-18 00:00:02	\N	\N	0		5	0	\N	\N	0		2	0	0	0	0	0	0	0	1	0
453	2	122	0	0	4	0	09:00:00	2023-09-16	\N	\N	\N	\N	0	\N	0	\N	0	0	2023-09-15 10:11:09	2023-09-15 10:11:16	\N	\N	0	\N	0	1	\N	\N	0	09:00 AM - 10:00 AM	0	0	0	0	0	0	0	0	1	0
452	1	118	0	3	0	3	13:30:00	2023-09-15	\N	\N	\N	\N	0	\N	0	\N	6	0	2023-09-15 07:25:19	2023-09-16 06:42:00	\N	\N	0	\N	0	0	\N	\N	0	01:30 PM - 02:00 PM	0	0	0	0	0	0	0	0	0	0
447	1	139	0	3	0	4	18:00:00	2023-09-14	\N	\N	\N	\N	0	\N	0	\N	6	0	2023-09-14 11:59:27	2023-09-16 06:43:57	\N	\N	0	\N	0	0	\N	\N	0	06:00 PM - 06:30 PM	0	0	0	0	0	0	0	0	0	0
454	1	139	0	3	0	4	13:30:00	2023-09-16	\N	\N	\N	\N	0	\N	0	\N	6	0	2023-09-16 08:45:21	2023-09-16 08:50:16	\N	\N	0	\N	0	0	\N	\N	0	01:30 PM - 02:00 PM	0	0	0	0	0	0	0	0	0	0
455	1	122	0	4	0	4	16:30:00	2023-09-17	\N	\N	\N	\N	0	\N	0	\N	0	0	2023-09-16 09:47:50	2023-09-16 09:47:50	\N	\N	0	\N	0	0	\N	\N	0	04:30 PM - 05:00 PM	0	0	0	0	0	0	0	0	0	0
456	1	122	0	4	0	3	16:00:00	2023-09-17	\N	\N	\N	\N	0	\N	0	\N	0	0	2023-09-16 09:49:32	2023-09-16 09:49:32	\N	\N	0	\N	0	0	\N	\N	0	04:00 PM - 04:30 PM	0	0	0	0	0	0	0	0	0	0
457	1	122	0	4	0	3	17:00:00	2023-09-17	\N	\N	\N	\N	0	\N	0	\N	0	0	2023-09-16 09:56:47	2023-09-16 09:56:47	\N	\N	0	\N	0	0	\N	\N	0	05:00 PM - 05:30 PM	0	0	0	0	0	0	0	0	0	0
458	1	122	0	4	0	3	21:00:00	2023-09-17	\N	\N	\N	\N	0	\N	0	\N	0	0	2023-09-16 09:59:16	2023-09-16 09:59:16	\N	\N	0	\N	0	0	\N	\N	0	09:00 PM - 09:30 PM	0	0	0	0	0	0	0	0	0	0
459	2	122	0	0	4	0	20:30:00	2023-09-17	\N	\N	\N	\N	0	\N	0	\N	0	0	2023-09-16 10:36:50	2023-09-16 10:37:01	\N	\N	0	\N	0	1	\N	\N	0	08:30 PM - 09:00 PM	0	0	0	0	0	0	0	0	1	0
462	2	122	0	0	4	0	20:00:00	2023-09-17	\N	\N	\N	\N	0	\N	0	\N	0	0	2023-09-16 10:44:44	2023-09-16 10:45:02	\N	\N	0	\N	0	3	\N	\N	0	08:00 PM - 08:30 PM	0	0	0	0	0	0	0	0	1	0
463	2	122	0	0	4	0	21:00:00	2023-09-17	\N	\N	\N	\N	0	\N	0	\N	0	0	2023-09-16 11:04:48	2023-09-16 11:05:01	\N	\N	0	\N	0	3	\N	\N	0	09:00 PM - 09:30 PM	0	0	0	0	0	0	0	0	1	0
461	4	122	0	0	0	0	\N	\N	16:00:00	2023-09-17	17:00:00	2023-09-17	\N		0	test	0	0	2023-09-16 10:40:40	2023-09-16 11:14:02	\N	\N	0		0	0	\N	\N	0		2	0	0	0	0	0	0	0	1	0
464	3	122	0	0	0	0	\N	\N	10:00:00	2023-09-17	17:00:00	2023-09-18	\N		0	dghdjdjjd	0	0	2023-09-16 11:09:55	2023-09-16 11:14:02	\N	\N	0		0	0	\N	\N	0		2	0	0	0	0	0	0	0	1	0
465	4	122	0	0	0	0	\N	\N	16:00:00	2023-09-17	17:00:00	2023-09-17	\N		0	5ftgyg	0	0	2023-09-16 11:11:08	2023-09-16 11:14:02	\N	\N	0		0	0	\N	\N	0		2	0	0	0	0	0	0	0	1	0
466	4	122	0	0	0	0	\N	\N	09:00:00	2023-09-17	17:00:00	2023-09-17	\N		0	ydhdjjddj	0	0	2023-09-16 11:14:34	2023-09-16 11:15:02	\N	\N	0		0	0	\N	\N	0		2	0	0	0	0	0	0	0	1	0
467	4	122	0	0	0	0	\N	\N	09:00:00	2023-09-17	17:00:00	2023-09-17	\N		0	y66	0	0	2023-09-16 11:17:20	2023-09-16 11:18:01	\N	\N	0		0	0	\N	\N	0		2	0	0	0	0	0	0	0	1	0
468	4	122	0	0	0	0	\N	\N	10:00:00	2023-09-17	17:00:00	2023-09-17	\N		0	dtfggy	0	0	2023-09-16 11:22:02	2023-09-16 11:23:01	\N	\N	0		0	0	\N	\N	0		2	0	0	0	0	0	0	0	1	0
460	2	122	0	0	3	0	20:30:00	2023-09-18	\N	\N	\N	\N	0	\N	0	\N	0	0	2023-09-16 10:39:16	2023-09-17 00:00:02	\N	\N	0	\N	0	1	\N	\N	0	08:30 PM - 09:00 PM	0	0	0	0	0	0	0	0	1	0
469	1	118	0	4	0	4	21:30:00	2023-09-17	\N	\N	\N	\N	0	\N	0	\N	0	0	2023-09-17 16:48:34	2023-09-17 16:48:34	\N	\N	0	\N	0	0	\N	\N	0	09:30 PM - 10:00 PM	0	0	0	0	0	0	0	0	0	0
470	1	108	0	4	0	4	10:00:00	2023-09-18	\N	\N	\N	\N	0	\N	0	\N	0	0	2023-09-18 05:14:02	2023-09-18 05:14:02	\N	\N	0	\N	0	0	\N	\N	0	10:00 AM - 11:00 AM	0	0	0	0	0	0	0	0	0	0
471	1	108	0	4	0	4	10:00:00	2023-09-18	\N	\N	\N	\N	0	\N	0	\N	0	0	2023-09-18 05:32:10	2023-09-18 05:32:10	\N	\N	0	\N	0	0	\N	\N	0	10:00 AM - 11:00 AM	0	0	0	0	0	0	0	0	0	0
472	2	108	0	0	4	0	13:00:00	2023-09-18	\N	\N	\N	\N	0	\N	0	\N	0	0	2023-09-18 08:22:34	2023-09-18 08:22:34	\N	\N	0	\N	0	2	\N	\N	0	01:00 PM - 02:00 PM	0	0	0	0	0	0	0	0	0	0
473	2	122	0	0	3	0	18:00:00	2023-09-18	\N	\N	\N	\N	0	\N	0	\N	1	0	2023-09-18 08:33:17	2023-09-18 08:34:01	100	\N	0	\N	0	1	\N	\N	0	06:00 PM - 06:30 PM	0	0	0	0	0	0	0	0	0	0
474	2	122	0	0	4	0	18:30:00	2023-09-19	\N	\N	\N	\N	0	\N	0	\N	1	0	2023-09-18 08:36:18	2023-09-18 08:36:49	250	\N	0	\N	0	1	\N	\N	0	06:30 PM - 07:00 PM	0	0	0	0	0	0	0	0	0	0
483	2	108	0	0	4	0	15:00:00	2023-09-18	\N	\N	\N	\N	0	\N	0	\N	0	0	2023-09-18 10:37:53	2023-09-18 10:37:53	\N	\N	0	\N	0	2	\N	\N	0	03:00 PM - 03:30 PM	0	0	0	0	0	0	0	0	0	0
475	3	122	0	0	0	0	\N	\N	16:00:00	2023-09-19	16:00:00	2023-09-20	\N		0	ydgd6gudh	5	0	2023-09-18 08:38:08	2023-09-18 08:41:13	100	\N	0		0	0	\N	\N	0		2	0	0	0	0	0	0	0	0	0
476	1	108	0	3	0	4	17:00:00	2023-09-18	\N	\N	\N	\N	0	\N	0	\N	0	0	2023-09-18 09:26:54	2023-09-18 09:26:54	\N	\N	0	\N	0	0	\N	\N	0	05:00 PM - 06:00 PM	0	0	0	0	0	0	0	0	0	0
478	2	108	0	0	4	0	21:30:00	2023-09-19	\N	\N	\N	\N	0	\N	0	\N	3	0	2023-09-18 09:38:42	2023-09-18 09:46:10	110	\N	0	\N	0	2	\N	\N	0	09:30 PM - 10:00 PM	0	0	0	0	0	0	0	0	0	0
477	2	108	0	0	4	0	22:00:00	2023-09-19	\N	\N	\N	\N	0	\N	0	\N	3	0	2023-09-18 09:30:06	2023-09-18 09:31:07	100	\N	0	\N	0	2	\N	\N	0	10:00 PM - 11:00 PM	0	0	0	0	0	0	0	0	0	0
479	2	140	0	0	4	0	15:30:00	2023-09-18	\N	\N	\N	\N	0	\N	0	\N	0	0	2023-09-18 10:16:44	2023-09-18 10:16:44	\N	\N	0	\N	0	2	\N	\N	0	03:30 PM - 04:00 PM	0	0	0	0	0	0	0	0	0	0
480	2	103	0	0	4	0	17:00:00	2023-09-18	\N	\N	\N	\N	0	\N	0	\N	0	0	2023-09-18 10:25:54	2023-09-18 10:25:54	\N	\N	0	\N	0	2	\N	\N	0	05:00 PM - 05:30 PM	0	0	0	0	0	0	0	0	0	0
481	2	140	0	0	4	0	16:00:00	2023-09-18	\N	\N	\N	\N	0	\N	0	\N	0	0	2023-09-18 10:33:11	2023-09-18 10:33:11	\N	\N	0	\N	0	3	\N	\N	0	04:00 PM - 04:30 PM	0	0	0	0	0	0	0	0	0	0
482	2	140	0	0	3	0	16:30:00	2023-09-18	\N	\N	\N	\N	0	\N	0	\N	0	0	2023-09-18 10:33:49	2023-09-18 10:33:49	\N	\N	0	\N	0	3	\N	\N	0	04:30 PM - 05:00 PM	0	0	0	0	0	0	0	0	0	0
484	2	140	0	0	4	0	19:00:00	2023-09-18	\N	\N	\N	\N	0	\N	0	\N	0	0	2023-09-18 10:39:42	2023-09-18 10:39:42	\N	\N	0	\N	0	2	\N	\N	0	07:00 PM - 07:30 PM	0	0	0	0	0	0	0	0	0	0
485	2	140	0	0	4	0	18:30:00	2023-09-18	\N	\N	\N	\N	0	\N	0	\N	0	0	2023-09-18 10:48:33	2023-09-18 10:48:33	\N	\N	0	\N	0	2	\N	\N	0	06:30 PM - 07:00 PM	0	0	0	0	0	0	0	0	0	0
486	5	122	0	0	0	0	\N	2023-09-20	\N	\N	\N	\N	0	\N	0	\N	5	0	2023-09-18 11:14:49	2023-09-18 11:14:58	\N	\N	0	\N	0	0	\N	\N	0		0	3	150	150	0	0	150	2	0	0
487	2	103	0	0	4	0	20:30:00	2023-09-18	\N	\N	\N	\N	0	\N	0	\N	0	0	2023-09-18 11:21:34	2023-09-18 11:21:34	\N	\N	0	\N	0	2	\N	\N	0	08:30 PM - 09:00 PM	0	0	0	0	0	0	0	0	0	0
488	1	103	0	2	0	4	16:00:00	2023-09-18	\N	\N	\N	\N	0	\N	0	\N	0	0	2023-09-18 11:23:09	2023-09-18 11:23:09	\N	\N	0	\N	0	0	\N	\N	0	04:00 PM - 04:30 PM	0	0	0	0	0	0	0	0	0	0
489	1	103	0	1	0	4	16:30:00	2023-09-18	\N	\N	\N	\N	0	\N	0	\N	0	0	2023-09-18 11:42:45	2023-09-18 11:42:45	\N	\N	0	\N	0	0	\N	\N	0	04:30 PM - 05:00 PM	0	0	0	0	0	0	0	0	0	0
490	1	103	0	2	0	4	16:30:00	2023-09-18	\N	\N	\N	\N	0	\N	0	\N	0	0	2023-09-18 11:47:04	2023-09-18 11:47:04	\N	\N	0	\N	0	0	\N	\N	0	04:30 PM - 05:00 PM	0	0	0	0	0	0	0	0	0	0
491	2	103	0	0	4	0	18:00:00	2023-09-18	\N	\N	\N	\N	0	\N	0	\N	0	0	2023-09-18 11:47:53	2023-09-18 11:47:53	\N	\N	0	\N	0	2	\N	\N	0	06:00 PM - 06:30 PM	0	0	0	0	0	0	0	0	0	0
492	2	140	0	0	4	0	18:30:00	2023-09-18	\N	\N	\N	\N	0	\N	0	\N	0	0	2023-09-18 11:52:51	2023-09-18 11:52:51	\N	\N	0	\N	0	2	\N	\N	0	06:30 PM - 07:00 PM	0	0	0	0	0	0	0	0	0	0
493	2	140	0	0	4	0	18:30:00	2023-09-18	\N	\N	\N	\N	0	\N	0	\N	0	0	2023-09-18 12:00:06	2023-09-18 12:00:06	\N	\N	0	\N	0	2	\N	\N	0	06:30 PM - 07:00 PM	0	0	0	0	0	0	0	0	0	0
494	2	140	0	0	4	0	19:00:00	2023-09-18	\N	\N	\N	\N	0	\N	0	\N	0	0	2023-09-18 12:02:47	2023-09-18 12:02:47	\N	\N	0	\N	0	2	\N	\N	0	07:00 PM - 07:30 PM	0	0	0	0	0	0	0	0	0	0
495	2	140	0	0	3	0	21:00:00	2023-09-18	\N	\N	\N	\N	0	\N	0	\N	0	0	2023-09-18 12:07:51	2023-09-18 12:07:51	\N	\N	0	\N	0	3	\N	\N	0	09:00 PM - 09:30 PM	0	0	0	0	0	0	0	0	0	0
496	1	140	0	2	0	4	17:00:00	2023-09-18	\N	\N	\N	\N	0	\N	0	\N	0	0	2023-09-18 12:09:25	2023-09-18 12:09:25	\N	\N	0	\N	0	0	\N	\N	0	05:00 PM - 05:30 PM	0	0	0	0	0	0	0	0	0	0
497	1	140	0	2	0	3	16:30:00	2023-09-19	\N	\N	\N	\N	0	\N	0	\N	0	0	2023-09-18 12:12:17	2023-09-18 12:12:17	\N	\N	0	\N	0	0	\N	\N	0	04:30 PM - 05:00 PM	0	0	0	0	0	0	0	0	0	0
498	2	140	0	0	4	0	19:00:00	2023-09-18	\N	\N	\N	\N	0	\N	0	\N	0	0	2023-09-18 12:17:03	2023-09-18 12:17:03	\N	\N	0	\N	0	2	\N	\N	0	07:00 PM - 07:30 PM	0	0	0	0	0	0	0	0	0	0
499	1	140	0	2	0	4	17:00:00	2023-09-18	\N	\N	\N	\N	0	\N	0	\N	0	0	2023-09-18 12:21:48	2023-09-18 12:21:48	\N	\N	0	\N	0	0	\N	\N	0	05:00 PM - 05:30 PM	0	0	0	0	0	0	0	0	0	0
500	1	77	0	3	0	4	17:30:00	2023-09-18	\N	\N	\N	\N	0	\N	0	\N	0	0	2023-09-18 12:57:24	2023-09-18 12:57:24	\N	\N	0	\N	0	0	\N	\N	0	05:30 PM - 06:00 PM	0	0	0	0	0	0	0	0	0	0
501	1	77	0	2	0	4	17:30:00	2023-09-18	\N	\N	\N	\N	0	\N	0	\N	0	0	2023-09-18 13:00:10	2023-09-18 13:00:10	\N	\N	0	\N	0	0	\N	\N	0	05:30 PM - 06:00 PM	0	0	0	0	0	0	0	0	0	0
502	1	108	0	4	0	4	17:30:00	2023-09-18	\N	\N	\N	\N	0	\N	0	\N	0	0	2023-09-18 13:12:25	2023-09-18 13:12:25	\N	\N	0	\N	0	0	\N	\N	0	05:30 PM - 06:00 PM	0	0	0	0	0	0	0	0	0	0
503	1	108	0	3	0	4	17:30:00	2023-09-18	\N	\N	\N	\N	0	\N	0	\N	0	0	2023-09-18 13:15:40	2023-09-18 13:15:40	\N	\N	0	\N	0	0	\N	\N	0	05:30 PM - 06:00 PM	0	0	0	0	0	0	0	0	0	0
504	2	122	0	0	4	0	19:00:00	2023-09-18	\N	\N	\N	\N	0	\N	0	\N	0	0	2023-09-18 13:58:06	2023-09-18 13:58:06	\N	\N	0	\N	0	2	\N	\N	0	07:00 PM - 07:30 PM	0	0	0	0	0	0	0	0	0	0
505	2	77	0	0	4	0	19:00:00	2023-09-18	\N	\N	\N	\N	0	\N	0	\N	0	0	2023-09-18 14:11:37	2023-09-18 14:11:37	\N	\N	0	\N	0	2	\N	\N	0	07:00 PM - 07:30 PM	0	0	0	0	0	0	0	0	0	0
508	1	77	0	2	0	4	11:30:00	2023-09-19	\N	\N	\N	\N	0	\N	0	\N	0	0	2023-09-19 05:11:27	2023-09-19 05:11:27	\N	\N	0	\N	0	0	\N	\N	0	11:30 AM - 12:00 PM	0	0	0	0	0	0	0	0	0	0
518	1	77	0	2	0	4	11:00:00	2023-09-26	\N	\N	\N	\N	0	\N	0	\N	0	0	2023-09-19 05:47:54	2023-09-19 05:47:54	\N	\N	0	\N	0	0	\N	\N	0	11:00 AM - 11:30 AM	0	0	0	0	0	0	0	0	0	0
509	4	139	0	0	0	0	\N	\N	11:00:00	2023-09-19	13:00:00	2023-09-19	2		1	test ad	3	0	2023-09-19 05:28:07	2023-09-19 05:29:10	100	\N	0	test md	1	0	16951013426509319ee0dfd_doc.docx	\N	0		2	0	0	0	0	0	0	0	0	0
510	5	140	0	0	0	0	\N	2023-09-20	\N	\N	\N	\N	0	\N	0	\N	5	0	2023-09-19 05:28:10	2023-09-19 05:31:35	\N	\N	0	\N	0	0	\N	\N	0		0	1	50	50	0	0	50	2	0	0
511	4	140	0	0	0	0	\N	\N	16:00:00	2023-09-20	17:00:00	2023-09-20	1		0		0	0	2023-09-19 05:37:51	2023-09-19 05:37:51	\N	\N	0		1	0	\N	\N	0		2	0	0	0	0	0	0	0	0	0
512	5	140	0	0	0	0	\N	2023-09-22	\N	\N	\N	\N	0	\N	0	\N	5	0	2023-09-19 05:39:08	2023-09-19 05:40:01	\N	\N	0	\N	0	0	\N	\N	0		0	1	40	40	0	0	40	2	0	0
513	3	108	0	0	0	0	\N	\N	02:30:00	2023-09-23	02:30:00	2023-09-24	\N		1	Additional notes here	0	0	2023-09-19 05:40:16	2023-09-19 05:40:16	\N	\N	0	Test	1	0	\N	\N	0		1	0	0	0	0	0	0	0	0	0
514	1	140	0	2	0	4	12:30:00	2023-09-26	\N	\N	\N	\N	0	\N	0	\N	0	0	2023-09-19 05:41:20	2023-09-19 05:41:20	\N	\N	0	\N	0	0	\N	\N	0	12:30 PM - 01:00 PM	0	0	0	0	0	0	0	0	0	0
516	3	108	0	0	0	0	\N	\N	02:30:00	2023-09-23	02:30:00	2023-09-24	\N		1	Additional notes here	0	0	2023-09-19 05:41:36	2023-09-19 05:41:36	\N	\N	0	Test	1	0	\N	\N	0		1	0	0	0	0	0	0	0	0	0
519	1	77	0	2	0	4	15:00:00	2023-09-26	\N	\N	\N	\N	0	\N	0	\N	0	0	2023-09-19 05:48:37	2023-09-19 05:48:37	\N	\N	0	\N	0	0	\N	\N	0	03:00 PM - 03:30 PM	0	0	0	0	0	0	0	0	0	0
515	2	139	0	0	4	0	10:30:00	2023-09-19	\N	\N	\N	\N	0	\N	0	\N	3	0	2023-09-19 05:41:23	2023-09-19 05:42:45	150	\N	0	\N	0	2	1695102134650934b669c26_doc.docx	\N	0	10:30 AM - 11:00 AM	0	0	0	0	0	0	0	0	0	0
520	5	108	0	0	0	0	\N	2023-09-23	\N	\N	\N	\N	0	\N	0	\N	5	0	2023-09-19 05:52:51	2023-09-19 05:53:18	\N	\N	0	\N	0	0	\N	\N	0		0	1	20	20	0	0	20	1	0	0
522	3	122	0	0	0	0	\N	\N	02:30:00	2023-09-23	02:30:00	2023-09-24	\N		1	Additional notes here	0	0	2023-09-19 05:58:46	2023-09-19 05:58:46	\N	\N	0	Test	1	0	\N	\N	0		1	0	0	0	0	0	0	0	0	0
517	1	103	0	2	0	4	12:00:00	2023-09-19	\N	\N	\N	\N	0	\N	0	\N	6	0	2023-09-19 05:46:00	2023-09-19 07:17:07	\N	\N	0	\N	0	0	\N	\N	0	12:00 PM - 12:30 PM	0	0	0	0	0	0	0	0	0	0
524	3	122	0	0	0	0	\N	\N	02:30:00	2023-09-23	02:30:00	2023-09-24	\N		1	Additional notes here	0	0	2023-09-19 06:05:29	2023-09-19 06:05:29	\N	\N	0	Test	1	0	\N	\N	0		0	0	0	0	0	0	0	0	0	0
507	2	103	0	0	4	0	19:00:00	2023-09-18	\N	\N	\N	\N	0	\N	0	\N	1	0	2023-09-18 14:14:13	2023-09-19 08:18:01	210	\N	0	\N	0	2	1695111481650959397acb9_doc.pdf	\N	0	07:00 PM - 07:30 PM	0	0	0	0	0	0	0	0	0	0
506	2	77	0	0	4	0	19:00:00	2023-09-18	\N	\N	\N	\N	0	\N	0	\N	3	0	2023-09-18 14:12:39	2023-09-19 08:23:21	210	\N	0	\N	0	2	1695111645650959dd90345_doc.pdf	\N	0	07:00 PM - 07:30 PM	0	0	0	0	0	0	0	0	0	0
525	3	122	0	0	0	0	\N	\N	02:30:00	2023-09-23	02:30:00	2023-09-24	\N		1	Additional notes here	0	0	2023-09-19 06:05:35	2023-09-19 06:05:35	\N	\N	0	Test	1	0	\N	\N	0		0	0	0	0	0	0	0	0	0	0
523	2	139	0	0	4	0	18:00:00	2023-09-19	\N	\N	\N	\N	0	\N	0	\N	3	0	2023-09-19 06:05:02	2023-09-19 06:05:41	100	\N	0	\N	0	1	\N	\N	0	06:00 PM - 06:30 PM	0	0	0	0	0	0	0	0	0	0
526	3	122	0	0	0	0	\N	\N	02:30:00	2023-09-23	02:30:00	2023-09-24	\N		1	Additional notes here	0	0	2023-09-19 06:05:42	2023-09-19 06:05:42	\N	\N	0	Test	0	0	\N	\N	0		0	0	0	0	0	0	0	0	0	0
527	3	122	0	0	0	0	\N	\N	02:30:00	2023-09-23	02:30:00	2023-09-24	\N		0	Additional notes here	0	0	2023-09-19 06:05:55	2023-09-19 06:05:55	\N	\N	0	Test	0	0	\N	\N	0		0	0	0	0	0	0	0	0	0	0
529	3	122	0	0	0	0	\N	\N	02:30:00	2023-09-23	02:30:00	2023-09-24	\N		0		0	0	2023-09-19 06:07:52	2023-09-19 06:07:52	\N	\N	0		0	0	\N	\N	0		0	0	0	0	0	0	0	0	0	0
528	1	139	0	3	0	1	12:30:00	2023-09-19	\N	\N	\N	\N	0	\N	0	\N	6	0	2023-09-19 06:07:30	2023-09-19 06:09:59	\N	\N	0	\N	0	0	\N	\N	0	12:30 PM - 01:00 PM	0	0	0	0	0	0	0	0	0	0
530	3	140	0	0	0	0	\N	\N	02:30:00	2023-09-23	02:30:00	2023-09-24	\N		0		0	0	2023-09-19 06:12:08	2023-09-19 06:12:08	\N	\N	0		0	0	\N	\N	0		0	0	0	0	0	0	0	0	0	0
531	3	140	0	0	0	0	\N	\N	02:30:00	2023-09-23	02:30:00	2023-09-24	\N		0		0	0	2023-09-19 06:12:54	2023-09-19 06:12:54	\N	\N	0		0	0	\N	\N	0		2	0	0	0	0	0	0	0	0	0
532	3	140	0	0	0	0	\N	\N	02:30:00	2023-09-23	02:30:00	2023-09-24	\N		0		0	0	2023-09-19 06:14:30	2023-09-19 06:14:30	\N	\N	0		0	0	\N	\N	0		2	0	0	0	0	0	0	0	0	0
533	3	140	0	0	0	0	\N	\N	02:30:00	2023-09-23	02:30:00	2023-09-24	\N		0		0	0	2023-09-19 06:17:28	2023-09-19 06:17:28	\N	\N	0		0	0	\N	\N	0		2	0	0	0	0	0	0	0	0	0
534	3	140	0	0	0	0	\N	\N	13:00:00	2023-09-26	16:00:00	2023-10-04	\N		0		0	0	2023-09-19 06:17:37	2023-09-19 06:17:37	\N	\N	0	Test	0	0	\N	\N	0		2	0	0	0	0	0	0	0	0	0
535	3	140	0	0	0	0	\N	\N	16:00:00	2023-09-27	17:00:00	2023-10-04	1		0	Test	0	0	2023-09-19 06:19:24	2023-09-19 06:19:24	\N	\N	0		0	0	\N	\N	0		2	0	0	0	0	0	0	0	0	0
536	5	108	0	0	0	0	\N	2023-09-22	\N	\N	\N	\N	0	\N	0	\N	5	0	2023-09-19 06:21:21	2023-09-19 06:21:30	\N	\N	0	\N	0	0	\N	\N	0		0	1	40	40	0	0	40	2	0	0
537	5	140	0	0	0	0	\N	2023-09-23	\N	\N	\N	\N	0	\N	0	\N	5	0	2023-09-19 06:32:31	2023-09-19 06:32:37	\N	\N	0	\N	0	0	\N	\N	0	2	0	2	40	40	0	0	40	2	0	0
538	5	140	0	0	0	0	\N	2023-09-23	\N	\N	\N	\N	0	\N	0	\N	5	0	2023-09-19 06:38:27	2023-09-19 06:38:35	\N	\N	0	\N	0	0	\N	\N	0		0	2	40	40	0	0	40	2	0	2
539	5	122	0	0	0	0	\N	2023-09-21	\N	\N	\N	\N	0	\N	0	\N	5	0	2023-09-19 06:47:17	2023-09-19 06:47:28	\N	\N	0	\N	0	0	\N	\N	0		0	1	90	90	0	0	90	4	0	2
550	5	122	0	0	0	0	\N	2023-09-21	\N	\N	\N	\N	0	\N	0	\N	5	0	2023-09-19 07:56:23	2023-09-19 07:56:36	\N	\N	0	\N	0	0	\N	\N	0		0	1	90	90	0	0	90	4	0	0
540	3	139	0	0	0	0	\N	\N	09:00:00	2023-09-20	09:00:00	2023-09-21	1		1	test1	3	0	2023-09-19 07:00:06	2023-09-19 07:01:41	100	\N	0	test	0	0	\N	\N	0		2	0	0	0	0	0	0	0	0	0
551	5	122	0	0	0	0	\N	2023-09-20	\N	\N	\N	\N	0	\N	0	\N	5	0	2023-09-19 08:01:09	2023-09-19 08:01:20	\N	\N	0	\N	0	0	\N	\N	0		0	1	50	50	0	0	50	4	0	2
541	4	139	0	0	0	0	\N	\N	09:00:00	2023-09-20	10:00:00	2023-09-20	2		1	test	3	0	2023-09-19 07:03:05	2023-09-19 07:05:08	150	\N	0	test	1	0	\N	\N	0		2	0	0	0	0	0	0	0	0	0
542	5	108	0	0	0	0	\N	2023-09-21	\N	\N	\N	\N	0	\N	0	\N	5	0	2023-09-19 07:11:59	2023-09-19 07:14:57	\N	\N	0	\N	0	0	\N	\N	0		0	1	90	90	0	0	90	2	0	0
543	4	139	0	0	0	0	\N	\N	09:00:00	2023-09-20	10:00:00	2023-09-20	1		1	gg	0	0	2023-09-19 07:28:50	2023-09-19 07:28:50	\N	\N	0	test	0	0	\N	\N	0		2	0	0	0	0	0	0	0	0	0
544	5	108	0	0	0	0	\N	2023-09-21	\N	\N	\N	\N	0	\N	0	\N	5	0	2023-09-19 07:35:58	2023-09-19 07:36:28	\N	\N	0	\N	0	0	\N	\N	0		0	1	90	90	0	0	90	2	0	0
545	5	103	0	0	0	0	\N	2023-09-20	\N	\N	\N	\N	0	\N	0	\N	5	0	2023-09-19 07:40:28	2023-09-19 07:40:53	\N	\N	0	\N	0	0	\N	\N	0		0	1	50	50	0	0	50	2	0	0
521	2	103	0	0	4	0	11:00:00	2023-09-19	\N	\N	\N	\N	0	\N	0	\N	3	0	2023-09-19 05:56:32	2023-09-19 07:42:58	120	\N	0	\N	0	2	1695109367650950f70fa68_doc.docx	\N	0	11:00 AM - 11:30 AM	0	0	0	0	0	0	0	0	0	0
342	3	103	0	0	0	0	\N	\N	10:00:00	2023-08-21	13:00:00	2023-08-22	1		0		5	0	2023-08-21 09:52:48	2023-09-19 07:43:44	100	\N	0		0	0	169338124364eef27b725cf_doc.docx	\N	0		2	0	0	0	0	0	0	0	0	0
546	3	108	0	0	0	0	\N	\N	09:00:00	2023-09-22	10:00:00	2023-09-27	1		1	Im so glad that youre doing better today honey and that your dad and the baby	0	0	2023-09-19 07:48:38	2023-09-19 07:48:38	\N	\N	0	Im going out uyyyy	0	0	\N	\N	0		2	0	0	0	0	0	0	0	0	0
547	5	103	0	0	0	0	\N	2023-09-20	\N	\N	\N	\N	0	\N	0	\N	5	0	2023-09-19 07:49:53	2023-09-19 07:50:09	\N	\N	0	\N	0	0	\N	\N	0		0	1	50	50	0	0	50	2	0	0
548	5	103	0	0	0	0	\N	2023-09-20	\N	\N	\N	\N	0	\N	0	\N	5	0	2023-09-19 07:53:09	2023-09-19 07:53:24	\N	\N	0	\N	0	0	\N	\N	0		0	1	50	50	0	0	50	2	0	1
549	5	103	0	0	0	0	\N	2023-09-20	\N	\N	\N	\N	0	\N	0	\N	5	0	2023-09-19 07:54:42	2023-09-19 07:54:55	\N	\N	0	\N	0	0	\N	\N	0		0	1	50	50	0	0	50	2	0	2
552	3	139	0	0	0	0	\N	\N	09:00:00	2023-09-20	10:00:00	2023-09-21	1		1	test	5	0	2023-09-19 08:03:47	2023-09-19 08:05:04	110	\N	0	test	1	0	\N	\N	0		2	0	0	0	0	0	0	0	0	0
553	4	59	0	0	0	0	\N	\N	13:00:00	2023-09-19	14:00:00	2023-09-19	1		0	test	5	0	2023-09-19 08:37:11	2023-09-19 08:39:02	50	\N	0		1	0	\N	\N	0		2	0	0	0	0	0	0	0	0	0
554	4	59	0	0	0	0	\N	\N	13:00:00	2023-09-19	14:00:00	2023-09-19	1		1	test	5	0	2023-09-19 08:41:30	2023-09-19 08:42:42	100	\N	0	tets	1	0	\N	\N	0		2	0	0	0	0	0	0	0	0	0
555	2	59	0	0	4	0	13:30:00	2023-09-19	\N	\N	\N	\N	0	\N	0	\N	3	0	2023-09-19 08:48:44	2023-09-19 08:49:21	56	\N	0	\N	0	2	\N	\N	0	01:30 PM - 02:00 PM	0	0	0	0	0	0	0	0	0	0
556	3	59	0	0	0	0	\N	\N	10:00:00	2023-09-20	10:00:00	2023-09-21	1		1	hhh	5	0	2023-09-19 08:50:01	2023-09-19 08:51:03	55	\N	0	ggg	1	0	\N	\N	0		2	0	0	0	0	0	0	0	0	0
557	5	59	0	0	0	0	\N	2023-09-20	\N	\N	\N	\N	0	\N	0	\N	5	0	2023-09-19 09:04:29	2023-09-19 09:04:57	\N	\N	0	\N	0	0	\N	\N	0		0	1	50	50	0	0	50	2	0	2
558	5	140	0	0	0	0	\N	2023-09-21	\N	\N	\N	\N	0	\N	0	\N	5	0	2023-09-19 09:09:07	2023-09-19 09:09:43	\N	\N	0	\N	0	0	\N	\N	0		0	1	90	90	0	0	90	2	0	2
559	5	140	0	0	0	0	\N	2023-09-21	\N	\N	\N	\N	0	\N	0	\N	5	0	2023-09-19 09:13:14	2023-09-19 09:13:45	\N	\N	0	\N	0	0	\N	\N	0		0	1	90	90	0	0	90	2	0	2
560	5	140	0	0	0	0	\N	2023-09-21	\N	\N	\N	\N	0	\N	0	\N	5	0	2023-09-19 09:17:12	2023-09-19 09:17:39	\N	\N	0	\N	0	0	\N	\N	0		0	2	180	180	0	0	180	2	0	3
561	1	140	0	2	0	4	16:30:00	2023-10-03	\N	\N	\N	\N	0	\N	0	\N	0	0	2023-09-19 09:18:14	2023-09-19 09:18:14	\N	\N	0	\N	0	0	\N	\N	0	04:30 PM - 05:00 PM	0	0	0	0	0	0	0	0	0	0
562	5	140	0	0	0	0	\N	2023-09-21	\N	\N	\N	\N	0	\N	0	\N	5	0	2023-09-19 09:47:25	2023-09-19 09:47:40	\N	\N	0	\N	0	0	\N	\N	0		0	1	90	90	0	0	90	2	0	2
563	1	140	0	3	0	4	15:00:00	2023-09-26	\N	\N	\N	\N	0	\N	0	\N	0	0	2023-09-19 10:12:42	2023-09-19 10:12:42	\N	\N	0	\N	0	0	\N	\N	0	03:00 PM - 03:30 PM	0	0	0	0	0	0	0	0	0	0
564	5	59	0	0	0	0	\N	2023-09-24	\N	\N	\N	\N	0	\N	0	\N	5	0	2023-09-19 10:55:04	2023-09-19 10:55:25	\N	\N	0	\N	0	0	\N	\N	0		0	1	10	10	0	0	10	2	0	1
565	5	108	0	0	0	0	\N	2023-09-24	\N	\N	\N	\N	0	\N	0	\N	5	0	2023-09-19 14:46:48	2023-09-19 14:47:30	\N	\N	0	\N	0	0	\N	\N	0		0	1	10	10	0	0	10	1	0	1
566	5	77	0	0	0	0	\N	2023-09-21	\N	\N	\N	\N	0	\N	0	\N	5	0	2023-09-19 15:07:23	2023-09-19 15:07:45	\N	\N	0	\N	0	0	\N	\N	0		0	1	90	90	0	0	90	1	0	1
567	5	118	0	0	0	0	\N	2023-09-24	\N	\N	\N	\N	0	\N	0	\N	5	0	2023-09-19 19:38:02	2023-09-19 19:38:51	\N	\N	0	\N	0	0	\N	\N	0		0	1	10	10	0	0	10	2	0	2
568	4	92	0	0	0	0	\N	\N	10:00:00	2023-09-20	11:00:00	2023-09-20	1		1	hshsjisjs	0	0	2023-09-19 20:28:34	2023-09-19 20:28:34	\N	\N	0	ok hsuusisuhvhs	1	0	\N	\N	0		2	0	0	0	0	0	0	0	0	0
569	1	108	0	3	0	4	17:30:00	2023-09-25	\N	\N	\N	\N	0	\N	0	\N	0	0	2023-09-20 04:52:43	2023-09-20 04:52:43	\N	\N	0	\N	0	0	\N	\N	0	05:30 PM - 06:00 PM	0	0	0	0	0	0	0	0	0	0
570	1	146	0	3	0	4	12:00:00	2023-09-20	\N	\N	\N	\N	0	\N	0	\N	0	0	2023-09-20 07:30:52	2023-09-20 07:30:52	\N	\N	0	\N	0	0	\N	\N	0	12:00 PM - 12:30 PM	0	0	0	0	0	0	0	0	0	0
571	1	108	0	1	0	3	17:30:00	2023-09-25	\N	\N	\N	\N	0	\N	0	\N	0	0	2023-09-20 08:20:32	2023-09-20 08:20:32	\N	\N	0	\N	0	0	\N	\N	0	05:30 PM - 06:00 PM	0	0	0	0	0	0	0	0	0	0
572	2	108	0	0	2	0	08:30:00	2023-09-29	\N	\N	\N	\N	0	\N	0	\N	0	0	2023-09-20 08:23:07	2023-09-20 08:23:07	\N	\N	0	\N	0	1	\N	\N	0	08:30 AM - 09:00 AM	0	0	0	0	0	0	0	0	0	0
573	2	146	0	0	2	0	09:30:00	2023-09-29	\N	\N	\N	\N	0	\N	0	\N	0	0	2023-09-20 08:27:01	2023-09-20 08:27:01	\N	\N	0	\N	0	3	\N	\N	0	09:30 AM - 10:00 AM	0	0	0	0	0	0	0	0	0	0
574	3	108	0	0	0	0	\N	\N	09:00:00	2023-09-24	09:00:00	2023-09-27	1		1	My dog is very cute	0	0	2023-09-20 08:33:23	2023-09-20 08:33:23	\N	\N	0	Need vaccination	0	0	\N	\N	0		1	0	0	0	0	0	0	0	0	0
575	3	108	0	0	0	0	\N	\N	12:00:00	2023-09-24	09:00:00	2023-09-25	1		1	My pet cute	0	0	2023-09-20 08:36:14	2023-09-20 08:36:14	\N	\N	0	Need vaccine	0	0	\N	\N	0		2	0	0	0	0	0	0	0	0	0
576	3	140	0	0	0	0	\N	\N	13:00:00	2023-09-21	17:00:00	2023-09-27	1		1	Additional Note	0	0	2023-09-20 08:47:41	2023-09-20 08:47:41	\N	\N	0	Medicine Instructions	0	0	\N	\N	0		2	0	0	0	0	0	0	0	0	0
577	3	146	0	0	0	0	\N	\N	10:00:00	2023-09-20	13:00:00	2023-09-21	1		1		0	0	2023-09-20 08:48:27	2023-09-20 08:48:27	\N	\N	0		1	0	\N	\N	0		2	0	0	0	0	0	0	0	0	0
578	4	108	0	0	0	0	\N	\N	10:00:00	2023-09-21	11:00:00	2023-09-21	1		1	Hi	0	0	2023-09-20 08:49:26	2023-09-20 08:49:26	\N	\N	0	Need allergic medicine	1	0	\N	\N	0		2	0	0	0	0	0	0	0	0	0
579	3	140	0	0	0	0	\N	\N	16:00:00	2023-09-27	17:00:00	2023-10-04	1		1	Additional Note	0	0	2023-09-20 08:50:16	2023-09-20 08:50:16	\N	\N	0	Medicine instructions	0	0	\N	\N	0		2	0	0	0	0	0	0	0	0	0
580	4	146	0	0	0	0	\N	\N	10:00:00	2023-09-20	17:00:00	2023-09-20	2		1		0	0	2023-09-20 08:54:37	2023-09-20 08:54:37	\N	\N	0		2	0	\N	\N	0		2	0	0	0	0	0	0	0	0	0
581	3	140	0	0	0	0	\N	\N	14:00:00	2023-09-25	09:00:00	2023-09-27	\N		0		0	0	2023-09-20 09:12:41	2023-09-20 09:12:41	\N	\N	0		0	0	\N	\N	0		2	0	0	0	0	0	0	0	0	0
582	3	146	0	0	0	0	\N	\N	10:00:00	2023-09-20	17:00:00	2023-09-27	1		1	additional	0	0	2023-09-20 09:16:55	2023-09-20 09:16:55	\N	\N	0	medicine	2	0	\N	\N	0		2	0	0	0	0	0	0	0	0	0
583	3	140	0	0	0	0	\N	\N	16:00:00	2023-09-26	13:00:00	2023-09-27	\N		0		0	0	2023-09-20 09:20:11	2023-09-20 09:20:11	\N	\N	0		0	0	\N	\N	0		2	0	0	0	0	0	0	0	0	0
584	3	146	0	0	0	0	\N	\N	13:00:00	2023-09-20	10:00:00	2023-09-21	2		1	notessssssss	0	0	2023-09-20 09:36:22	2023-09-20 09:36:22	\N	\N	0	medicine inst	2	0	\N	\N	0		2	0	0	0	0	0	0	0	0	0
585	1	108	0	4	0	3	15:00:00	2023-09-28	\N	\N	\N	\N	0	\N	0	\N	0	0	2023-09-20 09:51:35	2023-09-20 09:51:35	\N	\N	0	\N	0	0	\N	\N	0	03:00 PM - 03:30 PM	0	0	0	0	0	0	0	0	0	0
586	3	140	0	0	0	0	\N	\N	13:00:00	2023-09-27	13:00:00	2023-10-04	\N		0		0	0	2023-09-20 09:52:46	2023-09-20 09:52:46	\N	\N	0		1	0	\N	\N	0		2	0	0	0	0	0	0	0	0	0
587	3	140	0	0	0	0	\N	\N	16:00:00	2023-09-26	17:00:00	2023-09-27	1		0		0	0	2023-09-20 09:54:06	2023-09-20 09:54:06	\N	\N	0		2	0	\N	\N	0		2	0	0	0	0	0	0	0	0	0
588	3	140	0	0	0	0	\N	\N	13:00:00	2023-10-04	17:00:00	2023-10-05	1		1	Additional	0	0	2023-09-20 09:58:54	2023-09-20 09:58:54	\N	\N	0	Test	2	0	\N	\N	0		2	0	0	0	0	0	0	0	0	0
589	4	140	0	0	0	0	\N	\N	13:00:00	2023-09-27	15:00:00	2023-09-27	1		1	Test	0	0	2023-09-20 10:28:33	2023-09-20 10:28:33	\N	\N	0	Medicine	1	0	\N	\N	0		2	0	0	0	0	0	0	0	0	0
590	3	140	0	0	0	0	\N	\N	17:00:00	2023-09-26	17:00:00	2023-09-27	\N		0		0	0	2023-09-20 10:35:54	2023-09-20 10:35:54	\N	\N	0		0	0	\N	\N	0		2	0	0	0	0	0	0	0	0	0
591	3	140	0	0	0	0	\N	\N	13:00:00	2023-09-26	17:00:00	2023-09-27	\N		0	Test	0	0	2023-09-20 10:36:36	2023-09-20 10:36:36	\N	\N	0		0	0	\N	\N	0		2	0	0	0	0	0	0	0	0	0
592	3	140	0	0	0	0	\N	\N	13:00:00	2023-09-27	13:00:00	2023-09-28	\N		0		0	0	2023-09-20 10:39:45	2023-09-20 10:39:45	\N	\N	0		2	0	\N	\N	0		2	0	0	0	0	0	0	0	0	0
593	3	140	0	0	0	0	\N	\N	14:00:00	2023-09-27	17:00:00	2023-09-28	1		1	Test	0	0	2023-09-20 10:40:40	2023-09-20 10:40:40	\N	\N	0	Yes	2	0	\N	\N	0		2	0	0	0	0	0	0	0	0	0
594	1	108	0	3	0	3	09:00:00	2023-09-25	\N	\N	\N	\N	0	\N	0	\N	0	0	2023-09-20 11:33:19	2023-09-20 11:33:19	\N	\N	0	\N	0	0	\N	\N	0	09:00 AM - 09:30 AM	0	0	0	0	0	0	0	0	0	0
595	3	108	0	0	0	0	\N	\N	09:00:00	2023-09-24	10:00:00	2023-09-26	1		1	Not feeling well	0	0	2023-09-20 11:35:03	2023-09-20 11:35:03	\N	\N	0	Paracetamol	3	0	\N	\N	0		2	0	0	0	0	0	0	0	0	0
596	1	108	0	1	0	3	11:00:00	2023-09-26	\N	\N	\N	\N	0	\N	0	\N	0	0	2023-09-22 05:36:48	2023-09-22 05:36:48	\N	\N	0	\N	0	0	\N	\N	0	11:00 AM - 11:30 AM	0	0	0	0	0	0	0	0	0	0
369	3	69	0	0	0	0	\N	\N	09:00:00	2023-08-23	14:00:00	2023-08-24	\N		0		1	0	2023-08-22 06:54:52	2023-11-02 06:26:18	100	\N	0		1	0	\N	\N	0		0	0	0	0	0	0	0	0	0	0
597	3	69	0	0	0	0	\N	\N	10:00:00	2023-11-02	10:00:00	2023-11-03	1		0		0	0	2023-11-02 12:21:22	2023-11-02 12:21:22	\N	\N	0	test	2	0	\N	\N	0		1	0	0	0	0	0	0	0	0	0
\.


--
-- Data for Name: service_request_images; Type: TABLE DATA; Schema: public; Owner: postgres
--

COPY public.service_request_images (id, service_request_id, image, created_at, updated_at) FROM stdin;
\.


--
-- Data for Name: service_request_status_descriptions; Type: TABLE DATA; Schema: public; Owner: postgres
--

COPY public.service_request_status_descriptions (id, service_request_id, status, description, created_at, updated_at) FROM stdin;
\.


--
-- Data for Name: service_requests; Type: TABLE DATA; Schema: public; Owner: postgres
--

COPY public.service_requests (id, user_id, store_id, description, status, is_completed, accept_note, amount, service_charges, tax, total_amount, address, latitude, longitude, payment_method, payment_status, created_at, updated_at, service_date, service_time, location_name, service_invoice_id) FROM stdin;
\.


--
-- Data for Name: services; Type: TABLE DATA; Schema: public; Owner: postgres
--

COPY public.services (id, name, image, active, deleted, created_at, updated_at, background_image, slug, sort_order) FROM stdin;
2	Pets Grooming	169226816064ddf68029418.png	1	0	2023-05-11 01:08:36	2023-08-18 12:37:13	169236223364df65f9ceee9_background_.png	pets-grooming	2
3	Boarding Services	169226817164ddf68b8a0ce.png	1	0	2023-05-11 01:08:53	2023-08-18 12:37:48	169236226864df661cd2b01_background_.png	boarding-services	3
4	Day Care Reservations	169226818364ddf69769484.png	1	0	2023-05-11 01:09:12	2023-08-18 12:38:41	169236232164df6651dbe96_background_.png	day-care-reservations	4
5	Doggy Playtime	169226819364ddf6a19eccc.png	1	0	2023-05-11 01:09:37	2023-08-18 12:39:25	169236236564df667d23648_background_.png	doggy-playtime	5
1	Veterinary	169226793464ddf59ed25cc.png	1	0	2023-05-11 01:08:13	2023-08-18 12:40:13	169236241364df66ad03aa3_background_.png	veterinary	1
6	Store	169226820364ddf6abc6328.png	1	0	2023-06-05 02:07:33	2023-09-05 13:48:09	169236215564df65ab3f5ea_background_.png	store	6
\.


--
-- Data for Name: settings; Type: TABLE DATA; Schema: public; Owner: postgres
--

COPY public.settings (id, admin_commission, shipping_charge, created_at, updated_at, tax_percentage, moda_commission) FROM stdin;
1	0	5	\N	\N	5	0
\.


--
-- Data for Name: skin_colors; Type: TABLE DATA; Schema: public; Owner: postgres
--

COPY public.skin_colors (id, name, color, active, deleted, created_at, updated_at) FROM stdin;
\.


--
-- Data for Name: species; Type: TABLE DATA; Schema: public; Owner: postgres
--

COPY public.species (id, name, active, deleted, created_at, updated_at) FROM stdin;
1	Dog	1	0	2023-05-10 12:49:12	2023-05-10 12:49:12
2	Cat	1	0	2023-05-16 11:37:16	2023-05-16 11:37:16
3	Bird	0	1	2023-05-16 11:37:26	2023-05-16 11:37:35
\.


--
-- Data for Name: states; Type: TABLE DATA; Schema: public; Owner: postgres
--

COPY public.states (id, name, active, country_id, created_uid, updated_uid, deleted, created_at, updated_at) FROM stdin;
1	Dubai	1	229	1	\N	0	2023-05-10 12:45:14	2023-05-10 12:45:14
3	Niger	1	158	1	\N	0	2023-09-17 15:52:05	2023-09-17 15:52:05
4	Borno	1	158	1	\N	0	2023-09-17 15:52:28	2023-09-17 15:52:28
5	Taraba	1	158	1	\N	0	2023-09-17 15:52:58	2023-09-17 15:52:58
6	Kaduna	1	158	1	\N	0	2023-09-17 15:53:14	2023-09-17 15:53:14
2	Maharashtra	0	98	1	1	1	2023-05-16 14:14:11	2023-09-17 15:53:28
\.


--
-- Data for Name: store_images; Type: TABLE DATA; Schema: public; Owner: postgres
--

COPY public.store_images (id, image, store_id) FROM stdin;
\.


--
-- Data for Name: store_likes; Type: TABLE DATA; Schema: public; Owner: postgres
--

COPY public.store_likes (id, store_id, user_id, created_at, updated_at) FROM stdin;
\.


--
-- Data for Name: store_managers_types; Type: TABLE DATA; Schema: public; Owner: postgres
--

COPY public.store_managers_types (id, name, created_at, updated_at, vendor_id) FROM stdin;
\.


--
-- Data for Name: store_type; Type: TABLE DATA; Schema: public; Owner: postgres
--

COPY public.store_type (id, name, banner_image, active, deleted, created_at, updated_at) FROM stdin;
\.


--
-- Data for Name: stores; Type: TABLE DATA; Schema: public; Owner: postgres
--

COPY public.stores (id, vendor_id, industry_type, store_name, business_email, dial_code, mobile, description, location, latitude, longitude, address_line1, address_line2, country_id, state_id, city_id, zip, logo, cover_image, license_number, license_doc, vat_cert_number, vat_cert_doc, active, verified, deleted, created_uid, updated_uid, created_at, updated_at, commission, ret_policy_title, ret_policy_description, ret_policy_doc, sort_order) FROM stdin;
\.


--
-- Data for Name: stories; Type: TABLE DATA; Schema: public; Owner: postgres
--

COPY public.stories (id, user_id, caption, path, status, is_blocked, created_at, updated_at, is_live, live_url, channel_id, zoom, width, height, channel_key) FROM stdin;
\.


--
-- Data for Name: story_likes; Type: TABLE DATA; Schema: public; Owner: postgres
--

COPY public.story_likes (id, story_id, user_id, created_at, updated_at) FROM stdin;
\.


--
-- Data for Name: story_mentions; Type: TABLE DATA; Schema: public; Owner: postgres
--

COPY public.story_mentions (id, user_id, story_id, created_at, updated_at) FROM stdin;
\.


--
-- Data for Name: story_reports; Type: TABLE DATA; Schema: public; Owner: postgres
--

COPY public.story_reports (id, user_id, story_id, reason, problem_id, created_at, updated_at) FROM stdin;
\.


--
-- Data for Name: story_views; Type: TABLE DATA; Schema: public; Owner: postgres
--

COPY public.story_views (id, user_id, story_id, created_at, updated_at) FROM stdin;
\.


--
-- Data for Name: subscriber; Type: TABLE DATA; Schema: public; Owner: postgres
--

COPY public.subscriber (id, email, created_at, updated_at) FROM stdin;
1	aamir.dxbapps@gmail.com	2023-08-11 14:42:48	2023-08-11 14:42:48
2	jj@hh.cvom	2023-08-12 13:05:53	2023-08-12 13:05:53
3	gghhhh@hyh.com	2023-08-12 13:06:18	2023-08-12 13:06:18
4	admin@aamir.com	2023-08-12 13:06:25	2023-08-12 13:06:25
5	kk@yy.com	2023-08-12 13:06:44	2023-08-12 13:06:44
6	hhh@uuu.com	2023-08-12 13:07:10	2023-08-12 13:07:10
7	gg@yy.com	2023-08-15 08:55:00	2023-08-15 08:55:00
8	hhh@yy.com	2023-08-19 04:02:17	2023-08-19 04:02:17
9	hh@yyy.com	2023-08-19 08:52:59	2023-08-19 08:52:59
10	jj@gg.com	2023-08-19 12:51:10	2023-08-19 12:51:10
11	xxx@dvgsdg.com	2023-08-21 12:05:45	2023-08-21 12:05:45
\.


--
-- Data for Name: temp_order_products; Type: TABLE DATA; Schema: public; Owner: postgres
--

COPY public.temp_order_products (id, order_id, product_id, product_attribute_id, product_type, quantity, price, discount, total, vendor_id, admin_commission, vendor_commission, shipping_charge, grand_total, admin_commission_percentage) FROM stdin;
241	136	17	20	1	1	25	0	25	3	0	0	0	25	0
357	214	16	19	1	1	205	0	205	3	0	0	0	205	0
95	43	3	3	1	1	160	0	160	3	0	0	0	160	0
96	43	13	13	1	1	10	0	10	3	0	0	0	10	0
97	43	5	5	1	1	120	0	120	3	0	0	0	120	0
251	144	13	13	1	1	10	0	10	3	0	0	0	10	0
252	144	10	10	1	1	145	0	145	3	0	0	0	145	0
101	46	5	5	1	1	120	0	120	3	0	0	0	120	0
104	48	7	7	1	1	650	0	650	3	0	0	0	650	0
105	48	8	8	1	1	280	0	280	3	0	0	0	280	0
106	48	10	10	1	1	145	0	145	3	0	0	0	145	0
107	49	7	7	1	1	650	0	650	3	0	0	0	650	0
21	14	13	13	1	1	10	0	10	3	0	0	0	10	0
262	148	17	20	1	4	25	0	100	3	0	0	0	100	0
264	150	12	12	2	1	30	0	30	3	0	0	0	30	0
267	152	17	20	1	1	25	0	25	3	0	0	0	25	0
268	152	13	13	1	1	10	0	10	3	0	0	0	10	0
271	154	13	13	1	3	10	0	30	3	0	0	0	30	0
272	154	17	20	1	4	25	0	100	3	0	0	0	100	0
274	156	17	20	1	3	25	0	75	3	0	0	0	75	0
278	158	3	3	1	7	160	0	1120	3	0	0	0	1120	0
279	158	13	13	1	2	10	0	20	3	0	0	0	20	0
118	57	12	14	2	2	19	0	38	3	0	0	0	38	0
282	160	13	13	1	2	10	0	20	3	0	0	0	20	0
122	60	10	10	1	1	145	0	145	3	0	0	0	145	0
123	61	7	7	1	2	650	0	1300	3	0	0	0	1300	0
289	164	17	20	1	1	25	0	25	3	0	0	0	25	0
38	22	3	3	1	1	160	0	160	3	0	0	0	160	0
39	22	7	7	1	1	650	0	650	3	0	0	0	650	0
292	166	8	8	1	1	280	0	280	3	0	0	0	280	0
41	22	4	4	1	2	179	0	358	3	0	0	0	358	0
42	22	5	5	1	6	120	0	720	3	0	0	0	720	0
294	168	16	19	1	1	205	0	205	3	0	0	0	205	0
296	170	12	12	2	1	30	0	30	3	0	0	0	30	0
299	172	13	13	1	1	10	0	10	3	0	0	0	10	0
127	63	6	6	1	2	450	0	900	3	0	0	0	900	0
300	172	16	19	1	1	205	0	205	3	0	0	0	205	0
301	172	3	3	1	1	160	0	160	3	0	0	0	160	0
130	65	12	14	2	2	19	0	38	3	0	0	0	38	0
303	174	12	12	2	1	30	0	30	3	0	0	0	30	0
51	28	10	10	1	1	145	0	145	3	0	0	0	145	0
53	28	5	5	1	3	120	0	360	3	0	0	0	360	0
54	29	5	5	1	3	120	0	360	3	0	0	0	360	0
311	180	4	4	1	2	179	0	358	3	0	0	0	358	0
62	33	7	7	1	1	650	0	650	3	0	0	0	650	0
64	35	5	5	1	1	120	0	120	3	0	0	0	120	0
134	68	13	13	1	3	10	0	30	3	0	0	0	30	0
137	70	8	8	1	2	280	0	560	3	0	0	0	560	0
138	71	8	8	1	1	280	0	280	3	0	0	0	280	0
139	72	7	7	1	2	650	0	1300	3	0	0	0	1300	0
142	74	12	14	2	1	19	0	19	3	0	0	0	19	0
354	211	16	19	1	1	205	0	205	3	0	0	0	205	0
145	77	13	13	1	2	10	0	20	3	0	0	0	20	0
146	78	10	10	1	1	145	0	145	3	0	0	0	145	0
358	215	12	14	2	2	5	0	10	3	0	0	0	10	0
360	217	17	20	1	1	25	0	25	3	0	0	0	25	0
362	219	10	10	1	1	145	0	145	3	0	0	0	145	0
155	87	12	14	2	1	19	0	19	3	0	0	0	19	0
374	229	13	13	1	1	10	0	10	3	0	0	0	10	0
157	89	13	13	1	5	10	0	50	3	0	0	0	50	0
375	229	12	14	2	1	5	0	5	3	0	0	0	5	0
161	93	13	13	1	1	10	0	10	3	0	0	0	10	0
162	94	13	13	1	1	10	0	10	3	0	0	0	10	0
384	237	13	13	1	1	10	0	10	3	0	0	0	10	0
386	239	12	12	2	1	30	0	30	3	0	0	0	30	0
390	243	13	13	1	1	10	0	10	3	0	0	0	10	0
392	245	17	20	1	5	25	0	125	3	0	0	0	125	0
398	249	12	14	2	1	5	0	5	3	0	0	0	5	0
404	253	17	20	1	1	25	0	25	3	0	0	0	25	0
405	253	13	13	1	2	10	0	20	3	0	0	0	20	0
178	103	13	13	1	1	10	0	10	3	0	0	0	10	0
408	255	12	14	2	1	5	0	5	3	0	0	0	5	0
410	257	16	19	1	1	205	0	205	3	0	0	0	205	0
186	111	6	6	1	1	450	0	450	3	0	0	0	450	0
187	111	8	8	1	1	280	0	280	3	0	0	0	280	0
188	111	10	10	1	1	145	0	145	3	0	0	0	145	0
190	111	5	5	1	1	120	0	120	3	0	0	0	120	0
192	112	8	8	1	2	280	0	560	3	0	0	0	560	0
193	112	5	5	1	1	120	0	120	3	0	0	0	120	0
194	112	6	6	1	10	450	0	4500	3	0	0	0	4500	0
195	112	12	14	2	1	5	0	5	3	0	0	0	5	0
196	113	17	20	1	1	25	0	25	3	0	0	0	25	0
197	114	16	19	1	1	205	0	205	3	0	0	0	205	0
199	116	12	12	2	1	30	0	30	3	0	0	0	30	0
200	117	13	13	1	4	10	0	40	3	0	0	0	40	0
202	119	17	20	1	2	25	0	50	3	0	0	0	50	0
203	120	8	8	1	1	280	0	280	3	0	0	0	280	0
204	121	17	20	1	1	25	0	25	3	0	0	0	25	0
205	121	16	19	1	3	205	0	615	3	0	0	0	615	0
208	124	16	19	1	1	205	0	205	3	0	0	0	205	0
209	124	17	20	1	2	25	0	50	3	0	0	0	50	0
355	212	13	13	1	1	10	0	10	3	0	0	0	10	0
247	141	17	20	1	1	25	0	25	3	0	0	0	25	0
258	147	3	3	1	1	160	0	160	3	0	0	0	160	0
220	128	17	20	1	1	25	0	25	3	0	0	0	25	0
221	128	17	20	1	1	25	0	25	3	0	0	0	25	0
222	129	13	13	1	1	10	0	10	3	0	0	0	10	0
223	129	17	20	1	4	25	0	100	3	0	0	0	100	0
259	147	13	13	1	3	10	0	30	3	0	0	0	30	0
260	147	10	10	1	2	145	0	290	3	0	0	0	290	0
261	147	12	14	2	4	5	0	20	3	0	0	0	20	0
227	131	12	14	2	1	5	0	5	3	0	0	0	5	0
230	131	3	3	1	2	160	0	320	3	0	0	0	320	0
231	131	4	4	1	3	179	0	537	3	0	0	0	537	0
233	132	12	12	2	3	30	0	90	3	0	0	0	90	0
235	133	5	5	1	4	120	0	480	3	0	0	0	480	0
236	133	12	12	2	1	30	0	30	3	0	0	0	30	0
263	149	6	6	1	1	450	0	450	3	0	0	0	450	0
265	151	17	20	1	2	25	0	50	3	0	0	0	50	0
266	151	13	13	1	1	10	0	10	3	0	0	0	10	0
269	153	13	13	1	5	10	0	50	3	0	0	0	50	0
270	153	17	20	1	2	25	0	50	3	0	0	0	50	0
273	155	16	19	1	1	205	0	205	3	0	0	0	205	0
280	159	3	3	1	8	160	0	1280	3	0	0	0	1280	0
281	159	13	13	1	1	10	0	10	3	0	0	0	10	0
287	163	13	13	1	1	10	0	10	3	0	0	0	10	0
288	163	4	4	1	6	179	0	1074	3	0	0	0	1074	0
290	165	4	4	1	7	179	0	1253	3	0	0	0	1253	0
291	165	13	13	1	17	10	0	170	3	0	0	0	170	0
293	167	8	8	1	1	280	0	280	3	0	0	0	280	0
295	169	13	13	1	1	10	0	10	3	0	0	0	10	0
297	171	12	14	2	1	5	0	5	3	0	0	0	5	0
298	171	16	19	1	2	205	0	410	3	0	0	0	410	0
302	173	12	12	2	3	30	0	90	3	0	0	0	90	0
304	175	12	14	2	1	5	0	5	3	0	0	0	5	0
306	177	16	19	1	2	205	0	410	3	0	0	0	410	0
312	180	13	13	1	3	10	0	30	3	0	0	0	30	0
313	180	3	3	1	8	160	0	1280	3	0	0	0	1280	0
316	183	16	19	1	6	205	0	1230	3	0	0	0	1230	0
317	184	4	4	1	1	179	0	179	3	0	0	0	179	0
318	184	13	13	1	1	10	0	10	3	0	0	0	10	0
319	184	7	7	1	2	650	0	1300	3	0	0	0	1300	0
320	184	13	13	1	11	10	0	110	3	0	0	0	110	0
321	185	12	14	2	1	5	0	5	3	0	0	0	5	0
322	185	13	13	1	1	10	0	10	3	0	0	0	10	0
325	188	3	3	1	1	160	0	160	3	0	0	0	160	0
326	189	17	20	1	5	25	0	125	3	0	0	0	125	0
327	189	13	13	1	2	10	0	20	3	0	0	0	20	0
356	213	7	7	1	2	650	0	1300	3	0	0	0	1300	0
329	191	17	20	1	10	25	0	250	3	0	0	0	250	0
359	216	13	13	1	1	10	0	10	3	0	0	0	10	0
361	218	10	10	1	1	145	0	145	3	0	0	0	145	0
363	220	13	13	1	1	10	0	10	3	0	0	0	10	0
364	220	12	14	2	1	5	0	5	3	0	0	0	5	0
336	198	13	13	1	1	10	0	10	3	0	0	0	10	0
370	226	3	3	1	1	160	0	160	3	0	0	0	160	0
373	228	16	19	1	1	205	0	205	3	0	0	0	205	0
378	232	17	20	1	1	25	0	25	3	0	0	0	25	0
381	234	3	3	1	1	160	0	160	3	0	0	0	160	0
385	238	17	20	1	1	25	0	25	3	0	0	0	25	0
387	240	13	13	1	1	10	0	10	3	0	0	0	10	0
391	244	17	20	1	5	25	0	125	3	0	0	0	125	0
393	246	13	13	1	1	10	0	10	3	0	0	0	10	0
396	248	16	19	1	1	205	0	205	3	0	0	0	205	0
397	248	13	13	1	1	10	0	10	3	0	0	0	10	0
399	250	7	7	1	1	650	0	650	3	0	0	0	650	0
406	254	12	14	2	1	5	0	5	3	0	0	0	5	0
407	254	16	19	1	1	205	0	205	3	0	0	0	205	0
409	256	16	19	1	1	205	0	205	3	0	0	0	205	0
\.


--
-- Data for Name: temp_orders; Type: TABLE DATA; Schema: public; Owner: postgres
--

COPY public.temp_orders (id, invoice_id, user_id, address_id, total, vat, discount, grand_total, payment_mode, admin_commission, vendor_commission, shipping_charge, temp_id, coupon_code, coupon_id, store_id, request_deligate) FROM stdin;
188	\N	119	71	160	8	0	173	3	0	0	5	11964e602506aa6a1692795472	\N	0	0	0
142	\N	55	68	100	5	60	50	2	0	0	5	5564e098aaa809c1692440746	raj	3	0	0
145	\N	118	62	30	1.5	0	36.5	3	0	0	5	11864e0d7a7e99f91692456871	\N	0	0	0
46	\N	58	1	120	0	0	125	2	0	0	0	58647f1ff0d94f61686052848	\N	0	0	0
155	\N	115	74	205	10.25	60	160.25	2	0	0	5	11564e454c065f461692685504	raj	3	0	0
220	\N	59	16	15	0.75	0	20.75	2	0	0	5	596502c0af6c4961694679215	\N	0	0	0
\.


--
-- Data for Name: temp_users; Type: TABLE DATA; Schema: public; Owner: postgres
--

COPY public.temp_users (id, name, email, dial_code, phone, phone_verified, active, email_verified, password, email_verified_at, role, first_name, last_name, user_image, user_phone_otp, user_email_otp, user_device_token, user_device_type, user_access_token, firebase_user_key, device_cart_id, created_at, updated_at) FROM stdin;
2	Aamir .	aamir1@gmail.com	92	3028066320	0	1	1	$2y$10$ezd2DyY.w9UAnf2DBV2OiO6cZxXDNHGCqBFQ5mo9IY9xONPapJb/C	2023-07-20 11:35:06	2	Aamir	.	\N	1111	1111	121212	postman	\N	\N	\N	2023-07-20 11:35:06	2023-07-20 11:35:06
3	Sunil Kumar	sunil1234@gmail.com	971	72727272772	0	1	1	$2y$10$6YJ0uxCfH1wSPUewJQPer.UE4t01qffsPgQ2/l/ENNxrzY8BWaUh2	2023-07-21 06:37:05	2	Sunil	Kumar	\N	1111	1111	evq5GOmbRNG9ftT7GBhBgC:APA91bFw4D32Dq_FRNRmWt7mFxgBtNlklOxk8viiDmRnv9LqluJdEtm2xcViJt3s_u6Lw3vBapavQ0sGkYog-TSjzahRfs1fLzyNHv4XTq56k5_IhXH8Ob_ey6sHJv4L593qjKNnzemf	android	\N	\N	80b1c57550d10af2	2023-07-21 06:37:05	2023-07-21 06:37:05
4	test test17	test18@gmail.com	971	845454544	0	1	1	$2y$10$9e4JGLZZpLA7mczaRUFvoOEsPniSsWe7kSr5.lYJ2ADJpYpgRQJNK	2023-07-24 15:36:00	2	test	test17	\N	1111	1111	121212	ios	\N	\N	\N	2023-07-24 15:36:00	2023-07-24 15:36:00
5	test test	test20@gmail.com	971	848488	0	1	1	$2y$10$5Px5KubkcJJmSmQmhjK5Fuwr34Vo6AtUrzmC9YpTBAj5dyTMpfCVW	2023-07-24 16:01:06	2	test	test	\N	1111	1111	121212	ios	\N	\N	\N	2023-07-24 16:01:06	2023-07-24 16:01:06
6	sahla nissar	sahla1@gmail.com	971	979797979797	0	1	1	$2y$10$KLSrviYIwTFLSSGTX3DpCONthSxjMJnsM1mBxD9XeLLaUihMIEr8a	2023-07-29 10:51:53	2	sahla	nissar	\N	1111	1111	eb3LLHorS6K2BR2YExO71Z:APA91bEqDFWrmEgAUN5WzX34JMVlcCx26usktgJLHKv89Xji4HmFoD0iRciC60r4kxqwwQlNj3z12ZNtXNfnM-NqmsxEUnmBI0EBFn11DSR1dRWW_ZiUBmtp73M6hXyj9yqlmz5SCBcr	android	\N	\N	67eb682f83cfd7af	2023-07-29 10:51:53	2023-07-29 10:51:53
7	Jagdish Kumar	jagdish@gmail.com	971	949949494	0	1	1	$2y$10$JhhGGhTP.Lm17J9lreaGD.BcztP0L.8prCPDG8g7sD9zHKLhj.UDq	2023-07-31 07:23:25	2	Jagdish	Kumar	\N	1111	1111	eLgW0t69QBm6yByaaoCT4q:APA91bHeFnqjek72aau_iNEo0uY3UVO0ryQ7pLvzWEvBg6eWmF5dsMui_eoZJ4pVVxhYh4dxQ1hF7JEWl_-zS6vmKh1FGHtI_NP_I7AINSrJUnxXISrpE7B0IUtLOSkQokRg6JAAaHd8	android	\N	\N	80b1c57550d10af2	2023-07-31 07:23:25	2023-07-31 07:23:25
8	Aamir .	zain17@gmail.com	92	3028066388	0	1	1	$2y$10$UOHS9VIyUsjlA4bRAHE3LekhEN7axTO/ufnaL1PeOAiCVTPDMHGee	2023-07-31 16:02:28	2	Aamir	.	\N	1111	1111	121212	postman	\N	\N	\N	2023-07-31 16:02:28	2023-07-31 16:02:28
10	av twst	zain21@gmail.com	971	545454	0	1	1	$2y$10$ouxvFeWdbLNtNDZbX4Vn3um1ba3h5z9bYulvBsyEs0vXDlW/Qnsde	2023-07-31 16:35:49	2	av	twst	\N	1111	1111	abdhjef ekef kjwf wedfw	iOS	\N	\N	0B00A27A-F857-41E5-B3BC-76756DD34C99	2023-07-31 16:35:49	2023-07-31 16:35:49
11	abc test	zain22@gmail.com	971	5544554	0	1	1	$2y$10$7TIMsVLDEtfc3cEhrPk.WuULyrNmllOO2AHOcrjDcsTWHFG7OFo5O	2023-07-31 16:48:46	2	abc	test	\N	1111	1111	abdhjef ekef kjwf wedfw	iOS	\N	\N	0B00A27A-F857-41E5-B3BC-76756DD34C99	2023-07-31 16:48:46	2023-07-31 16:48:46
12	test ababa	zain31@gmail.com	971	5454545	0	1	1	$2y$10$Obto.8bM6lilzRR4gXygGe724XcRDnJJSfHuQmryGBgvx9KhOPOaC	2023-07-31 16:59:24	2	test	ababa	\N	1111	1111	abdhjef ekef kjwf wedfw	iOS	\N	\N	0B00A27A-F857-41E5-B3BC-76756DD34C99	2023-07-31 16:59:24	2023-07-31 16:59:24
13	Aamir .	aamir1121@gmail.com	92	302806623	0	1	1	$2y$10$49Xl7eFQ2Rux1Z5B8.fX8uy2WhThE7GNrqw743aJnJozRtgv/9XXS	2023-08-01 15:28:52	2	Aamir	.	\N	1111	1111	121212	postman	\N	\N	\N	2023-08-01 15:28:52	2023-08-01 15:28:52
14	hi abc	test97@gmail.com	971	84848484	0	1	1	$2y$10$fAthsYFVEBekJKt8lVjyke6gLZGQ6ppep2qEwp6yl2VlxjNIeNUjq	2023-08-01 15:34:23	2	hi	abc	\N	1111	1111	abdhjef ekef kjwf wedfw	iOS	\N	\N	0B00A27A-F857-41E5-B3BC-76756DD34C99	2023-08-01 15:34:23	2023-08-01 15:34:23
15	zain test	test98@gmail.com	971	42135454	0	1	1	$2y$10$EwwUcg5Y1tTB9dIivVgES.F/dbMY3Ws9o351i5xvBYfNC3/KFUCQi	2023-08-01 15:40:07	2	zain	test	\N	1111	1111	abdhjef ekef kjwf wedfw	iOS	\N	\N	0B00A27A-F857-41E5-B3BC-76756DD34C99	2023-08-01 15:40:07	2023-08-01 15:40:07
16	sahla nissar	sahla9@gmail.com	971	22334646464	0	1	1	$2y$10$ZnX0mc1ypu..1o9dNounx.C.zrSawrcLqunn/7HJz.vom0LXgcdQu	2023-08-02 12:33:59	2	sahla	nissar	\N	1111	1111	cY1FcgxTRICwPSg9-5ffur:APA91bFijn_x7smtO-xvOcvDt4-GIsrI8LUNHCSwwu6-DxMjxIvlknGFEIGmYT-yMI7-C_HXF2gZHbtWq6wIlJ9Q4JCGIxTKPkT27cLP0h2yQlWU6T_1xBiNICxs2yoxgdJCSkZyiBsF	android	\N	\N	67eb682f83cfd7af	2023-08-02 12:33:59	2023-08-02 12:33:59
17	Mohan Kumar	mohan123@gmail.com	971	828272727	0	1	1	$2y$10$jgpVMjYkCo3imqRsYeMopemXkOdiK0kWlDALi1/aOCGq7.wkwbVGC	2023-08-03 13:52:58	2	Mohan	Kumar	\N	1111	1111	eLgW0t69QBm6yByaaoCT4q:APA91bHeFnqjek72aau_iNEo0uY3UVO0ryQ7pLvzWEvBg6eWmF5dsMui_eoZJ4pVVxhYh4dxQ1hF7JEWl_-zS6vmKh1FGHtI_NP_I7AINSrJUnxXISrpE7B0IUtLOSkQokRg6JAAaHd8	android	\N	\N	80b1c57550d10af2	2023-08-03 13:52:58	2023-08-03 13:52:58
18	don k	don@gmail.com	971	2233445566	0	1	1	$2y$10$DOqd7yWoOZ8UB1yf.Ly0YOyY8jrtZUzasg0xrFbDrUU6OscMJvbDm	2023-08-04 08:34:41	2	don	k	\N	1111	1111	dPj2V24wSnmSvKpRrjPEj5:APA91bEUEMLI4bbl_zTNqJf3jhUMn3N9CdDlNxE4LKzrKZOJuif_h3FBjMsthF2YVbXsncyFphzZnew_wapKQkPbA9M8zElf_Al8J1wYAtqaKkfEzIsHmeIJv1LwXy9uwczI-eNr5E17	android	\N	\N	67eb682f83cfd7af	2023-08-04 08:34:41	2023-08-04 08:34:41
19	sahla nissar	sahla5@gmail.com	971	23246646464	0	1	1	$2y$10$4fj1eb6kuIPhx6szh8.Rxe0rdwV2Regnsnb3ZzME7vDDIhqL/j8UO	2023-08-04 08:46:33	2	sahla	nissar	\N	1111	1111	dPj2V24wSnmSvKpRrjPEj5:APA91bEUEMLI4bbl_zTNqJf3jhUMn3N9CdDlNxE4LKzrKZOJuif_h3FBjMsthF2YVbXsncyFphzZnew_wapKQkPbA9M8zElf_Al8J1wYAtqaKkfEzIsHmeIJv1LwXy9uwczI-eNr5E17	android	\N	\N	67eb682f83cfd7af	2023-08-04 08:46:33	2023-08-04 08:46:33
20	sahla nissar	sahla4@gmail.com	971	9898989898	0	1	1	$2y$10$wq8liEnZbYkQUQQpk1mXeO.1UwOrsgQXTlqcudY0xLA5cCNw8fqvS	2023-08-04 09:09:54	2	sahla	nissar	\N	1111	1111	dPj2V24wSnmSvKpRrjPEj5:APA91bEUEMLI4bbl_zTNqJf3jhUMn3N9CdDlNxE4LKzrKZOJuif_h3FBjMsthF2YVbXsncyFphzZnew_wapKQkPbA9M8zElf_Al8J1wYAtqaKkfEzIsHmeIJv1LwXy9uwczI-eNr5E17	android	\N	\N	67eb682f83cfd7af	2023-08-04 09:09:54	2023-08-04 09:09:54
21	Sam Mendes	sam123@gmail.com	971	9464646464	0	1	1	$2y$10$mgkAFpKD6O8gTBkMC8Q/1.hOEOWUKndV/TyfygY7TZaR3IRNzxrvm	2023-08-05 10:56:56	2	Sam	Mendes	\N	1111	1111	cTjE4IU2RIe4iVVw2DYPf3:APA91bEswMOCYwaT8ETH8EzbBoDp0AYXplxiNyWZve3Ea-a_h8tX0_H0VWDBDHwqQGdIQIKpe2lF9zV-FEj03Bq16cb7S2cIKDpGGtpTkyvHTkhkIUH_J9ml2gpZyAvRtFsIA_oulhwm	android	\N	\N	f95b7915cc34bc56	2023-08-05 10:56:56	2023-08-05 10:56:56
22	aamir anwar	aamir14@gmail.com	971	1231231	0	1	1	$2y$10$eFvAJf5IBXbUJ3c5phPDRe2PnYizPjVPDAHIoZ64ar7Qv3LFkNMZ.	2023-08-05 13:35:50	2	aamir	anwar	\N	1111	1111	website	website	\N	\N	\N	2023-08-05 13:35:50	2023-08-05 13:35:50
23	aamir anwar	aamir44@admin.com	971	05640050909	0	1	1	$2y$10$yUGKbrxU6ztNhSZbB8q8pujXF5FFRoY8tW0hIJ4UmvxQxOUC1KhQa	2023-08-08 04:31:19	2	aamir	anwar	\N	1111	1111	website	website	\N	\N	\N	2023-08-08 04:31:19	2023-08-08 04:31:19
9	abc ajs	test700@gmail.com	971	845454	0	1	1	$2y$10$GOdmxprFjt7JpWuP/mYrHewHO3Mk.nDJm2AY7np4D8WA1XBX61rh2	2023-08-08 11:43:12	2	abc	ajs	\N	1111	1111	abdhjef ekef kjwf wedfw	iOS	\N	\N	0B00A27A-F857-41E5-B3BC-76756DD34C99	2023-07-31 16:33:03	2023-08-08 11:43:12
24	sahla nissar	sahla1000@gmail.com	971	9444444444	0	1	1	$2y$10$x5tJrbmVECan8AMFU.7rd.UYhinR6RDqe/X2MRNW7faQO0esGvYie	2023-08-08 11:44:58	2	sahla	nissar	\N	1111	1111	abdhjef ekef kjwf wedfw	iOS	\N	\N	F8ACD98D-9A5D-40A0-8E7D-7BBDEFF38ECD	2023-08-08 11:44:58	2023-08-08 11:44:58
25	Jagdish Kumar	jagdish123@gmail.com	971	946464645	0	1	1	$2y$10$uLQAkSc7dup85eLAFQPQu.JcJWda/KNdCHd7A2JU9xIUCe36vPVnm	2023-08-14 11:09:28	2	Jagdish	Kumar	\N	1111	1111	dPCVk0EfSFK7GV2JtpGpLO:APA91bEPDBD0OtGbu8REezu00KPDp3OFd_K9laCfSEvlEQ_mBwPYFbyHMTRfjS2CpgNrsK2k2s8kTatrY1n8J7xqtpL_32jZZLd7I7WpHWIqRKQdm2qzJHnDRNKT-Au82dHK58qnInnG	android	\N	\N	f95b7915cc34bc56	2023-08-14 11:09:28	2023-08-14 11:09:28
38	Devika r	devika@dxbapps.com	971	551657876	0	1	1	$2y$10$7l.8jM9ohQJ.HHXldygGyujDlUtKUDaZmVw2T80JsXYyxj5EH5jD6	2023-08-18 09:22:52	2	Devika	r	\N	1111	1111	website	website	\N	\N	\N	2023-08-18 09:22:52	2023-08-18 09:22:52
39	test test	testdxb1998@gmail.com	971	551462678	0	1	1	$2y$10$rQ3MkSjSxz0pS4qw6ToOsOzZ5V/Xv.0XvvxFpLGgoOyBEXWQ3CERu	2023-08-18 10:42:07	2	test	test	\N	1111	1111	website	website	\N	\N	\N	2023-08-18 10:42:07	2023-08-18 10:42:07
40	rusvin k	rusvinmerak@gmail.com	971	7034526952	0	1	1	$2y$10$OUR23DLtZGOMPjQ7aswU8OjvCKTNQEpF4AyqnxrOWMteTl6E.QA/S	2023-08-19 10:33:04	2	rusvin	k	\N	1111	1111	website	website	\N	\N	\N	2023-08-19 10:33:04	2023-08-19 10:33:04
27	Aamir Aamir	id.aamiranwar@gmail.com	971	1112112	0	1	1	$2y$10$t1C42L1gPu/4K5UCwAh2K.uTZiTyMitQ353hJ5psKYjJxIEU4p4Ce	2023-08-15 11:56:20	2	Aamir	Aamir	\N	1111	1111	website	website	\N	\N	\N	2023-08-15 11:43:38	2023-08-15 11:56:21
28	sahla nissar	sahla10@gmail.com	971	50548463333	0	1	1	$2y$10$nj.hoS3MfxyXbYWMOozomOpNLmTH65otzV0MmsBpXqRL1csJZCkyG	2023-08-15 12:45:28	2	sahla	nissar	\N	1111	1111	website	website	\N	\N	\N	2023-08-15 12:45:28	2023-08-15 12:45:28
26	d dfg	anilnavis@gmail.com	971	456464646	0	1	1	$2y$10$UchiKR27hngRQEgViEdpaOEiLcY34HBb0w7S7zbCiN8ykX4SyYOpq	2023-08-15 12:46:14	2	d	dfg	\N	1111	1111	website	website	\N	\N	\N	2023-08-15 11:37:20	2023-08-15 12:46:14
29	arif naveed	arifnaveed1997@gmail.com	92	3065290598	0	1	1	$2y$10$ySLJl/exGWM9UmpwhMUJx.TXe7fZ79ZvI7qYneP0Pt1r2OwSbIXqS	2023-08-16 06:36:59	2	arif	naveed	\N	1111	1111	dWl0oW_tzkvdmxg89DjO2u:APA91bGgjiK_XvxhKABdyyUYC6eecY1PHO7-X2mwWHRVcmBrOk-WBksBmvuLX2wUuE3j_OoL0mu6IeC6gbDbGkWEHbQWPStqU4RO7Tcs737a8bJFOpi1M9vDsNXJohEErkmyVP5YJxvj	iOS	\N	\N	BD10F1AC-911F-4860-943D-74ECDB9FC4C5	2023-08-16 06:34:43	2023-08-16 06:36:59
30	a sh	test009@gmail.com	971	8484	0	1	1	$2y$10$OXZrpnpxI1ALd5WBJ8pOqudCFwMcRROcIyrnAJbV0LQm5ykQh6/Py	2023-08-16 11:08:31	2	a	sh	\N	1111	1111	eq22aoPYGUXWpH6xtqfdGx:APA91bGKlVqxENRSbuwqjjUmLQNiXgabElHNjnCw6V_4J3jkkAnw39-aRzBT6TPe9QFcSSJCcxmSN6wYVxuK76xeIY12RJiRorECHFIYQ453B-LM2oSLzLw1OSQInuZOyN0kYE6mnrva	iOS	\N	\N	8060B5EE-1BA4-4F8A-AC93-A4DD1D1D7C1A	2023-08-16 11:08:31	2023-08-16 11:08:31
31	rajitha ram	rajitharaji1998@gmail.com	971	551794838	0	1	1	$2y$10$MjtboNwH03QarS2ZCdUOwuCmEzkhT1.EWuRcgOfFSubr3qZzzv8ai	2023-08-17 06:02:07	2	rajitha	ram	\N	1111	1111	foBQrXj_R5y5RoETRo1-Kw:APA91bF7StLBScL9ok_ScpX5H2Pbi1CYqmTOnHeThIiMLbUtiuf5nJ4fqdankC9yDTPyHRhg0RKf4OyscJKcBosfifaIdISHzdmDwkHI5fVMFs0fO5ts0TuiJvZjG_QFT54r3EZ4pm-C	android	\N	\N	d31084414b9a9c32	2023-08-17 06:02:07	2023-08-17 06:02:07
32	ani navis	anil@dxbusinessgroup.com	971	8464664656	0	1	1	$2y$10$m6Pc6DZNqi9Lf9OMzXUavevXNdBMOXgQU97hcrISv1JZIpQF5kdt.	2023-08-17 07:01:07	2	ani	navis	\N	1111	1111	cstl3Zc8mUiwhNqPmvexIM:APA91bFpud0VzjcMek_YVE9dJu-H2Sg-y9GnqCzsaiuviki1ub2pOP0IDpCQdnq2yjplDWkaO-2HWcc7kJ_zMp1nU-7CzEAnObmqoy3bcIKCUWBiLwRUQEH_PQSzWJFYnKgdiZWOmGsT	iOS	\N	\N	6ED9072A-9B74-442B-81E3-D16FB7A5BF12	2023-08-17 07:01:07	2023-08-17 07:01:07
33	Aamir .	aamir2@gmail.com	92	302806638	0	1	1	$2y$10$S1gWedrNe/g2bWXdP3JyOOW5mGlFOizwKB2Yyrzcfs95.kUB8NjPi	2023-08-17 07:02:30	2	Aamir	.	\N	1111	1111	121212	postman	\N	\N	\N	2023-08-17 07:02:30	2023-08-17 07:02:30
34	Nemai Biswas	nbuser01@mailinator.com	91	9832831811	0	1	1	$2y$10$5Lh0pyr/HjDXmqEp7b7GbeO0/YR97T6DjHwvEZk7QS9ll3/JS0Etq	2023-08-17 07:10:00	2	Nemai	Biswas	\N	1111	1111	website	website	\N	\N	\N	2023-08-17 07:10:01	2023-08-17 07:10:01
35	rajitha ramakri	rajitharam1998@gmail.com	971	551794836	0	1	1	$2y$10$5AadbAWrIUjsp9/ce1tvG./X86pX4KUQOEkmhJCBIEipZr8iArjv.	2023-08-17 10:36:31	2	rajitha	ramakri	\N	1111	1111	dvKMU3xme0f0hKv2dCzbB5:APA91bHi7SSXvffk0wfvE_CQB1EmPKcouHqrD-dc_uFowL-g2CopaJNj9xZ26ESYH-yHyT5G5SOGlX0ywE2JaIyJkJBov9I55DUZ75OdZZhJfD1NTb3LCRxSP32UQ4pfT91c5u1Otstr	iOS	\N	\N	8B5860EA-A6A9-470B-A531-618C643257F6	2023-08-17 10:35:43	2023-08-17 10:36:31
36	rajitha ramakrishna	rajithadxb@hotmail.com	971	502693489	0	1	1	$2y$10$QbWdxBJDARRDWUgjeWVyVepytC7AcmoDsGlKOLjTlvnNO0Vfgax6e	2023-08-18 06:49:18	2	rajitha	ramakrishna	\N	1111	1111	website	website	\N	\N	\N	2023-08-18 06:33:08	2023-08-18 06:49:18
37	ram ram	devika@dxbapps.ccom	971	551178292	0	1	1	$2y$10$f/Pfgu.HxrusFuq8cky3nucYuDjaQpgVp37fNQ86HNMyDgqevpx9C	2023-08-18 09:13:06	2	ram	ram	\N	1111	1111	website	website	\N	\N	\N	2023-08-18 09:13:06	2023-08-18 09:13:06
41	test dxb	testdxb18@gmail.com	971	554321456	0	1	1	$2y$10$jVnFhCIUSBbyDHEcjWhuf.CkJYBnVrHz8Q10kRqzhRGwcX4fUx3Wi	2023-08-21 06:49:18	2	test	dxb	\N	1111	1111	website	website	\N	\N	\N	2023-08-21 05:08:41	2023-08-21 06:49:18
42	test sam	rajitha18071998@gmail.com	971	556789098	0	1	1	$2y$10$mgBx1S3UqFeuDm5.Tq63zuqt72w8higdt5YCB5pfCOuEcMcdWgKmq	2023-08-21 07:26:57	2	test	sam	\N	1111	1111	website	website	\N	\N	\N	2023-08-21 07:26:57	2023-08-21 07:26:57
43	fshsh hshs	v@v.com	971	2434384648	0	1	1	$2y$10$.XmBXcWbTsbAheNYEF/HRuPyqd92DcGjgRFFK0pWM4IMS5qblPw0O	2023-08-22 04:29:39	2	fshsh	hshs	\N	1111	1111	ehUdd0kx0EO1oDtJueFKjN:APA91bHEZX37yJSKEQhCrj6M3vceVikLW6-f_k2Xy2amXSgJux49OcQ-vkiORxzQJycMBNFplqC0jTDumxZxIg-fDJ8mh9Sb6O26aX3-Z7MgCkoLuvAMqbLjE5TAYRFUc4Tsjycv8fs2	iOS	\N	\N	6ED9072A-9B74-442B-81E3-D16FB7A5BF12	2023-08-22 04:29:39	2023-08-22 04:29:39
44	Titus Tress	titus@yopmail.com	971	5648876466	0	1	1	$2y$10$8uUzZxm79ZnC3Q1R4zGKIeffOnxwaNQfqAp61q0v.p.E70k6oQH36	2023-08-22 06:25:03	2	Titus	Tress	\N	1111	1111	fMTP61j4REGvcbXGijXWmY:APA91bF4VTAh4nNuf-LcNblPKB5kYPcV2I4xKSmWsKnIiLZJlpS5bhOFqS1tIhgwZV9wqw2dMuvxL2TKTbbvpKzCRvtDZTXzHKnFgh1NeESCdjLRgGBotaEFaEzvHQyjDm-eiYXGhsQk	android	\N	\N	67eb682f83cfd7af	2023-08-22 06:23:41	2023-08-22 06:25:03
45	mathew jo	car10@gmail.com	92	3028066327	0	1	1	$2y$10$oiLkhC2gLYpQnzCDGmVpfukGVXsQioNfsW/9WFqgBsuRFdOiU97q2	2023-08-22 07:20:36	2	mathew	jo	\N	1111	1111	121212	postman	\N	\N	abch	2023-08-22 07:20:36	2023-08-22 07:20:36
46	mat jo	mathewmdy@gmail.com	971	854856528	0	1	1	$2y$10$CmvEzUF3vp/jMLkG8hd93.zcXonYMNgEVqh2JBovdNUpL1WkNZz/G	2023-08-22 07:24:29	2	mat	jo	\N	1111	1111	dft7_WzGR52QWgqBAvBnr5:APA91bHgDi-jjAami61hun073Ti_VxRuxRhcd3eVBdbdo-RfxZK2SVLGrqwCVK5uxbs-y3rHkXiE6laMiOW_19RZeR9dncgEYnLXe-alQ6FIsd3OErgyCJGISpkZUyOjSCtxJCCjthAZ	android	\N	\N	13fde6536645ec11	2023-08-22 07:24:29	2023-08-22 07:24:29
47	Ajesh Kumar	ajeshkumarcd@gmail.com	971	3243434	0	1	1	$2y$10$eJ6VIjVapqxhgAfUbkROfe730B6WpGwd0kWWCXK1WrwQl6TUQ6h2W	2023-08-22 10:52:10	2	Ajesh	Kumar	\N	1111	1111	website	website	\N	\N	\N	2023-08-22 10:52:10	2023-08-22 10:52:10
48	Jagat Kumar	jagat@gmail.com	971	828282882	0	1	1	$2y$10$BbYMmAQN7fBZwC251ME0Ueh9W8P519WYZo9dLiiipzwqJoKIM8irm	2023-08-23 14:34:48	2	Jagat	Kumar	\N	1111	1111	dmP1LkdPQ8OjgbeA38qzMI:APA91bFHzqbJ6AEsfAz4DPqCf3J6OpB-_ZNmQKLfbgLOzr1k20gO7a3ytCNJ-JrcTI_wQjwNvN1TAbYIaopRPSEeH2LLeIWpKeGe7zuvGPPOCLgg3-V0J0V5vg2H1hmvC3ib1-scmvBC	android	\N	\N	80b1c57550d10af2	2023-08-23 14:34:48	2023-08-23 14:34:48
49	Jaspreet Singh	jas123@gmail.com	971	827636363	0	1	1	$2y$10$8xzBXors79sL7Kb67ZZyAepKFRBdyI7ILmg5X46MUnMefJtDzJe6C	2023-08-24 06:02:41	2	Jaspreet	Singh	\N	1111	1111	dmP1LkdPQ8OjgbeA38qzMI:APA91bFHzqbJ6AEsfAz4DPqCf3J6OpB-_ZNmQKLfbgLOzr1k20gO7a3ytCNJ-JrcTI_wQjwNvN1TAbYIaopRPSEeH2LLeIWpKeGe7zuvGPPOCLgg3-V0J0V5vg2H1hmvC3ib1-scmvBC	android	\N	\N	80b1c57550d10af2	2023-08-24 06:02:41	2023-08-24 06:02:41
50	Jagat Kumar	jagat234@gmail.com	971	823332232	0	1	1	$2y$10$qbBD.lTYy7ag7rU6FRYUyuhQYj8W2mjEkFPVtYKO2K/ytR3lhIlYe	2023-08-25 06:41:06	2	Jagat	Kumar	\N	1111	1111	dmP1LkdPQ8OjgbeA38qzMI:APA91bFHzqbJ6AEsfAz4DPqCf3J6OpB-_ZNmQKLfbgLOzr1k20gO7a3ytCNJ-JrcTI_wQjwNvN1TAbYIaopRPSEeH2LLeIWpKeGe7zuvGPPOCLgg3-V0J0V5vg2H1hmvC3ib1-scmvBC	android	\N	\N	80b1c57550d10af2	2023-08-25 06:41:06	2023-08-25 06:41:06
51	dh dd	ab@a.com	971	56868989866	0	1	1	$2y$10$KErVKtnD8tnFnR5Jq74qQOgoWVW6I8Dt3x0ZXizWHQ4VUZFoI.LiK	2023-08-25 07:05:59	2	dh	dd	\N	1111	1111	dft7_WzGR52QWgqBAvBnr5:APA91bHgDi-jjAami61hun073Ti_VxRuxRhcd3eVBdbdo-RfxZK2SVLGrqwCVK5uxbs-y3rHkXiE6laMiOW_19RZeR9dncgEYnLXe-alQ6FIsd3OErgyCJGISpkZUyOjSCtxJCCjthAZ	android	\N	\N	13fde6536645ec11	2023-08-25 07:05:59	2023-08-25 07:05:59
52	hh hh	ab@b.com	971	5656565255	0	1	1	$2y$10$NhrBLKN7UvFrEHBIdLRz7eaT3QQkqFtFuvs8X9ELa4WavFiKQaZCy	2023-08-25 07:21:25	2	hh	hh	\N	1111	1111	dft7_WzGR52QWgqBAvBnr5:APA91bHgDi-jjAami61hun073Ti_VxRuxRhcd3eVBdbdo-RfxZK2SVLGrqwCVK5uxbs-y3rHkXiE6laMiOW_19RZeR9dncgEYnLXe-alQ6FIsd3OErgyCJGISpkZUyOjSCtxJCCjthAZ	android	\N	\N	13fde6536645ec11	2023-08-25 07:21:25	2023-08-25 07:21:25
53	gg fdd	ab@m.com	971	4578685889	0	1	1	$2y$10$zm/FRZKWdxU0nnkCl00zeuBmVKW2n3AIPSECKJ0DwWd1XyMzOrCmC	2023-08-25 07:48:42	2	gg	fdd	\N	1111	1111	dft7_WzGR52QWgqBAvBnr5:APA91bHgDi-jjAami61hun073Ti_VxRuxRhcd3eVBdbdo-RfxZK2SVLGrqwCVK5uxbs-y3rHkXiE6laMiOW_19RZeR9dncgEYnLXe-alQ6FIsd3OErgyCJGISpkZUyOjSCtxJCCjthAZ	android	\N	\N	13fde6536645ec11	2023-08-25 07:48:42	2023-08-25 07:48:42
54	ffk djdu	as@c.com	971	5656565686	0	1	1	$2y$10$HnWu3VfXNWJ9L0JvcAtMK.w47YXWSU0P/qOKJzDhCHh3djsHSREjO	2023-08-25 07:59:04	2	ffk	djdu	\N	1111	1111	dft7_WzGR52QWgqBAvBnr5:APA91bHgDi-jjAami61hun073Ti_VxRuxRhcd3eVBdbdo-RfxZK2SVLGrqwCVK5uxbs-y3rHkXiE6laMiOW_19RZeR9dncgEYnLXe-alQ6FIsd3OErgyCJGISpkZUyOjSCtxJCCjthAZ	android	\N	\N	13fde6536645ec11	2023-08-25 07:59:04	2023-08-25 07:59:04
55	Jagat Kumar	jagat235@gmail.com	971	728883883	0	1	1	$2y$10$hI2/jixuMhSSQActL7DGteg79aeH3K7SL1SSrkIZd/3YsUGLffvgK	2023-08-25 08:16:59	2	Jagat	Kumar	\N	1111	1111	dmP1LkdPQ8OjgbeA38qzMI:APA91bFHzqbJ6AEsfAz4DPqCf3J6OpB-_ZNmQKLfbgLOzr1k20gO7a3ytCNJ-JrcTI_wQjwNvN1TAbYIaopRPSEeH2LLeIWpKeGe7zuvGPPOCLgg3-V0J0V5vg2H1hmvC3ib1-scmvBC	android	\N	\N	80b1c57550d10af2	2023-08-25 08:16:59	2023-08-25 08:16:59
56	Dxb Test	srijaula2@gmail.com	91	9609068110	0	1	1	$2y$10$WpJCqhDaZr0G3uq9HmEGteqG2elntIXOXGRhxuTh12W/uyNMRarAi	2023-09-14 07:12:22	2	Dxb	Test	\N	1111	1111	website	website	\N	\N	\N	2023-09-14 07:12:22	2023-09-14 07:12:22
57	Nasrullah Khan	nasrullah@gmail.com	92	8454613	0	1	1	$2y$10$bF0P5U5V/benvA9q/8xOAuttSCLXlUsCIalYQEhp42xJUgVhxKkFS	2023-09-18 05:54:40	2	Nasrullah	Khan	\N	1111	1111	fPnpwfrVk0HioWIwtHNnTK:APA91bF0gKuZdkKGJXTY4IsiJdFbT0nv9c-NLZDlFu-r5H2rcETg66sNBm7vZm28jVd0aGjzVucJoBojGeyFWHsAQ96jIdn_yph-hfBhwUBKfhWB5liSPJyR5Kll93i1ygMUSnWBubAK	iOS	\N	\N	9BE132B2-309C-4935-9DB2-4F0EE5911758	2023-09-18 05:54:41	2023-09-18 05:54:41
58	anil na	an@an.com	971	546468464	0	1	1	$2y$10$/kXZB2xCb7W7mZYXheoBb.gj3qG8nFfRu7AVeYbfvCsWEauf1WZNm	2023-09-18 11:33:58	2	anil	na	\N	1111	1111	fbKJg8sxnksxvwBZD3c6ym:APA91bEJFZtayLJtUmgrJBnRFCOnPDR4SKS-K3R4eSTEFN5P50jcVILfyQrx7Qjb1gYZfrkKkb5JckgdN3AV0Yt68j9fJ5-j_lcBMsTM81FCF6W5pY1uFe1QjZejPADVZvuuoks30c9j	iOS	\N	\N	6ED9072A-9B74-442B-81E3-D16FB7A5BF12	2023-09-18 11:33:58	2023-09-18 11:33:58
59	new test	newtest@gmail.com	92	4234234	0	1	1	$2y$10$cFy.GWM3qdJlxnmOZAy86.Ly/650N9p9mwbafawMWcrkXIfiwzmwa	2023-09-19 11:04:50	2	new	test	\N	1111	1111	cFEwQN9W30RQkLUX5Wd_so:APA91bGcHWvsCGr6efw6IkE4A3E45Ypebsg81T00kefg0DUEPZO_wHJJnhdT_meNkolyc0JP1Gqnru40mik6SWcm6tM_vvajlUI7uktDgE016sDikWer6QJdIZNTgUvw2idGpXz1dpe4	iOS	\N	\N	F1557FB7-4F75-4C52-9FB3-3D177AD5546B	2023-09-19 11:04:50	2023-09-19 11:04:50
60	Anil navis	1c@1c.com	234	545404684	0	1	1	$2y$10$4eahkv7Wm4m/j1d5gYXupew8ZT8dfjaZxdUyFfwRQLZY501/po.FO	2023-09-19 14:30:46	2	Anil	navis	\N	1111	1111	fYqjCWhxa0Mtr9ovBBCO6c:APA91bHf2FhBvKYmLPkS1Y48aM49MBQXjd8Hk19u8Rpc5BPr8a1FrKA42p_2SbwDosdFwJh1iWf8Ia2Q5eORjE6qml-gXvGhN99iMJ9OwodHwQpjioKLtExAfU_y1ps-rPIzn1c7nY0j	iOS	\N	\N	6ED9072A-9B74-442B-81E3-D16FB7A5BF12	2023-09-19 14:30:46	2023-09-19 14:30:46
61	Hamid Raza	razahamid34@gmail.com	971	3441562554	0	1	1	$2y$10$hAg5E32zkvhdVLmMuG3Foe8Oj/4oTXb.o/LOw6A0.hlP/8BELY7Sq	2023-09-20 05:33:45	2	Hamid	Raza	\N	1111	1111	c9gMPbH6QtONgIs0-ZhGEr:APA91bF0oldZ-7odCPJjcWoywLOSrXE_Fl0DVKagIlAn4ASacWYnaphkAH3MJQw0P6dKreXMVUEt5nv4VgS3UfiGU5m8tmied4FicZaZkAPUGzcUxiTNwBqK7krLuMNkfvFnQnB7M_6K	android	\N	\N	926335654f806901	2023-09-20 05:33:45	2023-09-20 05:33:45
62	test one	test@gmaiil.com	971	3441560319	0	1	1	$2y$10$lhrvp5tLCEQSq3gregj1s.7WuEwbpcsSLxzBdpDjbbR1vscZliofG	2023-10-23 05:55:48	2	test	one	\N	1111	1111	fCgYWpuZTUuyqTgYdeKrGZ:APA91bGMR_KiIoRuXl5W6TNb48jFEvdOY4ArFD1vp8HlsnuzBLCWQ8HCIXOrYU05-5ydY0Tql44iPveD7-Tq1pUDUCd1C7U2zLKcpS6T2n18zccH_qwCZ7sq_6KiKThA-pfIvYLoig3R	android	\N	\N	2636579fb9c3348f	2023-10-23 05:55:48	2023-10-23 05:55:48
64	test new	testnew@gmail.com	234	42424	0	1	1	$2y$10$7vxSZbC9q2IUaJB8KSNMNuhs/d7qAyhShrJS9lXWi4ehEWfUWHCC6	2023-11-03 06:44:47	2	test	new	\N	7734	7734	fyo07_WlYUzol6tkVCzdd4:APA91bGv44nKMTi1gAMoYQg6h-QstH1DVL9LtPN6NvsjpTSo3i1_1OH0VcSbNMrAWl2WeCP_KcsOWZPdQadGWQOR6rwAufjvNelosmGXv0rtdETu9CSSojyPfi-Twoi6vnQ8kb5wFxR3	iOS	\N	\N	7987375C-5A9B-49A8-92F2-FA6A51B982BA	2023-11-03 06:44:47	2023-11-03 06:45:49
65	signup user	aamir.dxbappsa@gmail.com	923	090078603	0	1	1	$2y$10$tdDOaQZadTnuCHHD2iA3LOuI94lO45jsQ5ox.xnhrKQcVjFg8zSge	2023-11-03 07:43:52	2	signup	user	\N	8294	1151	121212	postman	\N	\N	\N	2023-11-03 07:43:40	2023-11-03 07:43:52
1	signup user	aamir.dxbapps@gmail.com	92	30280611	0	1	1	$2y$10$e5b.aAGNYghvKX52Yjbm9uGwpaGLltTaXvCk0eDK/w6bhZhM9lBHq	2023-11-03 05:19:57	2	signup	user	\N	2176	2176	121212	postman	\N	\N	\N	2023-07-20 11:23:04	2023-11-03 05:26:03
63	test name	nasrulahpita3@gmail.com	234	42424243	0	1	1	$2y$10$g3/lV.BWCcrlM4EONa92C.TYqsg0GrBc0mkyJ0bkCzXBvbgFdp58.	2023-11-03 06:39:06	2	test	name	\N	9712	4551	fyo07_WlYUzol6tkVCzdd4:APA91bGv44nKMTi1gAMoYQg6h-QstH1DVL9LtPN6NvsjpTSo3i1_1OH0VcSbNMrAWl2WeCP_KcsOWZPdQadGWQOR6rwAufjvNelosmGXv0rtdETu9CSSojyPfi-Twoi6vnQ8kb5wFxR3	iOS	\N	\N	7987375C-5A9B-49A8-92F2-FA6A51B982BA	2023-11-03 06:36:57	2023-11-03 06:39:06
70	signup user	aamir.dxbappsdd@gmail.com	92	090078603	0	1	1	$2y$10$kVi4D7685NDoyBj12qd8vOya32hjc1vQACle2D4WfgAdB3pnVeGrq	2023-11-03 07:55:38	2	signup	user	\N	8095	1316	121212	postman	\N	\N	\N	2023-11-03 07:55:38	2023-11-03 07:55:38
71	signup user	aamir.dxbappsddd@gmail.com	924	090078603	0	1	1	$2y$10$dBZHGVwDGMimujrf.6MDsepPcuOUZ0auzOo8W2IuUlbjnqB3BQV2C	2023-11-03 07:56:52	2	signup	user	\N	6309	9987	121212	postman	\N	\N	\N	2023-11-03 07:56:52	2023-11-03 07:56:52
72	yuy 	nsjhk@gmail.com	+971	2342342342	0	1	1	$2y$10$dHghIjIRWvk/DZhloX2BVuDW1PSsB0M7KsQiqZiLxEjz9psuAPEoy	2023-12-04 21:43:02	2	yuy	\N	\N	2527	6919	abdhjef ekef kjwf wedfw	iOS	\N	\N	\N	2023-12-04 21:43:02	2023-12-04 21:43:02
73	yuyi 	testhkj@gmail.com	+971	8798798743	0	1	1	$2y$10$43BL5L3e7NxSpKnlwjxrO.RpSlvInyAo2hAxTgrcbCloXbV5hpwDq	2023-12-04 21:45:10	2	yuyi	\N	\N	9050	8192	abdhjef ekef kjwf wedfw	iOS	\N	\N	\N	2023-12-04 21:45:10	2023-12-04 21:45:10
\.


--
-- Data for Name: user_address; Type: TABLE DATA; Schema: public; Owner: postgres
--

COPY public.user_address (id, user_id, street, location, country_id, state_id, city_id, address_type, status, is_default, created_at, updated_at, land_mark, building, latitude, longitude, apartment) FROM stdin;
9	52	S1	1600 Amphitheatre Pkwy, Mountain View, CA 94043, USA,	0	0	0	Home	1	1	2023-06-03 11:56:27	2023-06-03 11:56:31	Near temple	B1			A1
26	75	test	22 60 Street - Al Quoz - Al Quoz 2 - Dubai - United Arab Emirates,	0	0	0	good	1	1	2023-07-28 20:24:45	2023-07-28 20:24:50	\N	test	25.151667113903844	55.26617143303156	test
19	71	hs	19 60 Street - Al Quoz - Al Quoz 2 - Dubai - United Arab Emirates,	0	0	0	hd	1	0	2023-07-21 13:41:51	2023-07-21 13:43:01	hd	sb	25.151631909380786	55.26625894010067	jd
20	71	vd	19 60 Street - Al Quoz - Al Quoz 2 - Dubai - United Arab Emirates,	0	0	0	vddv	1	1	2023-07-21 13:42:41	2023-07-21 13:43:01	\N	vdf	25.151627964045648	55.26625256985426	fbf
1	11	S14	Calicut Airport	0	0	0	Work	0	1	2023-06-01 05:40:11	2023-07-26 13:05:47	Calicut Airport Junction	B13			A12
10	53	S1	1600 Amphitheatre Pkwy, Mountain View, CA 94043, USA,	0	0	0	Home	1	0	2023-06-03 11:59:51	2023-06-03 12:00:42	near temple	B1			A1
11	53	S2	1600 Amphitheatre Pkwy, Mountain View, CA 94043, USA,	0	0	0	Work	1	1	2023-06-03 12:00:17	2023-06-03 12:00:42	near temple	B2			A2
3	2	S1	Calicut Airport	0	0	0	Home	0	0	2023-06-02 04:48:27	2023-06-06 06:26:10	\N	B1			A1
2	2	S14	Calicut Airport	0	0	0	Work	0	0	2023-06-02 04:48:16	2023-06-06 06:26:10	Calicut Airport Junction	B13			A12
4	2	S1	Calicut Airport	0	0	0	Home	0	0	2023-06-02 07:01:01	2023-06-06 06:26:10	\N	B1			A1
6	2	s2	1600 Amphitheatre Pkwy, Mountain View, CA 94043, USA,	0	0	0	Home	1	0	2023-06-02 07:26:14	2023-06-06 06:26:10	near temple	b2			a2
5	2	S1	1600 Amphitheatre Pkwy, Mountain View, CA 94043, USA,	0	0	0	Home	1	0	2023-06-02 07:01:09	2023-06-06 06:26:10	\N	B1			A1
13	2	S1	Calicut Airport	0	0	0	Home	1	1	2023-06-06 06:26:10	2023-06-06 06:26:10	\N	B1			A1
15	59	Basanti Road	5PM8+2HX, Kalidanga, West Bengal 743312, India,	0	0	0	Test	1	0	2023-06-12 09:22:34	2023-06-17 09:17:35	\N	Test	22.182740090096743	88.71653851121664	0125
63	117	123 Street	456Q+465 - Al Barsha - Al Barsha 1 - Dubai - United Arab Emirates	0	0	0	Home	1	0	2023-08-17 08:19:57	2023-08-17 08:22:07	\N	123 Building	25.10974782886976	55.188011447022845	123 Apartment
16	59	test	5PW8+VW, Radhaballavpur, West Bengal 743312, India,	0	0	0	Home	1	1	2023-06-17 09:17:32	2023-06-17 09:17:35	\N	05	22.196662930487722	88.71657572686672	025n
64	117	321 Street	465P+QJ Dubai - United Arab Emirates	0	0	0	Work	1	1	2023-08-17 08:20:38	2023-08-17 08:22:07	321 Landmark	321 Building	25.109409424201157	55.236608309784614	321 Apartment
17	64	S1	1197, Sector 7 Rd, Urban Estate, Ratgal, Sector 7, Kurukshetra, Haryana 136118, India,	0	0	0	Home	1	1	2023-06-21 10:46:13	2023-06-21 10:46:13	near temple	B1	29.96757206893978	76.87327310442924	A1
18	66	St4	M74F+R55 R-park, Nilore, Islamabad, Islamabad Capital Territory, Pakistan,	0	0	0	Home	1	1	2023-07-18 07:40:36	2023-07-18 07:40:36	\N	23	33.65783789022819	73.27312398701906	12
7	49	c1	402, Sector 7 Rd, Urban Estate, Ratgal, Sector 7, Kurukshetra, Haryana 136118, India,	0	0	0	Home	1	1	2023-06-02 08:07:30	2023-06-02 08:07:34	near temple	b1			a1
8	51	S1	1600 Amphitheatre Pkwy, Mountain View, CA 94043, USA,	0	0	0	Home	1	1	2023-06-03 11:48:58	2023-06-03 11:49:02	near temple	B1			A1
28	76	test	Al Manara Tower, 1605, 16th Floor, Business Bay, Post Box 118587 -   -  - United Arab Emirates,	0	0	0	test	0	0	2023-08-03 07:12:23	2023-08-03 07:14:32	test	test	25.184235138595636	55.259998328983784	test
27	76	cddc	Al Manara Tower, 1605, 16th Floor, Business Bay, Post Box 118587 -   -  - United Arab Emirates,	0	0	0	feec	0	0	2023-08-03 07:05:56	2023-08-03 07:14:32	xxv	vddv	25.18423574540799	55.25999866425991	5555
30	76	heloo2	Al Manara Tower, 1605, 16th Floor, Business Bay, Post Box 118587 -   -  - United Arab Emirates,	0	0	0	testing.	0	0	2023-08-03 07:13:41	2023-08-03 07:14:32	demo	hello	25.1842354420018	55.25999799370766	testing
25	54	s1	D-1/10A Budh Vihar Phase-1 delhi - 110086, Lodhi Colony, Sector 3, Rohini, New Delhi, Delhi, 110008, India,	0	0	0	Work	0	0	2023-07-28 08:05:04	2023-08-22 13:24:26	\N	b1	28.704059203840494	77.10249032825232	a1
12	54	S1	364, Sector 7 Rd, Urban Estate, Ratgal, Sector 7, Kurukshetra, Haryana 136118, India,	0	0	0	Home	0	0	2023-06-05 08:53:26	2023-08-22 13:24:26	near temple	B1			A1
42	89	ba	5 Japan Rd, Sector F DHA Phase 1, Rawalpindi, Islamabad Capital Territory 46000, Pakistan	0	0	0	c	1	0	2023-08-05 15:42:11	2023-08-05 15:56:13	\N	b	33.516050423588126	73.11080671888911	a
41	89	d	5 Japan Rd, Sector F DHA Phase 1, Rawalpindi, Islamabad Capital Territory 46000, Pakistan	0	0	0	cc	0	0	2023-08-05 15:39:40	2023-08-05 15:56:13	\N	r	33.516050423588126	73.11080671888911	r
40	89	c	5 Japan Rd, Sector F DHA Phase 1, Rawalpindi, Islamabad Capital Territory 46000, Pakistan	0	0	0	cc	0	0	2023-08-05 15:39:24	2023-08-05 15:56:13	\N	t	33.516050423588126	73.11080671888911	c
70	122	23233	57WH+VV - Downtown Dubai - Dubai - United Arab Emirates	0	0	0	Work	0	0	2023-08-19 12:58:20	2023-09-19 12:19:21	32323	23232	25.1972295	55.27974699999999	22323
56	108	vshs	57M6+J96 - Marasi Dr - Business Bay - Dubai - United Arab Emirates	0	0	0	home	0	0	2023-08-16 04:50:42	2023-09-19 19:34:49	hii	vshhs	25.183627583372402	55.26047415352002	hahs
68	55	s	CB 1/10, Desh Bandhu Nagar, Baguiati, Kolkata, West Bengal 700059, India,	0	0	0	Home	1	1	2023-08-19 07:39:18	2023-08-19 07:39:18	\N	b	22.613644117768523	88.42679958790539	a
29	76	test	Al Manara Tower, 1605, 16th Floor, Business Bay, Post Box 118587 -   -  - United Arab Emirates,	0	0	0	test	0	0	2023-08-03 07:13:12	2023-08-03 07:14:32	test	5700	25.184234228377093	55.259999334812164	demo
32	69	s	712 Street 32, Dhok Mai Nawab Phase 5 Bahria Town, Rawalpindi, Islamabad, Islamabad Capital Territory, Pakistan	0	0	0	office	1	1	2023-08-03 21:32:36	2023-08-07 04:21:18	l	b	33.516049302135514	73.11080753501768	a
34	82	test3	57M6+P6M - Marasi Dr - Business Bay - Dubai - United Arab Emirates	0	0	0	demo	0	0	2023-08-04 13:47:02	2023-08-04 13:52:13	\N	test1	25.18409559666888	55.260360330699505	test1
43	92	he	39695, Saudi Arabia	0	0	0	bzbz	1	0	2023-08-07 05:44:45	2023-08-07 05:44:45	he	he	25.15178242823602	55.26638287816773	ush
36	93	s	Bahria Heights 5, Expressway, Islamabad, Rawalpindi, Islamabad Capital Territory, Pakistan,	0	0	0	jaja	0	0	2023-08-05 15:34:54	2023-08-05 15:34:58	d	b	33.516397484355736	73.11084430664778	a
55	109	gehjsi	892V+XH8 - Industrial Area - Industrial Area 8 - Sharjah - United Arab Emirates	0	0	0	home	1	1	2023-08-16 02:33:46	2023-08-16 02:33:52	hhjsks	gehe	25.28734821696133	55.37093232547421	veheh
50	54	s	JX4X+44W, Street 13, Friends Colony, Rawalpindi, Punjab 46000, Pakistan	0	0	0	Home	0	0	2023-08-11 11:13:00	2023-08-22 13:24:26	\N	b	33.605120818962384	72.99780416118669	a
33	82	tesr	57M6+P6M - Marasi Dr - Business Bay - Dubai - United Arab Emirates	0	0	0	test	0	0	2023-08-04 12:32:28	2023-08-04 13:51:55	\N	tst	25.18398405835782	55.26031056795249	test
47	96	hsh	Saudi Arabia	0	0	0	hdhd	0	0	2023-08-08 12:03:02	2023-08-11 10:59:53	hdhd	heje	25.151658582643613	55.266097283717905	dhhd
35	89	s	5 Japan Rd, Sector F DHA Phase 1, Rawalpindi, Islamabad Capital Territory 46000, Pakistan	0	0	0	home	0	0	2023-08-05 15:22:21	2023-08-05 15:56:13	\N	b	33.516050423588126	73.11080671888911	a
37	89	s	5 Japan Rd, Sector F DHA Phase 1, Rawalpindi, Islamabad Capital Territory 46000, Pakistan	0	0	0	home	0	0	2023-08-05 15:36:44	2023-08-05 15:56:13	\N	b	33.516050423588126	73.11080671888911	a
31	69	street	Bahria Heights 5, Expressway, Islamabad, Rawalpindi, Islamabad Capital Territory, Pakistan,	0	0	0	home	1	0	2023-08-03 20:31:35	2023-08-07 04:21:18	landmark	building	33.51639776388476	73.11084933578968	appartment
58	103	My street	673C+W8M - Dubai - United Arab Emirates,	158	4	9	Home	1	0	2023-08-16 10:27:07	2023-10-14 08:02:59	Default landmark	HeyRock	25.20484832702689	55.27078181505203	0125
38	89	f	5 Japan Rd, Sector F DHA Phase 1, Rawalpindi, Islamabad Capital Territory 46000, Pakistan	0	0	0	v	0	0	2023-08-05 15:37:30	2023-08-05 15:56:13	gg	f	33.516050423588126	73.11080671888911	g
39	89	c	5 Japan Rd, Sector F DHA Phase 1, Rawalpindi, Islamabad Capital Territory 46000, Pakistan	0	0	0	cv	0	0	2023-08-05 15:37:53	2023-08-05 15:56:13	\N	r	33.516050423588126	73.11080671888911	f
51	96	tedt	16 60 Street - Al Quoz - Al Quoz 2 - Dubai - United Arab Emirates	0	0	0	test	1	0	2023-08-11 12:07:51	2023-08-11 12:07:51	tedt	tedt	25.151761471565052	55.266275338502304	test
69	122	Street	673C+W8M - Dubai - United Arab Emirates	0	0	0	Home	0	0	2023-08-19 10:33:44	2023-09-19 12:19:21	Landmark	Apartment	25.2048493	55.2707828	Apartment
62	118	vdbd	Unnamed Road - Downtown Dubai - Dubai - United Arab Emirates	0	0	0	vzbdb	0	0	2023-08-17 07:28:10	2023-09-20 02:11:54	vsbd	gsh	25.198184652493293	55.279362201690674	bsbd
52	90	bebe	79WQ+XWG - Al Qusais Industrial Area - Al Qusais Industrial Area 3 - Dubai - United Arab Emirates	0	0	0	vhb	0	0	2023-08-13 03:14:04	2023-08-15 11:03:40	gwhw	hhww	25.28703093010051	55.37126884190502	gehs
54	90	vshhs	Unnamed Road - Downtown Dubai - Dubai - United Arab Emirates	0	0	0	vbsjd	1	1	2023-08-15 11:03:40	2023-08-15 11:03:40	vsh	vshhs	25.184001047925314	55.260328242406366	ghe
60	112	shhshdjsjs	Al Manara Tower, 1605, 16th Floor, Business Bay, Post Box 118587 -   -  - United Arab Emirates,	0	0	0	home	1	1	2023-08-17 06:03:22	2023-08-17 08:59:15	\N	jdjsjssjz	25.184208742255393	55.25998894125223	82
61	113	fggg	Concourse B - Dubai - United Arab Emirates	0	0	0	cvv	1	1	2023-08-17 07:27:11	2023-08-17 07:27:11	gggh	cvv	25.248771636284374	55.36083698272705	cvv
65	112	downtown	276 Al Khaleej St - Deira - Dubai - United Arab Emirates,	0	0	0	work	1	0	2023-08-17 09:10:48	2023-08-17 09:10:48	\N	27	25.28969072389216	55.32411754131317	67
59	112	jansjjk18282	Al Manara Tower, 1605, 16th Floor, Business Bay, Post Box 118587 -   -  - United Arab Emirates,	0	0	0	home.	1	0	2023-08-17 06:02:54	2023-08-17 08:59:15	\N	49	25.184207225224192	55.25999262928963	6
57	108	xyz	4793+PPG - Dubai - United Arab Emirates	158	3	6	Home	0	0	2023-08-16 06:26:23	2023-09-20 07:15:18	Home	abc	25.119873598579016	55.253490733154294	dfs
53	77	s	CB 1/10, Desh Bandhu Nagar, Baguiati, Kolkata, West Bengal 700059, India,	0	0	0	Home	0	0	2023-08-14 11:12:09	2023-09-19 11:51:12	\N	b	22.613641951270928	88.42679690569639	a
49	77	s	673C+W8M - Dubai - United Arab Emirates,	0	0	0	Home	0	0	2023-08-11 06:25:10	2023-09-19 11:51:12	\N	b	25.20484832702689	55.27078181505203	a
71	119	10A st	Al Manara Tower, 1605, 16th Floor, Business Bay, Post Box 118587 -   -  - United Arab Emirates,	0	0	0	Home	1	1	2023-08-21 06:39:22	2023-08-23 12:53:26	\N	u bora	25.184207225224192	55.2599922940135	6
78	114	fgt	57M6+J96 - Marasi Dr - Business Bay - Dubai - United Arab Emirates	0	0	0	ttt	1	1	2023-08-22 07:01:59	2023-08-22 07:04:23	ggg	tgg	25.184773437249316	55.25990524688044	455
73	127	marasi	Al Manara Tower, 1605, 16th Floor, Business Bay, Post Box 118587 -   -  - United Arab Emirates,	0	0	0	Mahi	1	0	2023-08-22 05:29:35	2023-08-22 06:05:18	\N	812	25.184229677284325	55.25996379554272	al mamara
72	127	marasi	Al Manara Tower, 1605, 16th Floor, Business Bay, Post Box 118587 -   -  - United Arab Emirates,	0	0	0	New	1	1	2023-08-22 05:28:55	2023-08-22 06:05:18	\N	al manara	25.184229373878136	55.25996044278145	812
79	129	marasi	57M6+P6M - Marasi Dr - Business Bay - Dubai - United Arab Emirates	0	0	0	Kevin	0	0	2023-08-22 07:10:27	2023-08-22 07:10:56	\N	iquuw	25.184147048501984	55.260320525041074	812
74	115	al nada	57V8+GV8 - Emaar Blvd - Business Bay - Dubai - United Arab Emirates	0	0	0	home	1	1	2023-08-22 05:34:14	2023-08-22 06:23:48	\N	2	25.184115671126108	55.26031302024464	49
75	115	dwntown	57M6+P6M - Marasi Dr - Business Bay - Dubai - United Arab Emirates	0	0	0	work	1	0	2023-08-22 06:24:39	2023-08-22 06:24:39	\N	2	25.184115671126108	55.26031302024464	2
87	135	dsadsa	57WH+VV - Downtown Dubai - Dubai - United Arab Emirates	0	0	0	Home	1	1	2023-08-22 10:53:08	2023-08-22 10:53:08	dsadsa	sdadsa	25.1972295	55.27974699999999	dsdsa
88	136	lootah	57P6+CV7 - Business Bay - Dubai - United Arab Emirates	0	0	0	home	1	1	2023-08-22 11:38:59	2023-08-22 11:38:59	near lulu	56gjj	25.183627583372402	55.26047415352002	4b
80	129	hshsj	57M6+P6M - Marasi Dr - Business Bay - Dubai - United Arab Emirates	0	0	0	nen	0	0	2023-08-22 07:14:49	2023-08-22 07:22:22	\N	gshsj	25.184126460648272	55.26032201328711	hshsp
81	129	chkkch	57M6+P6M - Marasi Dr - Business Bay - Dubai - United Arab Emirates	0	0	0	hi	1	0	2023-08-22 07:24:43	2023-08-22 07:24:43	\N	chchko	25.184105075602975	55.26031647358065	gdhdo
82	95	nvjv	57M6+P6M - Marasi Dr - Business Bay - Dubai - United Arab Emirates	0	0	0	bb	1	1	2023-08-22 07:42:34	2023-08-22 07:42:50	no	fug	25.184128243778623	55.26035028741532	nv
83	123	bjjgg	57M6+P6M - Marasi Dr - Business Bay - Dubai - United Arab Emirates	0	0	0	home	1	1	2023-08-22 07:45:45	2023-08-22 07:45:56	\N	h	25.184115671126108	55.26031302024464	g
84	126	al wasl	673G+H24 - Al Wasl - Dubai - United Arab Emirates	0	0	0	home	1	1	2023-08-22 08:15:42	2023-08-22 08:15:54	behind bakery	21	25.184115671126108	55.26031302024464	5
85	126	hshshshs	57M6+P6M - Marasi Dr - Business Bay - Dubai - United Arab Emirates	0	0	0	jshshshsj	1	0	2023-08-22 08:58:18	2023-08-22 08:58:18	hshshss	tayah	25.184115671126108	55.26031302024464	2
86	130	nxn	Al Wahat Al Dakhla Desert, New Valley Governorate, Egypt,	0	0	0	cncn	1	1	2023-08-22 09:26:54	2023-08-22 09:26:54	bdb	cncn	24.34632168386579	26.088848970830437	fbcb
77	128	maeado	57M6+P6M - Marasi Dr - Business Bay - Dubai - United Arab Emirates	0	0	0	totisp	1	0	2023-08-22 06:56:17	2023-08-22 06:56:26	\N	fgzjzkp	25.184115606539695	55.26030684594903	vh
76	128	marasi	57M6+P6M - Marasi Dr - Business Bay - Dubai - United Arab Emirates	0	0	0	kevin	1	1	2023-08-22 06:51:34	2023-08-22 06:56:26	\N	812	25.18413759774794	55.260322929566236	al manara
21	54	s	CB 1/10, Desh Bandhu Nagar, Baguiati, Kolkata, West Bengal 700059, India,	0	0	0	Home	0	0	2023-07-26 13:13:31	2023-08-22 13:24:26	near temple	b	22.613632356781142	88.42678751796485	a
22	54	s	CB 1/10, Desh Bandhu Nagar, Baguiati, Kolkata, West Bengal 700059, India,	0	0	0	Home	0	0	2023-07-26 13:13:54	2023-08-22 13:24:26	near temple	b	22.613629880783684	88.42678651213646	a
45	54	s2	CB 1/10, Desh Bandhu Nagar, Baguiati, Kolkata, West Bengal 700059, India,	0	0	0	Work	0	0	2023-08-08 11:42:47	2023-08-22 13:24:26	\N	b2	22.613640094272963	88.42680763453247	a2
44	54	s1	CB 1/10, Desh Bandhu Nagar, Baguiati, Kolkata, West Bengal 700059, India,	0	0	0	Home	0	0	2023-08-08 11:41:55	2023-08-22 13:24:26	\N	b1	22.613641951270928	88.42679388821125	a1
66	119	Al Mustaqbal Street 1c	57M6+P6M - Marasi Dr - Business Bay - Dubai - United Arab Emirates	0	0	0	home	1	0	2023-08-17 10:37:01	2023-08-23 12:53:26	\N	59	25.18411109768021	55.26031606650682	8
67	119	Al Mustaqbal Street 1cvgffd	67W5+899 - Dubai - United Arab Emirates	0	0	0	Home	1	0	2023-08-17 12:44:29	2023-08-23 12:53:26	hhjgyg	yuuhh			4
89	119	al nada	121 Umm Suqeim St - Dubai - United Arab Emirates	0	0	0	Work	1	0	2023-08-22 12:23:11	2023-08-23 12:53:26	\N	7	25.119913972472943	55.20724296569824	34
46	54	s1	CB 1/10, Desh Bandhu Nagar, Baguiati, Kolkata, West Bengal 700059, India,	0	0	0	Home	0	0	2023-08-08 11:46:26	2023-08-22 13:24:26	\N	b1	22.613640713272286	88.42679053544997	a1
48	54	s	CB 1/10, Desh Bandhu Nagar, Baguiati, Kolkata, West Bengal 700059, India,	0	0	0	Home	0	0	2023-08-08 12:37:32	2023-08-22 13:24:26	\N	b	22.61364628426609	88.42679757624865	a
14	54	S3	364, Sector 7 Rd, Urban Estate, Ratgal, Sector 7, Kurukshetra, Haryana 136118, India,	0	0	0	Work	0	0	2023-06-06 14:30:31	2023-08-22 13:24:26	near temple	B3	29.967595886039916	76.87320973724127	A3
23	54	s3	CB 1/10, Desh Bandhu Nagar, Baguiati, Kolkata, West Bengal 700059, India,	0	0	0	Home	0	0	2023-07-26 13:14:35	2023-08-22 13:24:26	near temple	b2	22.613635451777924	88.4267895296216	a1
24	54	z	CB 1/10, Desh Bandhu Nagar, Baguiati, Kolkata, West Bengal 700059, India,	0	0	0	Work	0	0	2023-07-26 13:15:45	2023-08-22 13:24:26	near bazaar	y	22.61363607077727	88.42678885906935	x
90	54	fasdf	Al Quoz - Al Quoz 2 - Dubai - United Arab Emirates	0	0	0	dfa	1	1	2023-08-22 13:24:26	2023-08-22 13:24:26	dfa	dfa			dfsafd
92	137	s	7-1, Deshbandhu Nagar, Raghunathpur, Desh Bandhu Nagar, Baguiati, Kolkata, West Bengal 743423, India,	0	0	0	Home	1	1	2023-08-30 06:22:27	2023-08-30 06:22:27	\N	b	22.613895740757574	88.42781748622656	a
94	139	0876	673C+W8M - Dubai - United Arab Emirates	0	0	0	Home	1	1	2023-09-14 07:32:03	2023-09-14 07:32:03	dxb	Test			25
95	139	Basanti Highway	5PM8+2HX, Kalidanga, West Bengal 743312, India,	0	0	0	Demo	1	0	2023-09-18 04:10:53	2023-09-18 04:10:53	\N	207	22.18279504158587	88.71653750538826	25
99	140	street	1800 Ellis St, San Francisco, CA 94115, USA	158	3	5	nick	0	0	2023-09-18 09:25:59	2023-09-20 06:53:55	land	buiding	37.785834	-122.406417	apartment
109	122	sssssss	673C+W8M - Dubai - United Arab Emirates	158	4	7	Home	1	0	2023-09-19 11:13:02	2023-09-19 12:19:21	\N	sdd			ssssssss
105	122	Street	673C+W8M - Dubai - United Arab Emirates	158	4	8	Home	1	0	2023-09-19 10:30:25	2023-09-19 12:19:21	\N	Building			apartment
102	139	demo	X752+XF6, Garki 900102, Immigration Quarters, Federal Capital Territory, Nigeria,	158	4	9	Default	1	0	2023-09-19 04:54:15	2023-09-19 04:54:15	demo	00	8.959909590655135	7.251129783689975	00
91	77	s	673C+W8M - Dubai - United Arab Emirates,	0	0	0	Home	0	0	2023-08-23 07:03:31	2023-09-19 11:51:12	\N	b	25.20484832702689	55.27078181505203	a
110	77	s1	CB 1/10, Desh Bandhu Nagar, Baguiati, Kolkata, West Bengal 700059, India,	158	4	9	Home	1	1	2023-09-19 11:51:12	2023-09-19 11:51:12	\N	b1	22.613676924728004	88.426814340055	a1
93	122	sasas	673C+W8M - Dubai - United Arab Emirates	0	0	0	Home	0	0	2023-09-04 11:51:58	2023-09-19 12:19:21	asas	asasa			sa
96	122	S1	Calicut Airport	158	3	4	Home	0	0	2023-09-18 05:01:00	2023-09-19 12:19:21	\N	B1			A1
111	108	gshs	57M6+J96 - Marasi Dr - Business Bay - Dubai - United Arab Emirates	158	6	15	Home	1	1	2023-09-19 12:04:39	2023-09-19 19:34:49	bb	shhs			shs
108	122	dsa	673C+W8M - Dubai - United Arab Emirates	158	5	12	Home	0	0	2023-09-19 11:11:40	2023-09-19 12:19:21	fdsf	dsad			test
100	140	street name	1800 Ellis St, San Francisco, CA 94115, USA	158	5	13	nick3	0	0	2023-09-18 09:36:06	2023-09-20 06:53:55	land	building	37.785834	-122.406417	new
97	122	street	11 Al Barsha 2 Street - Al Barsha - Al Barsha 2 - Dubai - United Arab Emirates	158	4	9	Home	1	1	2023-09-18 05:49:18	2023-09-19 12:19:21	landmark	building			Apartment
101	140	df	750-730 Co Rd 1900, Crete, NE 68333, USA	158	5	10	ds	0	0	2023-09-18 09:51:10	2023-09-20 06:53:55	fdsc	bulding	37.785834	-122.406417	tes 2e23
115	145	hhjjsks	79QC+CGQ - Al Nahda - Al Nahda 2 - Dubai - United Arab Emirates,	158	6	15	home	1	1	2023-09-19 20:35:27	2023-09-19 20:35:27	bnnks	hjs	25.28825502980605	55.37172205746174	2yw
106	140	street	1800 Ellis St, San Francisco, CA 94115, USA	158	6	15	nick	0	0	2023-09-19 10:55:41	2023-09-20 06:53:55	\N	building	37.785834	-122.406417	test
113	140	Street	5 Japan Rd, Sector F DHA Phase 1, Rawalpindi, Islamabad Capital Territory 46000, Pakistan	158	6	14	Phase 7	0	0	2023-09-19 15:52:43	2023-09-20 06:53:55	Land Mark	Building	33.51600915128592	73.11079618995815	Rawalpindi
104	108	gshs	57M6+J96 - Marasi Dr - Business Bay - Dubai - United Arab Emirates	158	6	15	b	0	0	2023-09-19 08:05:28	2023-09-20 07:15:23	sbs	gshs	25.183740644323848	55.26043780635825	shus
107	143	street	1800 Ellis St, San Francisco, CA 94115, USA	158	3	6	nick	1	1	2023-09-19 11:05:35	2023-09-19 11:05:35	\N	building	37.785834	-122.406417	test
117	146	street	6FHM+7XF, Daska, Sialkot, Punjab, Pakistan,	158	4	9	default	0	0	2023-09-20 06:09:36	2023-09-20 06:21:40	landmark	building	32.22805320821711	74.48498323559761	apartment
118	146	street	6FHM+7XF, Daska, Sialkot, Punjab, Pakistan,	158	4	9	nickname	1	1	2023-09-20 06:21:40	2023-09-20 06:21:40	landmark	building	32.22805320821711	74.48498323559761	apartment
112	103	s3	673C+W8M - Dubai - United Arab Emirates,	158	4	7	h	1	0	2023-09-19 12:57:56	2023-10-14 08:02:59	\N	b3	25.20484832702689	55.27078181505203	a1
98	103	s2	673C+W8M - Dubai - United Arab Emirates,	158	4	9	Work	1	1	2023-09-18 08:13:53	2023-10-14 08:02:59	\N	b2	25.20484832702689	55.27078181505203	a2
116	140	street	M32Q+5VF, Dhoke Kala Khan, Rawalpindi, Punjab 46000, Pakistan	158	4	7	nickname	0	0	2023-09-20 05:20:10	2023-09-20 06:53:55	\N	bulding	33.65042522843371	73.08973848398644	test
114	140	Test	15 Street 39, Soan Gardens Block H Extension Islamabad, Islamabad Capital Territory, Pakistan	158	6	15	Barsati	0	0	2023-09-19 15:53:40	2023-09-20 06:53:55	\N	building	33.55497646279913	73.16582959145308	Brasti
119	140	street	M32Q+5VF, Dhoke Kala Khan, Rawalpindi, Punjab 46000, Pakistan	158	4	9	nick	0	0	2023-09-20 06:30:10	2023-09-20 06:53:55	lamdmark	building	33.65042522843371	73.08973848398644	test
120	140	street	M32Q+5VF, Dhoke Kala Khan, Rawalpindi, Punjab 46000, Pakistan	158	4	9	nick	0	0	2023-09-20 06:30:38	2023-09-20 06:53:55	land	building	33.65036582302845	73.08975477461466	test
122	140	str	1800 Ellis St, San Francisco, CA 94115, USA	158	5	13	nick	1	1	2023-09-20 06:53:51	2023-09-20 06:53:55	land	bulding	37.785834	-122.406417	apartment
121	140	street	1800 Ellis St, San Francisco, CA 94115, USA	158	4	9	nick	0	0	2023-09-20 06:53:13	2023-09-20 06:53:58	land	bulding	37.785834	-122.406417	apartemnt
\.


--
-- Data for Name: user_favorites; Type: TABLE DATA; Schema: public; Owner: postgres
--

COPY public.user_favorites (id, user_id, fav_user_id, created_at, updated_at) FROM stdin;
\.


--
-- Data for Name: user_follows; Type: TABLE DATA; Schema: public; Owner: postgres
--

COPY public.user_follows (id, user_id, follow_user_id, created_at, updated_at, request_accept_status) FROM stdin;
\.


--
-- Data for Name: user_locations; Type: TABLE DATA; Schema: public; Owner: postgres
--

COPY public.user_locations (id, user_id, lattitude, longitude, created_at, updated_at, location_name) FROM stdin;
\.


--
-- Data for Name: user_privileges; Type: TABLE DATA; Schema: public; Owner: postgres
--

COPY public.user_privileges (id, user_id, designation_id, privileges, status, created_at, updated_at) FROM stdin;
\.


--
-- Data for Name: user_profile_view_insights; Type: TABLE DATA; Schema: public; Owner: postgres
--

COPY public.user_profile_view_insights (id, viewed_user_id, viewed_profile_user_id, created_at, updated_at) FROM stdin;
\.


--
-- Data for Name: user_reports; Type: TABLE DATA; Schema: public; Owner: postgres
--

COPY public.user_reports (id, user_id, reported_user_id, reason, created_at, updated_at, problem_id) FROM stdin;
\.


--
-- Data for Name: user_vehicle; Type: TABLE DATA; Schema: public; Owner: postgres
--

COPY public.user_vehicle (id, vehicle_type, user_id, vehicle_front, vehicle_back, vehicle_registration, driving_license, deleted, created_at, updated_at) FROM stdin;
\.


--
-- Data for Name: users; Type: TABLE DATA; Schema: public; Owner: postgres
--

COPY public.users (id, name, email, dial_code, phone, phone_verified, password, email_verified_at, role, first_name, last_name, user_image, user_phone_otp, user_device_token, user_device_type, user_access_token, firebase_user_key, remember_token, created_at, updated_at, country_id, state_id, city_id, area, active, deleted, display_name, business_name, email_verified, user_email_otp, dob, vendor, store, previllege, about_me, verified, designation_id, is_private_profile, user_name, gender, website, wallet_amount, password_reset_code, password_reset_time, password_reset_otp, privacy_id, send_notification, mute_message, commission, public_business_info, facebook_url, instagram_url, linkedin_url, is_social, twitter_url, tiktok_url, user_type_id, activity_type_id, commercial_license, commercial_reg_no, associated_license, res_dial_code, res_phone, address, business_type_id, admin_commission_perc, residence_no, nationality, rating, rated_users, banner_image, hide_profile, temp_dial_code, temp_mobile) FROM stdin;
1	Admin	admin@admin.com	971	112233445566778899	1	$2y$10$ebxVsVoI50ncAjuBWd.xkemjCy.lZIqcUlvb4DAbUHIXvzEnQRhnO	\N	1	\N	\N	\N	1182		\N	899779294ed27e280dee92be6c2c7ea218ec536c2e8ffe52edacc2858c80107d	-N_llphiQWFA-jtQhYak	\N	\N	2023-11-03 05:22:22	0	0	0	0	0	1	\N	\N	0	5647	\N	0	0	0	\N	0	\N	0	\N	1	\N	0	\N	\N	\N	999999	1	0	\N	0	\N	\N	\N	0	\N	\N	\N	\N	\N	\N	\N	\N	\N	\N	\N	0	\N	\N	0	0	\N	0		
11	irfan p p	test@4.com	91	96330499574	1	$2y$10$weL0ZZLyC6QGVQGOo4griudS7KIND/cGYB4Llj4zW4HdCRKu0QaRu	2023-05-29 06:34:40	2	irfan	p p	\N	4665	fcm_token	android	90c30f3c83a9a2a11be864648407b67c531cdaf7a4ec0f3e12e1fa1b3e2a3de5	-NWaCoxyO4ya8a8Jd3v3	\N	2023-05-29 06:34:40	2023-06-03 05:52:01	0	0	0	0	1	0	\N	\N	1	8750	\N	0	0	0	\N	0	\N	0	\N	1	\N	0	\N	\N	\N	999999	1	0	\N	0	\N	\N	\N	0	\N	\N	\N	\N	\N	\N	\N	\N	\N	\N	\N	0	\N	\N	0	0	\N	0		
9	Test 1	test@2.com	91	9633049958	1	$2y$10$z1J2NznyjSK1j7/GX.dh7.O5g4hbfcrjJbkhfs2mZJUXX1lIme2G2	2023-05-29 04:47:43	2	Test	1	\N	7220	121212	ios	\N	-NW_pLO_Pn-s7hBMSwic	\N	2023-05-29 04:47:43	2023-05-29 04:47:44	0	0	0	0	1	0	\N	\N	1	7518	\N	0	0	0	\N	0	\N	0	\N	1	\N	0	\N	\N	\N	999999	1	0	\N	0	\N	\N	\N	0	\N	\N	\N	\N	\N	\N	\N	\N	\N	\N	\N	0	\N	\N	0	0	\N	0		
6	Irfan pkl	mippkl@gmail1.com__deleted_account6	\N	0__deleted_account6	0	$2y$10$1xtxNOm2pvJHcJezdXDFouJbgsOvsLAM7sivzPdfbKdw24he6P9j2	2023-05-27 08:27:28	2	Irfan pkl		\N	\N		android		-NWRJSrkXIgSwAleymov	\N	2023-05-27 08:27:28	2023-05-27 08:52:01	0	0	0	0	1	1	\N	\N	1	\N	\N	0	0	0	\N	0	\N	0	\N	1	\N	0	\N	\N	\N	999999	1	0	\N	0	\N	\N	\N	1	\N	\N	\N	\N	\N	\N	\N	\N	\N	\N	\N	0	\N	\N	0	0	\N	0		
5	Test 1	test@1.com	91	9633049957	1	$2y$10$EtBo87g8Qc2Tlil2SiqeF.cVAMFUM5aT/OUYKrUz88NnAxkplYqg2	2023-05-27 08:22:58	2	\N	\N	16855838226477f7cede86c.png	1875	121212	android	\N	-NWRIQv0ynAw-GhYqbDI	\N	2023-05-27 08:22:58	2023-06-01 01:43:42	0	0	0	0	1	0	\N	\N	1	6609	\N	0	0	0	\N	0	\N	0	Test 1	1	\N	0	\N	\N	\N	999999	1	0	\N	0	\N	\N	\N	0	\N	\N	\N	\N	\N	\N	\N	\N	\N	\N	\N	0	\N	\N	0	0	\N	0		
19	Ajay Sharma	ajay@gmail.com	91	7445144541	1	$2y$10$qmHmSr9VhVEQ6C2NfnFlguRG2t.3t1sScefFhkx9ocD0ECXDBVIpC	2023-05-29 12:56:54	2	Ajay	Sharma	\N	6230	fcm_token	android	273dfbe7b18696c02e4f09c0fc27734f6af66c5a657e9d79d0c54d1d860c0966	-NWb_IzP_T-BskNS5uir	\N	2023-05-29 12:56:54	2023-05-31 11:47:33	0	0	0	0	1	0	\N	\N	1	7775	\N	0	0	0	\N	0	\N	0	\N	1	\N	0	13baf15378299eb6079319ce4c763489422b3367850bf4e0171d36f5d2275959	2023-05-31 11:47:33	1339	999999	1	0	\N	0	\N	\N	\N	0	\N	\N	\N	\N	\N	\N	\N	\N	\N	\N	\N	0	\N	\N	0	0	\N	0		
3	Hop	hope@admin.com	971	5474747455	1	$2y$10$MC5manwEKCB8u8z5UW9mvOUkfI9Jpt4361dNV7rzgXyiySs/OLNaK	\N	3			1683723426645b94a254a5e.jpg	\N	\N	\N	\N	\N	\N	2023-05-10 12:57:06	2023-08-22 08:11:39	229	1	1	0	1	0	\N	\N	1	\N	\N	0	0	0	\N	1	\N	0	\N	1	\N	0	\N	\N	\N	999999	1	0	\N	0	\N	\N	\N	0	\N	\N	\N	\N	\N	\N	\N	\N	\N	\N	\N	0	\N	\N	0	0	\N	0		
13	hhgg ghfbb	gjhh@txg.com	91	+923126646515	1	$2y$10$pNds5Bf3RenrdtJmoNdxGOelqBmtVmPnOCjiarOy/ftdNHogSBoaa	2023-05-29 07:41:19	2	hhgg	ghfbb	\N	3087	121212	ios	0b0434528dc1cb18f201aa364a0bc1fc1b12e688655c59ca0301a7498dea1b4d	-NWaS4D9cOQ2j9K6Zz09	\N	2023-05-29 07:41:19	2023-05-29 07:41:19	0	0	0	0	1	0	\N	\N	1	8879	\N	0	0	0	\N	0	\N	0	\N	1	\N	0	\N	\N	\N	999999	1	0	\N	0	\N	\N	\N	0	\N	\N	\N	\N	\N	\N	\N	\N	\N	\N	\N	0	\N	\N	0	0	\N	0		
10	Test 1	test@3.com	91	96330499571	1	$2y$10$xBVY3hHpvQNr0Wwe.YF/IuaBiYGRmMFy4mDpj65dzAedXYAF7Ge1K	2023-05-29 06:32:48	2	Test	1	\N	8998	121212	android	4d1963ac30e82bad15a5b2c839e59a7018a91c42d96efedd7d07e10f06ed53fb	-NWaCOdbOlQrLVNXgG28	\N	2023-05-29 06:32:48	2023-05-29 06:32:49	0	0	0	0	1	0	\N	\N	1	7119	\N	0	0	0	\N	0	\N	0	\N	1	\N	0	\N	\N	\N	999999	1	0	\N	0	\N	\N	\N	0	\N	\N	\N	\N	\N	\N	\N	\N	\N	\N	\N	0	\N	\N	0	0	\N	0		
15	Sunil Sharma	sunil2@gmail.com	91	9633049888	1	$2y$10$yQKHoVPZZXa15arsmYZWL.kY/SS4oMy9hfGOwqmOdHE7mp4qyNxHW	2023-05-29 10:04:32	2	Sunil	Sharma	\N	5707	121212	android	601069990915966a3cf308e38910539d96c3a87a064f3eeff8af706dd9954cf6	-NWaxrHwNBvmKsTgyDcg	\N	2023-05-29 10:04:32	2023-05-29 10:04:33	0	0	0	0	1	0	\N	\N	1	2223	\N	0	0	0	\N	0	\N	0	\N	1	\N	0	\N	\N	\N	999999	1	0	\N	0	\N	\N	\N	0	\N	\N	\N	\N	\N	\N	\N	\N	\N	\N	\N	0	\N	\N	0	0	\N	0		
8	Mub Murtaza	mubashermurtaza@gmail.com__deleted_account8	91	923126646594__deleted_account8	1	$2y$10$uyFcqzJ6aVm3Izh1AmmCLuvwDEbP29zUSUG5UMaAQ98ai.UYFEo9e	2023-05-28 18:24:23	2	Mub	Murtaza	\N	2450		ios		-NWYafScGxm9FXCZT6of	\N	2023-05-28 18:24:23	2023-05-28 19:01:07	0	0	0	0	1	1	\N	\N	1	6110	\N	0	0	0	\N	0	\N	0	\N	1	\N	0	\N	\N	\N	999999	1	0	\N	0	\N	\N	\N	0	\N	\N	\N	\N	\N	\N	\N	\N	\N	\N	\N	0	\N	\N	0	0	\N	0		
18	Sunil Sharma	sunil4@gmail.com	91	9748451515	1	$2y$10$ikr2ShOVeEDIRSSX7xucqu4cBs8wuWUlijwyu3tIgsoYU8i9/U5x.	2023-05-29 12:54:25	2	Sunil	Sharma	\N	3142	fcm_token	android	0bfac7cd4604f0b8e476b3eaa8013ab0179ac611ead814e75db7cf1fd8c59931	-NWbZjepJgCUqZDhGOsg	\N	2023-05-29 12:54:25	2023-05-29 12:54:25	0	0	0	0	1	0	\N	\N	1	5301	\N	0	0	0	\N	0	\N	0	\N	1	\N	0	\N	\N	\N	999999	1	0	\N	0	\N	\N	\N	0	\N	\N	\N	\N	\N	\N	\N	\N	\N	\N	\N	0	\N	\N	0	0	\N	0		
12	Test 1	test@dxb.com	91	9633049959	1	$2y$10$Dl.hKytNGAxdttCRY2kKB.tlhxyXNMQ0f1WksiH3rQEcpKkq/uc6S	2023-05-29 06:36:47	2	Test	1	\N	3551	121212	ios	8096d6cb04c106cdc906e9008b0362d5e5eb9df9c0d120f6c4f32c23d6afacb8	-NWaDJ-9taQnBQtzlCgL	\N	2023-05-29 06:36:47	2023-05-29 06:36:48	0	0	0	0	1	0	\N	\N	1	2095	\N	0	0	0	\N	0	\N	0	\N	1	\N	0	\N	\N	\N	999999	1	0	\N	0	\N	\N	\N	0	\N	\N	\N	\N	\N	\N	\N	\N	\N	\N	\N	0	\N	\N	0	0	\N	0		
2	Ryan J	ryan@test.com	1	-9595448	1	$2y$10$36O21NV56iBVYCTQfJwDiug9fPOxm1gCZXBZq26XqTZ9Thy5.dvR6	\N	2	Ryan	J	1685965896647dcc4871c49.png	\N	1111	\N	34d1070a8fee16b2b601e3552872fa5ae1a47cbce4f94a9809d49634fa15aa58	-NVr5h_HV5ED80dFg171	\N	2023-05-10 00:31:53	2023-06-22 10:55:08	0	0	0	0	1	0	\N	\N	0	\N	\N	0	0	0	\N	0	\N	0	Ryan	1	\N	0	\N	\N	\N	999999	1	0	\N	0	\N	\N	\N	0	\N	\N	\N	\N	\N	\N	\N	\N	\N	\N	\N	0	\N	\N	0	0	\N	0		
14	Irfan pkl	mippkl@gmail1.com	\N	0	0	$2y$10$hmsLqy.jEms8Hk3Zi1v8c.7nYn/SSuFEOsWdHM/KBWpGyz0D2Q8pG	2023-05-29 09:24:19	2	Irfan pkl		\N	\N	fE6cQAV9SneFIN7sfKNUQP:APA91bG2wQjtWJ6yooAnS04Ftsuq28Gfftsjn3FnaC0u7JeXC7ooFBVeDu9WzxKsio0U4LRqlHK4Hkn42gAiuptL8UkGo70Ale4eVLW_mQyUcyvyKJVlF89TMEwVuneZJJmzm0_0wdyD	ios	be50fa177edaa667473b96bb39dff940e22834a58abfaea44be4ebf703d0b934	-NWaoe8yxPW5bIvh-rdP	\N	2023-05-29 09:24:19	2023-05-29 11:05:36	0	0	0	0	1	0	\N	\N	1	\N	\N	0	0	0	\N	0	\N	0	\N	1	\N	0	\N	\N	\N	999999	1	0	\N	0	\N	\N	\N	1	\N	\N	\N	\N	\N	\N	\N	\N	\N	\N	\N	0	\N	\N	0	0	\N	0		
4	Sady	sadiya@gmail.com	\N	123455	0	$2y$10$TJYeNh7k9SgaS/ceXwOBYuzBjapLS8Cm9tLGkghKiz6FOWususGNq	\N	1	Sadiya	Zehra	\N	\N	\N	\N	\N	\N	\N	2023-05-16 11:08:22	\N	0	0	0	0	0	1	\N	\N	0	\N	\N	0	0	0	\N	0	1	0	\N	1	\N	0	\N	\N	\N	999999	1	0	\N	0	\N	\N	\N	0	\N	\N	\N	\N	\N	\N	\N	\N	\N	\N	\N	0	\N	\N	0	0	\N	0		
17	Sunil Sharma	sunil3@gmail.com	91	9633049881	1	$2y$10$ugSK.EDBoG/m5ApswN.mauGegwOuw8NozFKCq1eS24oRsGwhLuca2	2023-05-29 12:50:21	2	Sunil	Sharma	\N	6103	121212	android	c3bc2f86f58ef91d0d720fbddbf32d13ced1e1d4e242464e620634452b81bed0	-NWbYoERN-zGW8RaT68n	\N	2023-05-29 12:50:21	2023-05-29 12:50:22	0	0	0	0	1	0	\N	\N	1	3995	\N	0	0	0	\N	0	\N	0	\N	1	\N	0	\N	\N	\N	999999	1	0	\N	0	\N	\N	\N	0	\N	\N	\N	\N	\N	\N	\N	\N	\N	\N	\N	0	\N	\N	0	0	\N	0		
16	test	test@gmail.com	\N	0	0	$2y$10$0UoF.av60XojjEAwZfJVtejv9QXucV03WPLrnbhWZsZUypMqqOuBm	2023-05-29 11:47:39	2	test		\N	\N	54D74CFD-4E9E-4494-89BB-D7212B31A85F	ios	03170cbd3073e4458436caf5291fd643e5606706c8f615f900dfaf115557a966	-NWbKSjSnemZlUSaGvbk	\N	2023-05-29 11:47:39	2023-05-30 04:39:45	0	0	0	0	1	0	\N	\N	1	\N	\N	0	0	0	\N	0	\N	0	\N	1	\N	0	\N	\N	\N	999999	1	0	\N	0	\N	\N	\N	1	\N	\N	\N	\N	\N	\N	\N	\N	\N	\N	\N	0	\N	\N	0	0	\N	0		
21	Sunil Sharma	sunil32@gmail.com	91	9633049883	1	$2y$10$coF9bdGGnP/FW/9b6AvGD.w8KjFO3.Cga3QB7/XrKhkp8BRtin4IK	2023-05-29 13:02:58	2	Sunil	Sharma	\N	2407	121212	android	b2c93025820d6bf9c0b7f17c843f3260b9c255783b7079aa7de9eac78e5829a6	-NWbagxLhdfu81S7Ac7F	\N	2023-05-29 13:02:58	2023-05-29 13:02:59	0	0	0	0	1	0	\N	\N	1	7874	\N	0	0	0	\N	0	\N	0	\N	1	\N	0	\N	\N	\N	999999	1	0	\N	0	\N	\N	\N	0	\N	\N	\N	\N	\N	\N	\N	\N	\N	\N	\N	0	\N	\N	0	0	\N	0		
22	Ajay Kumar	ajay21@gmail.com	971	74464949794	1	$2y$10$DtieWXPELEKKT9SWgQ2d9eoW0zFE2EkWbIFkMlU2UtsISulC/3fiC	2023-05-29 13:08:01	2	Ajay	Kumar	\N	9016	fcm_token	android	11ca8caca127bd863a369fe16a247eb427dd1d7b92881bc788a2ec9001435c81	-NWbbqwAzQgP7wdWVnU8	\N	2023-05-29 13:08:01	2023-05-29 13:08:02	0	0	0	0	1	0	\N	\N	1	8965	\N	0	0	0	\N	0	\N	0	\N	1	\N	0	\N	\N	\N	999999	1	0	\N	0	\N	\N	\N	0	\N	\N	\N	\N	\N	\N	\N	\N	\N	\N	\N	0	\N	\N	0	0	\N	0		
28	Test 1	test@16.com__deleted_account28	91	96330499594__deleted_account28	0	$2y$10$bwGZphokgUOlGGKG6lRv7OZyprNTY/VG5kGBAxFSOuahUEzKSY3bq	2023-05-31 05:56:20	2	Test	1	\N	6476		android		-NWkNDtVAto1aaHGLz35	\N	2023-05-31 05:56:20	2023-05-31 05:57:02	0	0	0	0	1	1	\N	\N	1	8880	\N	0	0	0	\N	0	\N	0	\N	1	\N	0	\N	\N	\N	999999	1	0	\N	0	\N	\N	\N	0	\N	\N	\N	\N	\N	\N	\N	\N	\N	\N	\N	0	\N	\N	0	0	\N	0		
26	Test 1	test@6.com	91	96330499545	1	$2y$10$wHRMlYbWgh/3rE7jiH64Te4DeIA3FqG.mp60et.NQhWQWmtioi7SS	2023-05-31 04:02:19	2	Test	1	\N	\N	121212	android	6661c1c47e2a915af732cfd2d265ba649190b94dec92b8a0fbcac94d682dfa0d	-NWjy7lBkvpbcco-xOI4	\N	2023-05-31 04:02:19	2023-05-31 04:05:13	0	0	0	0	1	0	\N	\N	1	4842	\N	0	0	0	\N	0	\N	0	\N	1	\N	0	\N	\N	\N	999999	1	0	\N	0	\N	\N	\N	0	\N	\N	\N	\N	\N	\N	\N	\N	\N	\N	\N	0	\N	\N	0	0	\N	0		
29	Test 1	test@16.com	91	96330499594	0	$2y$10$zAtqXYoGI5XDJrInHBsg1uPsvbnCFk8P9Buw5H31cOK1p9fhppt7O	2023-05-31 05:57:47	2	Test	1	\N	1520	121212	android	8326e03eb60b6155b65f7466b227bcf9ba0eb28cc7a5a3200c8fde605eac604c	-NWkNZ5zcMglQ7jKp1cH	\N	2023-05-31 05:57:47	2023-05-31 05:57:47	0	0	0	0	1	0	\N	\N	1	1412	\N	0	0	0	\N	0	\N	0	\N	1	\N	0	\N	\N	\N	999999	1	0	\N	0	\N	\N	\N	0	\N	\N	\N	\N	\N	\N	\N	\N	\N	\N	\N	0	\N	\N	0	0	\N	0		
25	Test 2	test@5.com	91	96330499575	1	$2y$10$uV7DSsXiE9lJpYKMn3MjWeuBBLX/A4OLOFusn83jTCCcS2DCXCcSS	2023-05-30 05:52:45	2	Test	2	\N	2846	121212	android	4619b2f87905036461b772b2cef39b5c78f5222dfc2b8aef9c8e4de5cfa398f0	-NWfCobJPtyCqRl4T4j_	\N	2023-05-30 05:52:45	2023-05-30 06:42:32	0	0	0	0	1	0	\N	\N	1	9302	\N	0	0	0	\N	0	\N	0	\N	1	\N	0	0b8b69e05ef820f82864378f9bee314cbbf6d8fa4c298781bca6be7dcf0c76a4	2023-05-30 06:42:32	1252	999999	1	0	\N	0	\N	\N	\N	0	\N	\N	\N	\N	\N	\N	\N	\N	\N	\N	\N	0	\N	\N	0	0	\N	0		
34	Test 1	mubasherdxb@gmail.com__deleted_account34	91	923347947917__deleted_account34	0	$2y$10$nGfJE2AarlvSQiK5TqifUuMXczDyQIAfuOJIWgKUo7B78QnzoisHe	2023-05-31 07:22:33	2	Test	1	\N	2536		ios		-NWkfxu9wZVZg1UjgmAP	\N	2023-05-31 07:22:33	2023-05-31 07:22:53	0	0	0	0	1	1	\N	\N	1	3939	\N	0	0	0	\N	0	\N	0	\N	1	\N	0	\N	\N	\N	999999	1	0	\N	0	\N	\N	\N	0	\N	\N	\N	\N	\N	\N	\N	\N	\N	\N	\N	0	\N	\N	0	0	\N	0		
20	Sunil Sharma	sunil31@gmail.com	91	9633049882	1	$2y$10$DOcU4OYV5B2CtwTgoszaQ.bW7RT1YsB/hB0Oryi7MQUhg8IAbOoZm	2023-05-29 13:01:25	2	Sunil	Sharma	\N	\N	121212	android	9c0c0fb2cce7051e4d66071a7d29db4da6c9527091641c9e095929ea766a86f0	-NWbaLOc8CeVkn64kGiS	\N	2023-05-29 13:01:26	2023-05-31 11:10:48	0	0	0	0	1	0	\N	\N	1	1480	\N	0	0	0	\N	0	\N	0	\N	1	\N	0	\N	\N	\N	999999	1	0	\N	0	\N	\N	\N	0	\N	\N	\N	\N	\N	\N	\N	\N	\N	\N	\N	0	\N	\N	0	0	\N	0		
32	Test 1	mubasherdxb@gmail.com__deleted_account32	91	923347947917__deleted_account32	0	$2y$10$FjvfNtCCuemdXK9yZBpyvuETTLfh2HpA7.rdZ7AGNrXizUYgoHcVG	2023-05-31 06:19:56	2	Test	1	\N	8376		ios		-NWkScf49AX8bJSKmx0I	\N	2023-05-31 06:19:56	2023-05-31 06:20:16	0	0	0	0	1	1	\N	\N	1	1465	\N	0	0	0	\N	0	\N	0	\N	1	\N	0	\N	\N	\N	999999	1	0	\N	0	\N	\N	\N	0	\N	\N	\N	\N	\N	\N	\N	\N	\N	\N	\N	0	\N	\N	0	0	\N	0		
30	Test 1	mubasherdxb@gmail.com__deleted_account30	91	923347947917__deleted_account30	0	$2y$10$bYs3owKv805zlj4IQUjNZOsDGHu9LVw8Jesr5VPkTeIxcIMv3Ic3q	2023-05-31 06:05:37	2	Test	1	\N	1674		ios		-NWkPLpiUZFN9rwNqTnR	\N	2023-05-31 06:05:37	2023-05-31 06:05:55	0	0	0	0	1	1	\N	\N	1	4887	\N	0	0	0	\N	0	\N	0	\N	1	\N	0	\N	\N	\N	999999	1	0	\N	0	\N	\N	\N	0	\N	\N	\N	\N	\N	\N	\N	\N	\N	\N	\N	0	\N	\N	0	0	\N	0		
31	Test 1	mubasherdxb@gmail.com__deleted_account31	91	923347947917__deleted_account31	0	$2y$10$JmZGalRUmkLaszE1S60Ae.Iqq1YbxE5mx8i8MaNK8.X8gU/EQBV3u	2023-05-31 06:06:03	2	Test	1	\N	2342		ios		-NWkPSB_au6cGtJ23NWh	\N	2023-05-31 06:06:03	2023-05-31 06:08:17	0	0	0	0	1	1	\N	\N	1	2012	\N	0	0	0	\N	0	\N	0	\N	1	\N	0	\N	\N	\N	999999	1	0	\N	0	\N	\N	\N	0	\N	\N	\N	\N	\N	\N	\N	\N	\N	\N	\N	0	\N	\N	0	0	\N	0		
35	mihh bhv	mubasherdxb@hotmail.com__deleted_account35	91	+923347947917__deleted_account35	0	$2y$10$XTJ88sXytZpM129gq1sPN.QBsRpDPAYdKtMgiSzwhOMXIrsI4JuVq	2023-05-31 07:29:10	2	mihh	bhv	\N	1094		ios		-NWkhTocmVeEMPsDhiPX	\N	2023-05-31 07:29:10	2023-05-31 07:30:23	0	0	0	0	1	1	\N	\N	1	7087	\N	0	0	0	\N	0	\N	0	\N	1	\N	0	\N	\N	\N	999999	1	0	\N	0	\N	\N	\N	0	\N	\N	\N	\N	\N	\N	\N	\N	\N	\N	\N	0	\N	\N	0	0	\N	0		
33	mub mut	mubasherdxb@hotmail.com__deleted_account33	91	+923347947917__deleted_account33	0	$2y$10$lhyiwD1hNeYOqEJF80mPzOdAR7ABbQ/Bqi0R3tE0IDwogaeYyqYLG	2023-05-31 07:01:19	2	mub	mut	\N	1213		ios		-NWkb5l56F6WGbsPAzky	\N	2023-05-31 07:01:19	2023-05-31 07:28:58	0	0	0	0	1	1	\N	\N	1	2614	\N	0	0	0	\N	0	\N	0	\N	1	\N	0	\N	\N	\N	999999	1	0	\N	0	\N	\N	\N	0	\N	\N	\N	\N	\N	\N	\N	\N	\N	\N	\N	0	\N	\N	0	0	\N	0		
36	mug gvb	mubasherdxb@hotmail.com__deleted_account36	91	+923347947917__deleted_account36	0	$2y$10$.KoRe13CahH4gjl7qMMgvugqgL9Pl45KUqUmtr6Av5QDvEXEGQm6m	2023-05-31 07:34:10	2	mug	gvb	\N	9415		ios		-NWkic-tUgZCuImbJvgy	\N	2023-05-31 07:34:10	2023-05-31 07:36:36	0	0	0	0	1	1	\N	\N	1	8486	\N	0	0	0	\N	0	\N	0	\N	1	\N	0	\N	\N	\N	999999	1	0	\N	0	\N	\N	\N	0	\N	\N	\N	\N	\N	\N	\N	\N	\N	\N	\N	0	\N	\N	0	0	\N	0		
37	mub vhvh	mubasherdxb@hotmail.com__deleted_account37	91	+923347947917__deleted_account37	0	$2y$10$HT5UGKCcztGx4Q2aWabWau5hwCfPFMQwMASXvaLy7jsRoRmC2AS0C	2023-05-31 07:39:56	2	mub	vhvh	\N	9732		ios		-NWkjwbHwsFHM2RrS74L	\N	2023-05-31 07:39:56	2023-05-31 07:51:16	0	0	0	0	1	1	\N	\N	1	8072	\N	0	0	0	\N	0	\N	0	\N	1	\N	0	\N	\N	\N	999999	1	0	\N	0	\N	\N	\N	0	\N	\N	\N	\N	\N	\N	\N	\N	\N	\N	\N	0	\N	\N	0	0	\N	0		
38	Test 1	mubasherdxb@gmail.com__deleted_account38	91	923347947917__deleted_account38	1	$2y$10$XZOl.NARjRVzBKwFrXOzRO1e9586CS9qvUWOCwf4iqsG13Lt3PlRe	2023-05-31 07:51:29	2	Test	1	\N	\N		ios		-NWkm_jnoS7i1cGV4VcP	\N	2023-05-31 07:51:29	2023-05-31 07:53:05	0	0	0	0	1	1	\N	\N	1	4142	\N	0	0	0	\N	0	\N	0	\N	1	\N	0	\N	\N	\N	999999	1	0	\N	0	\N	\N	\N	0	\N	\N	\N	\N	\N	\N	\N	\N	\N	\N	\N	0	\N	\N	0	0	\N	0		
23	Irfan pkl	mippkl@gmail.com	\N	0	0	$2y$10$/W2j8TZzeKZe7a5bGrJmTOiSsbKXIdx.gb17fBG8Dr0ATBBLN.0wq	2023-05-30 01:40:29	2	Irfan pkl		\N	\N	1111	android	1fc26b67e605b37e1b6bb08d194db3cbbd3f35906e9027261ac094994b0cd8cb	-NWeJ4HZJN5uqVwEh9tl	\N	2023-05-30 01:40:29	2023-05-31 09:01:34	0	0	0	0	1	0	\N	\N	1	\N	\N	0	0	0	\N	0	\N	0	\N	1	\N	0	426308be8d228db67794394e4b8e597a166863847e4304c70c2fc1fa45cd9bc0	2023-05-31 09:01:34	5672	999999	1	0	\N	0	\N	\N	\N	1	\N	\N	\N	\N	\N	\N	\N	\N	\N	\N	\N	0	\N	\N	0	0	\N	0		
27	ss sss	anil..navis@gmail.com	91	+9715456449	0	$2y$10$We5kq1RplW/V0INgTghvz.Ku8J4.Lfa86172KnUHumq5r3J/3XBSa	2023-05-31 04:30:18	2	ss	sss	\N	1063	121212	ios	9bb4ac4c70129b860c85d103a801067d9297db71f7b096ea21be3202963981f1	-NWk3XdidDR4rQ9hX9lT	\N	2023-05-31 04:30:18	2023-05-31 04:30:18	0	0	0	0	1	0	\N	\N	1	6520	\N	0	0	0	\N	0	\N	0	\N	1	\N	0	\N	\N	\N	999999	1	0	\N	0	\N	\N	\N	0	\N	\N	\N	\N	\N	\N	\N	\N	\N	\N	\N	0	\N	\N	0	0	\N	0		
50	Suraj Sharma	anil...@dxbusinessgroup.com	971	9464664545	1	$2y$10$YinpyplrWnHgWD68PJUDJOt6CuA2JZ6qrzYMjIgldr5P3oM3MJt7K	2023-06-02 08:50:22	2	Suraj	Sharma	\N	\N	abdhjef ekef kjwf wedfw	android	9aa0bf63d11f01e16557e54a200382374e4cd2e307f076c01e55d4936f8a73b6	-NWvIEhrvzQHONz_JUmH	\N	2023-06-02 08:50:22	2023-08-05 12:13:08	0	0	0	0	1	0	\N	\N	1	5337	\N	0	0	0	\N	0	\N	0	\N	1	\N	0	\N	\N	\N	999999	1	0	\N	0	\N	\N	\N	1	\N	\N	\N	\N	\N	\N	\N	\N	\N	\N	\N	0	\N	\N	0	0	\N	0		
44	Sunil Sharma	sunil23@gmail.com	971	977874784	1	$2y$10$mcffC4Ow/O7rh7Firm22u.3C5NiOESQ888ZgsKKSVsNF/tojyeZpW	2023-05-31 11:29:43	2	Sunil	Sharma	\N	\N	fcm_token	android	2166ec9fac7b84b0d9c28f461df0cb87a00c4f02bb3e2b2d0b2190645d662080	-NWlZXTXX6dLNVAYXa4_	\N	2023-05-31 11:29:43	2023-05-31 11:29:51	0	0	0	0	0	1	\N	\N	1	7186	\N	0	0	0	\N	0	\N	0	\N	1	\N	0	\N	\N	\N	999999	1	0	\N	0	\N	\N	\N	0	\N	\N	\N	\N	\N	\N	\N	\N	\N	\N	\N	0	\N	\N	0	0	\N	0		
47	hhvh ghvb	mubashermurtaza@gmail.com	91	+923347947912	1	$2y$10$R0Z9H.nsYkc609C3/CFMbu4c.7UIEGa777ST43vP3abfP6PWe8gdC	2023-06-01 15:04:26	2	hhvh	ghvb	\N	\N	121212	ios	86d1809021726813f7408d6f9129ecbe2345c7f8ea81254c60d667a6d7a2bd0a	-NWrUGTNBhY7tX2N9us_	\N	2023-06-01 15:04:26	2023-06-01 15:04:35	0	0	0	0	1	0	\N	\N	1	2020	\N	0	0	0	\N	0	\N	0	\N	1	\N	0	\N	\N	\N	999999	1	0	\N	0	\N	\N	\N	0	\N	\N	\N	\N	\N	\N	\N	\N	\N	\N	\N	0	\N	\N	0	0	\N	0		
43	Sunil Sharma	sunil22@gmail.com	971	744848444	0	$2y$10$.fZ.0Fvt9eUvvIdbTzyyJuWHbAZUZsPbJqrxdHvk1WnARC10yry/C	2023-05-31 11:27:55	2	Sunil	Sharma	\N	3732	fcm_token	android	81ade3b5769428e5f2d3965f8b9d7ca55b0373ead720506f530ebcac9c238828	-NWlZ72n7H_5tc9nW3RQ	\N	2023-05-31 11:27:55	2023-05-31 11:27:55	0	0	0	0	0	0	\N	\N	1	2933	\N	0	0	0	\N	0	\N	0	\N	1	\N	0	\N	\N	\N	999999	1	0	\N	0	\N	\N	\N	0	\N	\N	\N	\N	\N	\N	\N	\N	\N	\N	\N	0	\N	\N	0	0	\N	0		
48	Ryan J	sunil33@gmail.com	971	754477777	1	$2y$10$mU5Na1GEqjJgkB5Jwo3v/..6Q6p1OOELXLSSpm6gUZb/hpd7v01bO	2023-06-02 07:32:53	2	Ryan	J	\N	\N		android	029b78c0b93c8d310282cbfc3b4b94a194a31d01ff0effe6bf8e4086476bdebe	-NWv0VfB7ELV5sU0AQ7m	\N	2023-06-02 07:32:53	2023-06-03 14:37:59	0	0	0	0	1	0	\N	\N	1	5048	\N	0	0	0	\N	0	\N	0	\N	1	\N	0	\N	\N	\N	999999	1	0	\N	0	\N	\N	\N	0	\N	\N	\N	\N	\N	\N	\N	\N	\N	\N	\N	0	\N	\N	0	0	\N	0		
39	Test 1	mubasherdxb@gmail.com	91	923347947917	1	$2y$10$r0ZqwEheElxPmOpXb0L7h.kDqibsHwb.iU1f5IVvX04gjgFXX69gu	2023-05-31 07:53:12	2	Test	1	\N	\N	1111	ios	c0f3657485794bee07d31ba0bdd602227600bad43076c5cbe5eb050c059869de	-NWkmypr4ppnl8iOnbBg	\N	2023-05-31 07:53:12	2023-05-31 09:46:34	0	0	0	0	1	0	\N	\N	1	6439	\N	0	0	0	\N	0	\N	0	\N	1	\N	0	44bdf9cb9bff8b377b8907e847bc1a8fb751496d775e41546a2339c74b98b650	2023-05-31 09:46:34	9233	999999	1	0	\N	0	\N	\N	\N	0	\N	\N	\N	\N	\N	\N	\N	\N	\N	\N	\N	0	\N	\N	0	0	\N	0		
41	muhsingafoor	muhsindxba@hotmail.com	\N	123455	0	$2y$10$5kVCXFHJKc8.5Ff5y9CxauLbLVdAhkGHhyxdP98UUaAfjOkJ3klsG	\N	1	Muhsin	Gafoor	\N	\N	\N	\N	\N	\N	\N	2023-05-31 09:57:49	\N	0	0	0	0	1	0	\N	\N	0	\N	\N	0	0	0	\N	0	1	0	\N	1	\N	0	\N	\N	\N	999999	1	0	\N	0	\N	\N	\N	0	\N	\N	\N	\N	\N	\N	\N	\N	\N	\N	\N	0	\N	\N	0	0	\N	0		
42	Sunil Sharma	aunil21@gmail.com	971	9484877444	0	$2y$10$qGWsE0JOD0t7wILChYew9.q4gb7eh1vmn89JbjVgYwqV32t.SCT.e	2023-05-31 11:08:25	2	Sunil	Sharma	\N	2479	fcm_token	android	a5ce0545fb6a5eddfbecbe3b6b45b25476da69b2891f542fc5c05f7002a9b552	-NWlUebYY6_KJOa3he0L	\N	2023-05-31 11:08:26	2023-05-31 11:08:26	0	0	0	0	1	0	\N	\N	1	5915	\N	0	0	0	\N	0	\N	0	\N	1	\N	0	\N	\N	\N	999999	1	0	\N	0	\N	\N	\N	0	\N	\N	\N	\N	\N	\N	\N	\N	\N	\N	\N	0	\N	\N	0	0	\N	0		
45	Ajay Sharma	ajay99@gmail.com	971	9484744444	1	$2y$10$Q1/xEvq0JE6gH2ANIb3hiu6T1sScBWdMllNi6j3b0aROyI0BgR6SS	2023-05-31 12:49:50	2	Ajay	Sharma	\N	\N	fcm_token	android	2888391c452b0fae48f08ba402e7facf2c69d9a84b9683c528decb3a6080bd24	-NWlqrymPfNc52sl0k1N	\N	2023-05-31 12:49:50	2023-05-31 12:50:05	0	0	0	0	1	0	\N	\N	1	6527	\N	0	0	0	\N	0	\N	0	\N	1	\N	0	\N	\N	\N	999999	1	0	\N	0	\N	\N	\N	0	\N	\N	\N	\N	\N	\N	\N	\N	\N	\N	\N	0	\N	\N	0	0	\N	0		
49	Sunil Sharma	sunil34@gmail.com	971	946464631	1	$2y$10$85EHuCcspWuwqaKQdSbfTu1SLDYTmoY32OqG8a/dIUrFTV5lxeUmy	2023-06-02 08:04:30	2	Sunil	Sharma	\N	\N	fcm_token	android	073889678804c5b5b84d17f60ff80ee22043b3812659f936d0b2184643c17f2a	-NWv7ju-VGMdegWRDVSB	\N	2023-06-02 08:04:30	2023-06-02 08:04:36	0	0	0	0	1	0	\N	\N	1	3015	\N	0	0	0	\N	0	\N	0	\N	1	\N	0	\N	\N	\N	999999	1	0	\N	0	\N	\N	\N	0	\N	\N	\N	\N	\N	\N	\N	\N	\N	\N	\N	0	\N	\N	0	0	\N	0		
53	Sunil Sharma	sunil333@gmail.com	971	987444441	1	$2y$10$ccMDC5QyLSiQm88O5uThd.sqd4Aq3sxPkMljEIJ4E/02eyyHeRvLK	2023-06-03 11:59:21	2	Sunil	Sharma	\N	\N	cjNrY-C4R92EKiYv8GKehp:APA91bGJXF33ln1OjziS8vZtkzwBvOMwJFm01NY2djNyCQBrpUA561kGmLYhbaEiFsicEcvu0I79iOIkalZKQr56JReDUSMFvDB2K5lWihOEdtKBRP_nOXfqM3Qkm5HbuOQw6Serjyqs	android	faee15b887054966e052f89a7c04f0d1fa0e1c836ccbe51fb2124453ee0ed596	-NX074iPsF07i75nkXLT	\N	2023-06-03 11:59:21	2023-06-05 08:09:53	0	0	0	0	1	0	\N	\N	1	4753	\N	0	0	0	\N	0	\N	0	\N	1	\N	0	\N	\N	\N	999999	1	0	\N	0	\N	\N	\N	0	\N	\N	\N	\N	\N	\N	\N	\N	\N	\N	\N	0	\N	\N	0	0	\N	0		
51	Sunil Sharma	sunil111@gmail.com	971	74484474	1	$2y$10$9GTh8TumVegvkZOoGaPd2OqxjxwUQhWdAmhq9vLokdxchKXk6N1PS	2023-06-03 11:43:19	2	Sunil	Sharma	\N	\N		android	7f61267a397a40e8cc9489336b3e6e33f2a87c27a88a9e86917644e2ba5265eb	-NX03Q0ePZx5vrKkrqqR	\N	2023-06-03 11:43:19	2023-06-03 11:52:16	0	0	0	0	1	0	\N	\N	1	8026	\N	0	0	0	\N	0	\N	0	\N	1	\N	0	\N	\N	\N	999999	1	0	\N	0	\N	\N	\N	0	\N	\N	\N	\N	\N	\N	\N	\N	\N	\N	\N	0	\N	\N	0	0	\N	0		
40	bbc chvv	mubasherdxb@hotmail.com	91	+923347947917	1	$2y$10$jD1980LK3M3XgVG8Zh6YSeWfmWaElMGT6SM841iE4tuth20sRJ56G	2023-05-31 08:54:59	2	bbc	chvv	\N	\N	1111	ios	30cd84d63d7315e9ee35f795a988900208a392aa680d6849506610bd0b5a328e	-NWl074mnK07HuMOyzEs	\N	2023-05-31 08:54:59	2023-06-02 12:42:49	0	0	0	0	1	0	\N	\N	1	5485	\N	0	0	0	\N	0	\N	0	\N	1	\N	0	c3b9543337410377bc01a1af620ebca18001ff3ab633efdea6f450541cd1f2ef	2023-05-31 09:51:06	9441	999999	1	0	\N	0	\N	\N	\N	0	\N	\N	\N	\N	\N	\N	\N	\N	\N	\N	\N	0	\N	\N	0	0	\N	0		
52	Sunil Sharma	sunil222@gmail.com	971	977448744	1	$2y$10$uGudXoHRnCfNcjZuTqXqBeDD2o5JfmrJ7hm.WfM/rJWnRtQaGGPo6	2023-06-03 11:52:45	2	Sunil	Sharma	\N	\N		android	ba1bc2a82beb21354d3813d937b9f9bbad77cfa2b687be92057488b4160aa6ce	-NX05_9IkNbzSmVa3uKB	\N	2023-06-03 11:52:45	2023-06-03 11:57:44	0	0	0	0	1	0	\N	\N	1	5029	\N	0	0	0	\N	0	\N	0	\N	1	\N	0	\N	\N	\N	999999	1	0	\N	0	\N	\N	\N	0	\N	\N	\N	\N	\N	\N	\N	\N	\N	\N	\N	0	\N	\N	0	0	\N	0		
46	AB	ab@gmail.com	\N	0	0	$2y$10$qiWiGnyYninp3itZVaFGwON1BopRbG22DQgugxSzj/sUV1cWfjnPu	2023-06-01 01:56:59	2	AB		\N	\N	fE6cQAV9SneFIN7sfKNUQP:APA91bG2wQjtWJ6yooAnS04Ftsuq28Gfftsjn3FnaC0u7JeXC7ooFBVeDu9WzxKsio0U4LRqlHK4Hkn42gAiuptL8UkGo70Ale4eVLW_mQyUcyvyKJVlF89TMEwVuneZJJmzm0_0wdyD	android	9ac7f69a9a3c1e25750d693b4d721cf32dfd996482af335844955c8a47c19576	-NWof1XNbm2ynPMOc0aO	\N	2023-06-01 01:56:59	2023-07-26 07:34:39	0	0	0	0	1	0	\N	\N	1	\N	\N	0	0	0	\N	0	\N	0	\N	1	\N	0	\N	\N	\N	999999	1	0	\N	0	\N	\N	\N	1	\N	\N	\N	\N	\N	\N	\N	\N	\N	\N	\N	0	\N	\N	0	0	\N	0		
116	Aamir .	aamir2@gmail.com	92	302806638	1	$2y$10$S1gWedrNe/g2bWXdP3JyOOW5mGlFOizwKB2Yyrzcfs95.kUB8NjPi	2023-08-17 07:15:02	2	Aamir	.	\N		website	\N	8786fd9cb07d4cf848c5acc63607b557a16ad2dcd41bf6eac848a93fe24030ef	-Nc1IhJfQlGnu5OhIYG_	\N	2023-08-17 07:03:55	2023-08-18 11:08:21	0	0	0	0	1	0	\N	\N	1		\N	0	0	0	\N	0	\N	0	\N	1	\N	0	\N	\N	\N	999999	1	0	\N	0	\N	\N	\N	0	\N	\N	\N	\N	\N	\N	\N	\N	\N	\N	\N	0	\N	\N	0	0	\N	0		
59	Srijaul haque Gazi	srijaul1@gmail.com	971	6296323804	1	$2y$10$8WIOkDd/LDASC3aJ/R7Ps.s9rJFxLgE4nrcFOZIQiFdfnqwDM1r62	2023-06-12 09:20:44	2	Srijaul haque	Gazi	1687149369648fdb397cf0b.jpg	\N	cnX5a7pPTkik4qUiaxTAik:APA91bHYjDG4DZvH-Se7YPCUSUbWT10oRUCwzKS1gX-6vR0VfQhoRZnY3fkh7mnCKmNIYZR1LlJ_d6zAf7IrVz3vffkwppIXkjoU85zyvJzq3NX28-vCMrlzwnuEw-HwEHnnrGyqL9pL	android	3f44eda5d55c023001f3358cd6ac186740664e4075f1a2b473f8bbd7dc4dc96a	-NXiu59viAtjgfK4fk8Q	\N	2023-06-12 09:20:44	2023-09-19 10:44:00	0	0	0	0	1	0	\N	\N	1	5828	\N	0	0	0	\N	0	\N	0	\N	1	\N	0	14b69dcd68816ec6afa9314007d1c56a9a27c4071e48967e547a0e6ec6451618	2023-06-21 02:19:06	4167	999999	1	0	\N	0	\N	\N	\N	0	\N	\N	\N	\N	\N	\N	\N	\N	\N	\N	\N	0	\N	\N	0	0	\N	0		
56	Test 1	test@61.com	91	963304995761	0	$2y$10$PxeJEELzRg8NzxgXJZsB0e6yv.9yv0yeierYOPrtDR.PvJkoezthm	2023-06-06 05:34:27	2	Test	1	\N	1872	121212	android	188edd224d7752919ba298762c2b764936e55994dda53af872731f6770f9bf01	-NXEBks-4o9t7vV2hWRR	\N	2023-06-06 05:34:27	2023-06-06 05:34:27	0	0	0	0	1	0	\N	\N	1	9184	\N	0	0	0	\N	0	\N	0	\N	1	\N	0	\N	\N	\N	999999	1	0	\N	0	\N	\N	\N	0	\N	\N	\N	\N	\N	\N	\N	\N	\N	\N	\N	0	\N	\N	0	0	\N	0		
57	Test 1	text2irfan@gmail.com	91	963304995763	0	$2y$10$fJ1t.yI2ANxQZn/UpqTbzOof1gc2rc.iHvoD35Ee0LfKmlATvzAaO	2023-06-06 05:34:52	2	Test	1	\N	2033	121212	android	e2543b44504828047493bd6c04551b1d8e9162767f248b6dcf9cb21cd1ba9732	-NXEBqwM1cwxmZv0mN4k	\N	2023-06-06 05:34:52	2023-06-06 05:34:52	0	0	0	0	1	0	\N	\N	1	4338	\N	0	0	0	\N	0	\N	0	\N	1	\N	0	\N	\N	\N	999999	1	0	\N	0	\N	\N	\N	0	\N	\N	\N	\N	\N	\N	\N	\N	\N	\N	\N	0	\N	\N	0	0	\N	0		
58	heud hehd	g@g.com	91	+971546464643	1	$2y$10$CbauEqoiH8ocz34zAwodsu1v0UNi4xXVYyhnY/.FO7i3EF7ucBZD2	2023-06-06 12:00:09	2	heud	hehd	\N	\N	121212	ios	ec7df4bf90fdb616b8a843f537e27ec62cbe39cdea9e4a110b4835ab1214b83e	-NXF_1rBtPzRozOLsj_r	\N	2023-06-06 12:00:09	2023-06-06 12:00:15	0	0	0	0	1	0	\N	\N	1	8620	\N	0	0	0	\N	0	\N	0	\N	1	\N	0	\N	\N	\N	999999	1	0	\N	0	\N	\N	\N	0	\N	\N	\N	\N	\N	\N	\N	\N	\N	\N	\N	0	\N	\N	0	0	\N	0		
60	Usman Ali	usmanali10455@gmail.com	91	+971123123	1	$2y$10$Rx3MhcdSDshp8I1bh/ujv.FFvttFjUD2j9vSEe0FpabvMZYaaZLJK	2023-06-14 13:28:32	2	Usman	Ali	\N	\N	121212	ios	ca7ee629522efa965e1f2299b71adacb85206d0d1e818d12590ad3a6a168fb1c	-NXu4zavs88pbg4zjmrI	\N	2023-06-14 13:28:33	2023-06-14 13:28:43	0	0	0	0	1	0	\N	\N	1	4782	\N	0	0	0	\N	0	\N	0	\N	1	\N	0	\N	\N	\N	999999	1	0	\N	0	\N	\N	\N	0	\N	\N	\N	\N	\N	\N	\N	\N	\N	\N	\N	0	\N	\N	0	0	\N	0		
66	Fahad Ahmed	fahada@gmail.com	971	123698745	1	$2y$10$xPEbbfk7/gJ9Llq2Nyt.duRRjzxzSJfGwcdRWzsMG/V0OkBiDyE6G	2023-07-18 07:30:55	2	Fahad	Ahmed	168966586964b6414d54367.jpg	\N	d-Qo9_heQtCZ1mdxCZZy5t:APA91bFVSYD7Wg9DEPefbwKoVyMjhXcmJNe66v9CWQA5YumL9GBXYPs0qxSviIqWwpEu2nfGvlbaEjiAL81u34yCk6xmLKPG5vYJZvjbBVubwhYXX1OnVMG-HGxPtEBg-VU6hur2x9pP	android	76620c1dec1e3c492d4681d6896b34529d0ffa32e540fd6cc4ea0cf00963fd19	-N_buBQuRFEANsmxf4ag	\N	2023-07-18 07:30:55	2023-07-18 07:37:49	0	0	0	0	1	0	\N	\N	1	5432	\N	0	0	0	\N	0	\N	0	\N	1	\N	0	\N	\N	\N	999999	1	0	\N	0	\N	\N	\N	0	\N	\N	\N	\N	\N	\N	\N	\N	\N	\N	\N	0	\N	\N	0	0	\N	0		
61	us us	us@u.co	91	+9711231234	1	$2y$10$.n3j3XywaiE/EZ3PYCcs5ukotpdSsOz6MquU2Z4jTYto2otGgJR8S	2023-06-14 14:24:21	2	us	us	\N	\N	1111	ios	f7ff65224cc8bdc3b34476ceb06da2ae4908dcd245a24dd2f6a9ac08db625a6a	-NXuHlDVgkGvc5uOxzyX	\N	2023-06-14 14:24:22	2023-06-15 10:36:58	0	0	0	0	1	0	\N	\N	1	8510	\N	0	0	0	\N	0	\N	0	\N	1	\N	0	\N	\N	\N	999999	1	0	\N	0	\N	\N	\N	0	\N	\N	\N	\N	\N	\N	\N	\N	\N	\N	\N	0	\N	\N	0	0	\N	0		
62	usman ali	usm@u.co	91	+97112312345	1	$2y$10$stKQxxuyt0jS8Rw3Q.tNeuh2X8ISsljk.NDxap2MyaSoZ5H6jdYIa	2023-06-15 08:52:02	2	usman	ali	\N	\N	1111	ios	61041e8392d514970c443fe3f5633068b301c3662329aaf9e947a6bd329f0007	-NXyFHqUYEjQBjtI8dBp	\N	2023-06-15 08:52:02	2023-06-15 10:38:22	0	0	0	0	1	0	\N	\N	1	5419	\N	0	0	0	\N	0	\N	0	\N	1	\N	0	\N	\N	\N	999999	1	0	\N	0	\N	\N	\N	0	\N	\N	\N	\N	\N	\N	\N	\N	\N	\N	\N	0	\N	\N	0	0	\N	0		
65	Samay Sharma	samay123@gmail.com	971	946464644	1	$2y$10$W0PX/zdAWimWkWfwEOGy7uD.f1FsLiwsEMOwx/5lrUj.2n5fRc60u	2023-06-22 09:39:22	2	Samay	Sharma	\N	\N		android	6525262ba1d0de8bc5ad287d98abb166702aed3207ecadfc80299d84f36dd497	-NYXTFS_2tP3ZzIZEedq	\N	2023-06-22 09:39:22	2023-06-22 09:39:50	0	0	0	0	1	0	\N	\N	1	7455	\N	0	0	0	\N	0	\N	0	\N	1	\N	0	\N	\N	\N	999999	1	0	\N	0	\N	\N	\N	0	\N	\N	\N	\N	\N	\N	\N	\N	\N	\N	\N	0	\N	\N	0	0	\N	0		
63	anil navis	a@a.com	91	+971243434864	1	$2y$10$miv9rl13Kw51OUu3Yj4llOK9CIlqZy77Ti.UA5I.Ap/ZmvF9BGSly	2023-06-16 08:04:24	2	anil	navis	\N	\N	121212	ios	20bc007235b2933f84c580d511d5d6c4c8db4170f314e2c01de6e54697fb6ed9	-NY2Dz3J7eUahV-HPYRa	\N	2023-06-16 08:04:25	2023-06-16 08:04:31	0	0	0	0	1	0	\N	\N	1	8676	\N	0	0	0	\N	0	\N	0	\N	1	\N	0	\N	\N	\N	999999	1	0	\N	0	\N	\N	\N	0	\N	\N	\N	\N	\N	\N	\N	\N	\N	\N	\N	0	\N	\N	0	0	\N	0		
55	Ayush Katyal	katyalayush32@gmail.com	971	848484754	1	$2y$10$RT4vM1dlLKW7Qko7EWicfuocyDqpFzH2IW6BInUHRDxoftoO6rtQS	2023-06-05 12:55:51	2	Ayush Katyal		\N	\N		f95b7915cc34bc56	afc10948bb1d73f825a83dfe2f25d51717d0dd6888e0a029bf7223d2bfbd533e	-NXAcBrrfosiLE7ebKBN	\N	2023-06-05 12:55:51	2023-09-20 09:23:11	0	0	0	0	1	0	\N	\N	1	\N	\N	0	0	0	\N	0	\N	0	\N	1	\N	0	\N	\N	\N	999999	1	0	\N	0	\N	\N	\N	1	\N	\N	\N	\N	\N	\N	\N	\N	\N	\N	\N	0	\N	\N	0	0	\N	0	971	848484754
64	Sameer Sharma	sameer123@gmail.com	971	9464684478	1	$2y$10$0dNS3c8zsy5y2lnqnrUm9eNYZLUAp2077t3FYt7u7unuJot/a3WMW	2023-06-21 10:45:20	2	Sameer	Sharma	\N	\N		android	b9572fabe94bba2fb1f8c1b1653e3ec19010c21636d360bb29d2d3c95646a8b4	-NYSYl44KNUlY8l389j-	\N	2023-06-21 10:45:20	2023-06-22 09:09:02	0	0	0	0	1	0	\N	\N	1	2309	\N	0	0	0	\N	0	\N	0	\N	1	\N	0	\N	\N	\N	999999	1	0	\N	0	\N	\N	\N	0	\N	\N	\N	\N	\N	\N	\N	\N	\N	\N	\N	0	\N	\N	0	0	\N	0		
67	Aamir .	aamir.dxbapps@gmail.com__deleted_account67	92	3928066329__deleted_account67	0	$2y$10$0clgPppHjtJRJXml4DGG6eo9tewMzQmaSvjBPBLJk90cAxw423N7e	2023-07-19 07:24:33	2	Aamir	.	\N	3765		postman		-N_h1K15-LGsQ2RJpPsU	\N	2023-07-19 07:24:33	2023-07-20 11:22:38	0	0	0	0	1	1	\N	\N	1	9335	\N	0	0	0	\N	0	\N	0	\N	1	\N	0	\N	\N	\N	999999	1	0	\N	0	\N	\N	\N	0	\N	\N	\N	\N	\N	\N	\N	\N	\N	\N	\N	0	\N	\N	0	0	\N	0		
68	Aamir .	aamir@gmail.com	92	3028066329	0	$2y$10$0B0BxkZ4sCVRl6OOzbCYr.dgzf8USFkJAYTHW2UICMoGIivbIQ2Mu	2023-07-19 08:10:49	2	Aamir	.	\N	1359	121212	postman	b1e5cc32b621f7e46975afed070d7384e3ed376d99217598d01319a4a1cc70c9	-N_hBukG2VJ2GdiEvdKz	\N	2023-07-19 08:10:49	2023-07-19 08:10:50	0	0	0	0	0	1	\N	\N	1	7793	\N	0	0	0	\N	0	\N	0	\N	1	\N	0	\N	\N	\N	999999	1	0	\N	0	\N	\N	\N	0	\N	\N	\N	\N	\N	\N	\N	\N	\N	\N	\N	0	\N	\N	0	0	\N	0		
70	Sunil Kumar	sunil1234@gmail.com	971	72727272772	1	$2y$10$6YJ0uxCfH1wSPUewJQPer.UE4t01qffsPgQ2/l/ENNxrzY8BWaUh2	2023-07-21 06:37:11	2	Sunil	Kumar	\N			\N	42f44942cb15fcfea55969dc10e99d06663a00f18afbf855664abc1c0ec81bee	-N_r9eT7hY2L09tVkcJ3	\N	2023-07-21 06:37:11	2023-07-21 06:38:35	0	0	0	0	1	0	\N	\N	1		\N	0	0	0	\N	0	\N	0	\N	1	\N	0	4a86e4ddbb3f095964703a2f435a51962366d87c2bed8ee9826c139f7566b5bc	2023-07-21 06:37:31	1111	999999	1	0	\N	0	\N	\N	\N	0	\N	\N	\N	\N	\N	\N	\N	\N	\N	\N	\N	0	\N	\N	0	0	\N	0		
79	Aamir .	aamir1121@gmail.com	92	302806623	1	$2y$10$49Xl7eFQ2Rux1Z5B8.fX8uy2WhThE7GNrqw743aJnJozRtgv/9XXS	2023-08-01 15:29:09	2	Aamir	.	\N		\N	\N	56edb4dc66ef9bfe3c45946ee7aa13e0dcce3e3a11b019d26c5572ff0c74969e	-NalhuQ0Lh1G_xxazTNB	\N	2023-08-01 15:29:09	2023-08-01 15:29:10	0	0	0	0	1	0	\N	\N	1		\N	0	0	0	\N	0	\N	0	\N	1	\N	0	\N	\N	\N	999999	1	0	\N	0	\N	\N	\N	0	\N	\N	\N	\N	\N	\N	\N	\N	\N	\N	\N	0	\N	\N	0	0	\N	0		
73	Ayush Katyal	katyalayush@gmail.com	\N	0	0	$2y$10$ssXtEeANKEimHrb1nmw.Wu6U/r9psAJkdm4rHDx0E96nWuoeyB9Je	2023-07-26 10:41:48	2	Ayush Katyal		\N	\N		android	a0b5a142ffbc0b45bbc2180ba300b76efdf9ff55de19e486865c04eb85d61642	-NaGmaYMhC-H2MOFO9K9	\N	2023-07-26 10:41:48	2023-07-26 10:41:53	0	0	0	0	0	1	\N	\N	1	\N	\N	0	0	0	\N	0	\N	0	\N	1	\N	0	\N	\N	\N	999999	1	0	\N	0	\N	\N	\N	1	\N	\N	\N	\N	\N	\N	\N	\N	\N	\N	\N	0	\N	\N	0	0	\N	0		
78	test test17	test18@gmail.com	971	845454544	1	$2y$10$9e4JGLZZpLA7mczaRUFvoOEsPniSsWe7kSr5.lYJ2ADJpYpgRQJNK	2023-07-31 16:53:50	2	test	test17	\N		\N	\N	8edb43ae79d8b16f529e89701f0c2702c54a0ea4c30f0300db5a2cab31620954	-Nagrh8SRWpbtWT2Q64U	\N	2023-07-31 16:53:50	2023-07-31 16:53:51	0	0	0	0	1	0	\N	\N	1		\N	0	0	0	\N	0	\N	0	\N	1	\N	0	\N	\N	\N	999999	1	0	\N	0	\N	\N	\N	0	\N	\N	\N	\N	\N	\N	\N	\N	\N	\N	\N	0	\N	\N	0	0	\N	0		
72	test test	test20@gmail.com	971	848488	1	$2y$10$5Px5KubkcJJmSmQmhjK5Fuwr34Vo6AtUrzmC9YpTBAj5dyTMpfCVW	2023-07-24 16:01:16	2	test	test	\N		\N	\N	bba700d07db9ad1fb88acf3423fb3a30025e66a21822fe4ed8fbef66d5e74088	-Na7cXfOtNUk8dHt2XoA	\N	2023-07-24 16:01:16	2023-07-24 16:01:16	0	0	0	0	1	0	\N	\N	1		\N	0	0	0	\N	0	\N	0	\N	1	\N	0	\N	\N	\N	999999	1	0	\N	0	\N	\N	\N	0	\N	\N	\N	\N	\N	\N	\N	\N	\N	\N	\N	0	\N	\N	0	0	\N	0		
71	sahla nissar	sahlanissar41@gmail.com	\N	0	0	$2y$10$JWgkxSf96xe6h0vLF02WLOgsiPwKguRQIZ592ahxXsMCliCbWhepC	2023-07-21 12:10:40	2	sahla nissar		\N	\N	fXFo4qMLQnimZRhJOxP4z7:APA91bFEJOsuHuo04W5JrZjXrPrjzMy-JgwjfkS5kFLZPzu2HSaS1EKYBuYVYEGsjE97ToY1VjNDeMnsPF6bpKU5e-2Afh54GJ2zt4Y7D0TWNTSMIO2RRSnJz63paO3Vb8dBi875650H	android	e2392892ce94a9c0b07ec55bd0c0e643c9683eb5caab9ffd289ba3ed1af1a45e	-N_sLzWxx5tPWDTV8mhY	\N	2023-07-21 12:10:40	2023-07-25 13:05:27	0	0	0	0	0	1	\N	\N	1	\N	\N	0	0	0	\N	0	\N	0	\N	1	\N	0	b3feb155012bff6f3431d1dfaf87281e00910c84902a217b138a95dcbc539a60	2023-07-25 13:03:52	1111	999999	1	0	\N	0	\N	\N	\N	1	\N	\N	\N	\N	\N	\N	\N	\N	\N	\N	\N	0	\N	\N	0	0	\N	0		
75	sahla nissar	sahlanissar41@gmail.com	\N	0	0	$2y$10$H34urSw3xXjObPQ3OxKSQ.uxtG594SS3J6QW8oa7gxTL6sI.G785y	2023-07-26 11:21:28	2	sahla nissar		\N	\N		android	1ac22a9bb9744e325df3180b887c701461709a7cc07bfe4155360a2d5071cbe8	-NaGvfeuy1-xpd0e23t8	\N	2023-07-26 11:21:28	2023-08-01 05:39:43	0	0	0	0	0	1	\N	\N	1	\N	\N	0	0	0	\N	0	\N	0	\N	1	\N	0	\N	\N	\N	999999	1	0	\N	0	\N	\N	\N	1	\N	\N	\N	\N	\N	\N	\N	\N	\N	\N	\N	0	\N	\N	0	0	\N	0		
80	hi abc	test97@gmail.com	971	84848484	1	$2y$10$fAthsYFVEBekJKt8lVjyke6gLZGQ6ppep2qEwp6yl2VlxjNIeNUjq	2023-08-01 15:34:28	2	hi	abc	\N			\N	97e5afde354c6ee00272ad04132dca1f12b66f540d3a2ba837417f61eb74b202	-Nalj7Gh6M4XZAHFYx2a	\N	2023-08-01 15:34:28	2023-08-01 15:38:50	0	0	0	0	1	0	\N	\N	1		\N	0	0	0	\N	0	\N	0	\N	1	\N	0	\N	\N	\N	999999	1	0	\N	0	\N	\N	\N	0	\N	\N	\N	\N	\N	\N	\N	\N	\N	\N	\N	0	\N	\N	0	0	\N	0		
87	sahla nissar	sahla5@gmail.com	971	23246646464	1	$2y$10$4fj1eb6kuIPhx6szh8.Rxe0rdwV2Regnsnb3ZzME7vDDIhqL/j8UO	2023-08-04 08:46:40	2	sahla	nissar	\N		fKgiYoREQwiTOlLoVueCb2:APA91bE8Kra6JuWKTQ_GNj9-RL4-rrHF6ff2-56TslMANZDhmqtE2eefZvqp8KW47gZG4bFx7frTg5XSR-k7wW95B76laGAnPgOGUix2fCzd7l4dAIrSChL6zAvvF4-aT3ShNbnCOfRj	\N	9364a4d026da3f7ea433fcf3f2fcdaf3975a63b05f031f8934b4e919283e4228	-NaziYg5fAQsgNrsC-9z	\N	2023-08-04 08:46:40	2023-08-09 07:15:58	0	0	0	0	1	0	\N	\N	1		\N	0	0	0	\N	0	\N	0	\N	1	\N	0	\N	\N	\N	999999	1	0	\N	0	\N	\N	\N	0	\N	\N	\N	\N	\N	\N	\N	\N	\N	\N	\N	0	\N	\N	0	0	\N	0		
81	zain test	test98@gmail.com	971	42135454	1	$2y$10$EwwUcg5Y1tTB9dIivVgES.F/dbMY3Ws9o351i5xvBYfNC3/KFUCQi	2023-08-01 15:40:10	2	zain	test	\N			\N	5ced3000eb92769dcc12f57a926e6018c3d7ab07008444457390e0956ed2bf07	-NalkQmUop1QtKRMUZEx	\N	2023-08-01 15:40:10	2023-08-03 19:45:35	0	0	0	0	1	0	\N	\N	1		\N	0	0	0	\N	0	\N	0	\N	1	\N	0	\N	\N	\N	999999	1	0	\N	0	\N	\N	\N	0	\N	\N	\N	\N	\N	\N	\N	\N	\N	\N	\N	0	\N	\N	0	0	\N	0		
84	mahima1	mahima@gmail.com	971	1122334455	0	$2y$10$nJIZxWKHWuwmbLEYNIPQteJX3rRn2Jb29MWLclXhU3Siamghdh6Ki	\N	2	\N	\N	169106958464cbac905a497.jpg	\N	\N	\N	\N	\N	\N	2023-08-03 13:33:04	2023-08-03 13:35:56	0	0	0	0	0	0	\N	\N	0	\N	\N	0	0	0	\N	0	\N	0	mahima1	1	\N	0	\N	\N	\N	999999	1	0	\N	0	\N	\N	\N	0	\N	\N	\N	\N	\N	\N	\N	\N	\N	\N	\N	0	\N	\N	0	0	\N	0		
82	sahla nissar	sahla9@gmail.com	971	22334646464	1	$2y$10$ZnX0mc1ypu..1o9dNounx.C.zrSawrcLqunn/7HJz.vom0LXgcdQu	2023-08-02 12:34:06	2	sahla	nissar	169106733164cba3c3990ca.jpg		abdhjef ekef kjwf wedfw	\N	6b395b48482d6d43753ec651b5efe69f94ae34d89a4ed0ec74e79418d05ed16b	-NaqEQqqWEq4gsbYK_hQ	\N	2023-08-02 12:34:06	2023-08-04 08:10:33	0	0	0	0	1	0	\N	\N	1		\N	0	0	0	\N	0	\N	0	\N	1	\N	0	\N	\N	\N	999999	1	0	\N	0	\N	\N	\N	0	\N	\N	\N	\N	\N	\N	\N	\N	\N	\N	\N	0	\N	\N	0	0	\N	0		
83	test	test1@gmail.com	\N	123455	0	$2y$10$KQxK3RdciMxOwEzQarzBdeCPJNQ0jkIZNBjSm6RgydBVeDojMBpzq	\N	1	test	test	\N	\N	\N	\N	\N	\N	\N	2023-08-03 13:20:32	\N	0	0	0	0	0	1	\N	\N	0	\N	\N	0	0	0	\N	0	4	0	\N	1	\N	0	\N	\N	\N	999999	1	0	\N	0	\N	\N	\N	0	\N	\N	\N	\N	\N	\N	\N	\N	\N	\N	\N	0	\N	\N	0	0	\N	0		
74	Ayush Katyal	katyalayush@gmail.com	971	9446448484	1	$2y$10$clxIEciSB//bfOfXbB4Hd.SLe6bOy7tZk/Pc1tkdq5M9vK0byRs.e	2023-07-26 10:43:34	2	Ayush Katyal		\N	\N		android	468c4136ad831defc4ff4921fdb4b6a2cde6dded4036682c8a7dac5385b324c4	-NaGn-UCgpADxJjCyGKx	\N	2023-07-26 10:43:34	2023-08-22 10:20:14	0	0	0	0	0	1	\N	\N	1	\N	\N	0	0	0	\N	0	\N	0	\N	1	\N	0	\N	\N	\N	999999	1	0	\N	0	\N	\N	\N	1	\N	\N	\N	\N	\N	\N	\N	\N	\N	\N	\N	0	\N	\N	0	0	\N	0	971	9446448484
85	Mohan Kumar	mohan123@gmail.com	971	828272727	1	$2y$10$jgpVMjYkCo3imqRsYeMopemXkOdiK0kWlDALi1/aOCGq7.wkwbVGC	2023-08-03 13:53:05	2	Mohan	Kumar	\N			\N	4503a723796850c0160a2586a90feba14d48b85a2c16d7883757418bd8f41964	-Navf5ecAGyXnwXafIu_	\N	2023-08-03 13:53:05	2023-08-04 08:26:23	0	0	0	0	1	0	\N	\N	1		\N	0	0	0	\N	0	\N	0	\N	1	\N	0	\N	\N	\N	999999	1	0	\N	0	\N	\N	\N	0	\N	\N	\N	\N	\N	\N	\N	\N	\N	\N	\N	0	\N	\N	0	0	\N	0		
86	airin	airin@gmail.com	971	22334456	0	$2y$10$6ml9.EU9ZN6PGbSegUtrw.PRIsk4qHK0RZRnEHacWJZQVUMCvuQja	\N	2	\N	\N	169113777664ccb6f00c91e.jpeg	\N	\N	\N	\N	\N	\N	2023-08-04 08:29:36	\N	0	0	0	0	1	0	\N	\N	0	\N	\N	0	0	0	\N	0	\N	0	airin	1	\N	0	\N	\N	\N	999999	1	0	\N	0	\N	\N	\N	0	\N	\N	\N	\N	\N	\N	\N	\N	\N	\N	\N	0	\N	\N	0	0	\N	0		
117	Mr. Biswas	nbuser01@mailinator.com	91	9832831811	1	$2y$10$KJmagmUWeLY7hQkDzlWPD.HIRztTz1Oudup/UXiRi/czt85Uo3Bju	2023-08-17 07:12:46	2	Mr.	Biswas	169225967264ddd558c6dfc.png	\N	website	\N	d93b7f3ad815688e1939343062dd75dadb69ba93da9b6ed18c842895b98c3a09	-Nc1Kj5gQc7zYDVtaB65	\N	2023-08-17 07:12:46	2023-08-19 04:59:07	0	0	0	0	1	0	\N	\N	1		\N	0	0	0	\N	0	\N	0	\N	1	\N	0		2023-08-17 07:14:52	0	999999	1	0	\N	0	\N	\N	\N	0	\N	\N	\N	\N	\N	\N	\N	\N	\N	\N	\N	0	\N	\N	0	0	\N	0	91	9832831811
88	sahla nissar	sahla4@gmail.com	971	9898989898	1	$2y$10$wq8liEnZbYkQUQQpk1mXeO.1UwOrsgQXTlqcudY0xLA5cCNw8fqvS	2023-08-04 09:09:58	2	sahla	nissar	\N		\N	\N	0c8bce1efec96e0719db370d9d47f9556c8a30409854b29506f14c800bb10478	-Naznt6JYseT5vljXp_d	\N	2023-08-04 09:09:58	2023-08-04 09:09:58	0	0	0	0	1	0	\N	\N	1		\N	0	0	0	\N	0	\N	0	\N	1	\N	0	\N	\N	\N	999999	1	0	\N	0	\N	\N	\N	0	\N	\N	\N	\N	\N	\N	\N	\N	\N	\N	\N	0	\N	\N	0	0	\N	0		
91	Sam Mendes	sam123@gmail.com	971	9464646464	1	$2y$10$mgkAFpKD6O8gTBkMC8Q/1.hOEOWUKndV/TyfygY7TZaR3IRNzxrvm	2023-08-05 10:56:59	2	Sam	Mendes	\N		1111	\N	eb34ce1095aa9bce9a9f8197509bdc8b09f2119b076c2b13697069b6bc597116	-Nb4Kya1sCa1mPt38IXg	\N	2023-08-05 10:56:59	2023-08-05 12:36:11	0	0	0	0	1	0	\N	\N	1		\N	0	0	0	\N	0	\N	0	\N	1	\N	0	\N	\N	\N	999999	1	0	\N	0	\N	\N	\N	0	\N	\N	\N	\N	\N	\N	\N	\N	\N	\N	\N	0	\N	\N	0	0	\N	0		
76	sahla nissar	sahla1@gmail.com	971	979797979797	1	$2y$10$ygXB/jcmhoqVp4mh4WLHouGTGJXPLTxA81AS44BLiwPFqKutH4qW.	2023-07-29 10:51:59	2	sahla	nissar	169114822564ccdfc1177c9.jpg		cGQt-WVYQqu0l87BLuf9Zt:APA91bHvNGjFdb7hJr9nZjtv9yeGh0Zw_CssOpQqwZSWezfIMCjP4P0-DNz5qE3SACUAaaq7DObj-E4DjBU7zRPUNgYKpt1w1tGca8JRl-B_TwYRXzkQNd9sE14BQcojkeR-ZE5F3YMK	\N	8715ee41d8b11c7734813a1629770ccdb877ed1151c6641d54e99a45e505742c	-NaWGh-aJMnjqpLZLy-9	\N	2023-07-29 10:51:59	2023-08-04 11:23:45	0	0	0	0	1	0	\N	\N	1		\N	0	0	0	\N	0	\N	0	\N	1	\N	0	\N	\N	\N	999999	1	0	\N	0	\N	\N	\N	0	\N	\N	\N	\N	\N	\N	\N	\N	\N	\N	\N	0	\N	\N	0	0	\N	0		
93	Hunain Ahmad.	hunainahmad12345@gmail.com	\N	0	0	$2y$10$PcleMVRFFbvwZNUTRgGpX.ZoNXyc7FaHP1t6rpS29ZJ5.UlxoeDei	2023-08-05 15:34:30	2	Hunain Ahmad.		\N	\N	e2aArsNAT8KxPWygu7GHpD:APA91bFhD6v7Vhm_7AMJjQ-Mn1gGOjFz2xmkDv2ONFGWdtTOFsosd6oBvO8yQajaQ8HYB4w2Bg47-mWv4QQcIh3TGIKYSEwmtOS8Loj_hB8uMNfyEVo11GXXZ6o7air2IBRS8tiE8_F9	android	594a2eb234f258e71850453a62d664a19b5f805384c0969ae0c17b8c82039d0c	-Nb5KUZAIonKwLLQGjaM	\N	2023-08-05 15:34:30	2023-08-05 15:34:30	0	0	0	0	1	0	\N	\N	1	\N	\N	0	0	0	\N	0	\N	0	\N	1	\N	0	\N	\N	\N	999999	1	0	\N	0	\N	\N	\N	1	\N	\N	\N	\N	\N	\N	\N	\N	\N	\N	\N	0	\N	\N	0	0	\N	0		
98	\N	drft@gmail.com	\N	0	0	$2y$10$P6pU9vl/hyhdQRojWU0Yhe6iGdTcCrto98WG7fhilkneHSCYu4qH.	\N	5	\N	\N	\N	\N	\N	\N	\N	\N	\N	2023-08-12 15:33:28	2023-08-12 15:33:28	0	0	0	0	0	0	\N	\N	0	\N	\N	0	0	0	\N	0	\N	0	\N	1	\N	0	\N	\N	\N	999999	1	0	\N	0	\N	\N	\N	0	\N	\N	\N	\N	\N	\N	\N	\N	\N	\N	\N	0	\N	\N	0	0	\N	0		
100	\N	abc@gmail.com	\N	0	0	$2y$10$beRdpz0PUFPLhu.jj0hf2ORT.ruzBzoArPqGpcNczIQgSw3T1wJzO	\N	5	\N	\N	\N	\N	\N	\N	\N	\N	\N	2023-08-12 15:37:44	2023-08-18 11:26:18	0	0	0	0	0	0	\N	\N	0	\N	\N	0	0	0	\N	0	2	0	\N	1	\N	0	\N	\N	\N	999999	1	0	\N	0	\N	\N	\N	0	\N	\N	\N	\N	\N	\N	\N	\N	\N	\N	\N	0	\N	\N	0	0	\N	0		
97	Hybrid ITServies	hybridtservicesapp@gmail.com	971	613131	1	$2y$10$zZ8VRtL2xywS4V01qJLkQ.VsNMk7ZPXruahqMt5hhgLGKsjImBl/q	2023-08-08 15:29:20	2	Hybrid ITServies		\N	\N		android	c5cb082e641be39ac9ce990d00196b1636683d6dd66374c21c7894ac4f2c45c0	-NbKl4EOcjed0GACrgyj	\N	2023-08-08 15:29:20	2023-08-08 15:30:39	0	0	0	0	1	0	\N	\N	1	\N	\N	0	0	0	\N	0	\N	0	\N	1	\N	0	\N	\N	\N	999999	1	0	\N	0	\N	\N	\N	1	\N	\N	\N	\N	\N	\N	\N	\N	\N	\N	\N	0	\N	\N	0	0	\N	0	971	613131
101	\N	filip@gmail.com	\N	0	0	$2y$10$lYCCkViV3Nk8834rP0.BoeHTgrwu5fGTc/T33W34xvI3ydRAi9QQ2	\N	5	\N	\N	\N	\N	\N	\N	\N	\N	\N	2023-08-12 15:38:06	2023-08-15 14:04:46	0	0	0	0	0	0	\N	\N	0	\N	\N	0	0	0	\N	0	2	0	\N	1	\N	0	\N	\N	\N	999999	1	0	\N	0	\N	\N	\N	0	\N	\N	\N	\N	\N	\N	\N	\N	\N	\N	\N	0	\N	\N	0	0	\N	0		
94	aamir anwar	aamir44@admin.com	971	05640050909	1	$2y$10$yUGKbrxU6ztNhSZbB8q8pujXF5FFRoY8tW0hIJ4UmvxQxOUC1KhQa	2023-08-08 04:31:51	2	aamir	anwar	\N		\N	\N	f09c308f8803c9810efa016635818225932ecacae7d46a0efdfe76044509f33c	-NbIPa96882UaATdwvlp	\N	2023-08-08 04:31:51	2023-08-08 04:31:52	0	0	0	0	1	0	\N	\N	1		\N	0	0	0	\N	0	\N	0	\N	1	\N	0	\N	\N	\N	999999	1	0	\N	0	\N	\N	\N	0	\N	\N	\N	\N	\N	\N	\N	\N	\N	\N	\N	0	\N	\N	0	0	\N	0		
95	Sahla nissar d	sahlanissar5@gmail.com	971	5154545454	1	$2y$10$2dNXAVM1PS3bUTauzAATQuzaI6uR/RyQiyHeZ/9u3voHrgHjGVvl2	2023-08-08 11:12:04	2	Sahla nissar	d	169269013664e466d8368c1.jpg	\N	eKQkx4ZS608Ws1ot81vz83:APA91bGJCwEOLerUJDLF9ravn2NYaqyDQRIbB8CIbMCY-FR83j4TbzVfuP0DO9Kff8c-TbFCFaMtuiOZ2gCPu5s1uTrsY3SBaqcgaHruEjkus2DOZvw0ZaGjDCYInVIxIDSMKmJLJ1yE	iOS	4c2e3a0f085016d3fd8ef9a4f5426c16693a71a6078f9c7dc29c7c9322ec42f9	-NbJqBg2dAZ2DhinGkJ5	\N	2023-08-08 11:12:04	2023-08-22 07:42:16	0	0	0	0	1	0	\N	\N	1	\N	\N	0	0	0	\N	0	\N	0	\N	1	\N	0	\N	\N	\N	999999	1	0	\N	0	\N	\N	\N	1	\N	\N	\N	\N	\N	\N	\N	\N	\N	\N	\N	0	\N	\N	0	0	\N	0	971	5154545454
92	sahla nissar test	sahlanissar41@gmail.com	234	505484666	1	$2y$10$1CShBF4l2dCAJvoEMKEEAOUfnhHxpRiPDT24NEIutNIpMcBICIWE6	2023-08-05 13:29:38	2	sahla nissar	test	\N	\N	eQnjzgCfTe2dC9dLa-ZGxq:APA91bG_FtdYt0JSDPuT6sjbsryEYFAD5BrdmpXI9-w9HW0o39NZl_Fm3tXAqNRwIrvgaTc8X3hfUUjeE7lTDV9u5Uaf4Xbicl0YNeK_4nNNzi9ITORxZRmdLViFN4CarrG_8JXvjjRm	android	546a8012bbc9c6c9d469aa41099b1414ac0f0ad92dfc9df148e5a2f8469178b3	-Nb4suYyLBZ__CdPQ1LV	\N	2023-08-05 13:29:38	2023-09-19 20:31:51	0	0	0	0	1	0	\N	\N	1	\N	\N	0	0	0	\N	0	\N	0	\N	1	\N	0	\N	\N	\N	999999	1	0	\N	0	\N	\N	\N	1	\N	\N	\N	\N	\N	\N	\N	\N	\N	\N	\N	0	\N	\N	0	0	\N	0	234	505484666
96	sahla1 nissar1	sahla1000@gmail.com	971	9444445442	1	$2y$10$xoNCpNtVhlhQE8c2mMZtge4Hd..V6DJhF4wcep3LvvkWNGusp9xaG	2023-08-08 11:45:01	2	sahla1	nissar1	\N			\N	9305d53037e74f40ca68908d955b1f4c3e58524c00aefc54d04133b10c4d160a	-NbJxjOUx_6yQmasfJOP	\N	2023-08-08 11:45:01	2023-08-16 06:05:09	0	0	0	0	1	0	\N	\N	1		\N	0	0	0	\N	0	\N	0	\N	1	\N	0		2023-08-11 10:46:30	0	999999	1	0	\N	0	\N	\N	\N	0	\N	\N	\N	\N	\N	\N	\N	\N	\N	\N	\N	0	\N	\N	0	0	\N	0		
69	Aamir .	aamir1@gmail.com	92	3028066321	1	$2y$10$LZfA8wuxxpEoq.oSF32AqOlW.hKDvhnVl6VZblBR3RAAQWJOVQV4K	2023-07-20 11:35:52	2	Aamir	.	\N	\N	1111	\N	5b61a06e99f04cde629a5a2ede2249124631dd7978b85320357d07b911300788	-N_n4R1BXGv2rOVxtStD	\N	2023-07-20 11:35:52	2023-11-03 07:05:17	0	0	0	0	1	0	\N	\N	1		\N	0	0	0	\N	0	\N	0	\N	1	\N	0	eba1d63a6c6c66d79bccf258e57ea1ef5c0303d01d4e2ef9ca6236c597051401	2023-11-03 05:00:09	2834	999999	1	0	\N	0	\N	\N	\N	0	\N	\N	\N	\N	\N	\N	\N	\N	\N	\N	\N	0	\N	\N	0	0	\N	0	92	3028066321
102	\N	dr4@hmail.com	\N	0	0	$2y$10$ZfKDRMR002L3qIWYOTr/e.O1CHixudOPULYQakxz7/YeIzqwqCNAu	\N	5	\N	\N	\N	\N	\N	\N	\N	\N	\N	2023-08-12 15:38:50	2023-08-12 15:38:50	0	0	0	0	0	0	\N	\N	0	\N	\N	0	0	0	\N	0	2	0	\N	1	\N	0	\N	\N	\N	999999	1	0	\N	0	\N	\N	\N	0	\N	\N	\N	\N	\N	\N	\N	\N	\N	\N	\N	0	\N	\N	0	0	\N	0		
99	\N	dr.ft@gmail.com	\N	0	0	$2y$10$TLeDu73OyErBiAc5Mx/8QO9wJBKSa4C5gsaVjDC.mGGlGlUmZ7Hxi	\N	5	\N	\N	\N	\N	\N	\N	\N	\N	\N	2023-08-12 15:37:14	2023-08-18 11:20:30	0	0	0	0	0	0	\N	\N	0	\N	\N	0	0	0	\N	0	2	0	\N	1	\N	0	\N	\N	\N	999999	1	0	\N	0	\N	\N	\N	0	\N	\N	\N	\N	\N	\N	\N	\N	\N	\N	\N	0	\N	\N	0	0	\N	0		
89	Zain Falak	z.falak777@gmail.com	971	91616131	1	$2y$10$Mctyia8x/ZBr0FHKfcv5VeFGCY0aTvCLAptgEIA4wNqvXnVQ.I9sC	2023-08-04 16:12:06	2	Zain Falak		\N	\N		iOS	f136f0ca5df2f98d6e80675a664bde473aa37d3be653965be4659fc98a5c207c	-Nb0JVicIFPYPlnAIwnz	\N	2023-08-04 16:12:06	2023-09-14 13:13:30	0	0	0	0	1	0	\N	\N	1	\N	\N	0	0	0	\N	0	\N	0	\N	1	\N	0	\N	\N	\N	999999	1	0	\N	0	\N	\N	\N	1	\N	\N	\N	\N	\N	\N	\N	\N	\N	\N	\N	0	\N	\N	0	0	\N	0	971	91616131
108	Anil Navis	anilnavis@gmail.com	234	5552589468	1	$2y$10$UoILdZq.aLhF/BRHihregeCyyph0wtJ93dliy3EE0ijO.bQV98z9y	2023-08-15 12:47:21	2	Anil	Navis	169210614264db7d9eb5c48.jpg	\N	dOMnO5HHg0EVhZ0pOB2di_:APA91bGmU1mGD__ZcmLtkphp442atCLI11imgIkgwEobtKBXK9mI0qaMOlLAoxo-Xk3CFj5W73r1p5zZJO33JZkwuxepzdXBEyi8S3ou4QcBm4t5sYqaVIG_L-rebA1fWTBvuOSwGdSj	\N	05c90b9e101371962f847eafdad06057a8499a23c3d43f7b563e21d1561f978b	-NbtE7nL_Q9RZkiv1TJg	\N	2023-08-15 12:47:21	2023-09-20 11:32:38	0	0	0	0	1	0	\N	\N	1		\N	0	0	0	\N	0	\N	0	\N	1	\N	0		2023-09-17 14:51:24	0	999999	1	0	\N	0	\N	\N	\N	0	\N	\N	\N	\N	\N	\N	\N	\N	\N	\N	\N	0	\N	\N	0	0	\N	0	234	5552589468
104	324	dsd@gmail.com	\N	123455	0	$2y$10$y5gXn/eWJYonhjWbB9W4VOttOmPSJLq2p7xsacw9fIthTknvUSOYS	\N	1	test	test	\N	\N	\N	\N	\N	\N	\N	2023-08-15 11:11:59	\N	0	0	0	0	0	1	\N	\N	0	\N	\N	0	0	0	\N	0	1	0	\N	1	\N	0	\N	\N	\N	999999	1	0	\N	0	\N	\N	\N	0	\N	\N	\N	\N	\N	\N	\N	\N	\N	\N	\N	0	\N	\N	0	0	\N	0		
90	Anil Navis navsis	navis..anil@gmail.com	971	242848585	1	$2y$10$iaS8iqfAJzZqma7AU80PP.W.if0Q8AMdVMQBTJk0/HrSwkPD2QC9y	2023-08-05 04:58:21	2	Anil Navis	navsis	\N	\N	fV6EMyHjqkz-qpmxuUKzjz:APA91bHrpmY4b1VogE2cyJySAlZt8xByz1GcIQxIyfp2YtP22zb7AVCIDKOas3PZ7P_NyiwHxlFk1NRHaU9P6R3wjqTo8jKlDpdQQHZgYyvlqxOE6Gf-Tc77aOT_OORMZNnnNBbaoUVQ	iOS	2521666616749ed593726b03290466094ed7eb642aff3b939ea7c7c756e99278	-Nb32t7ye_F1pepT79oB	\N	2023-08-05 04:58:21	2023-08-15 08:38:01	0	0	0	0	1	0	\N	\N	1	\N	\N	0	0	0	\N	0	\N	0	\N	1	\N	0	\N	\N	\N	999999	1	0	\N	0	\N	\N	\N	1	\N	\N	\N	\N	\N	\N	\N	\N	\N	\N	\N	0	\N	\N	0	0	\N	0	971	2428434843
112	rajitha ram	rajitharaji1998@gmail.com	971	551794838	1	$2y$10$MjtboNwH03QarS2ZCdUOwuCmEzkhT1.EWuRcgOfFSubr3qZzzv8ai	2023-08-17 06:02:13	2	rajitha	ram	169226331764dde3959c22d.jpg		eTBthmtcykIAu6ggkDGUep:APA91bFGSs5ThShf9GCYYQbu7EyBzgKiy-BANCcL3CtivNP8hxeET8qLD6KQDRIDTTXoj8sZbcyvfPWnURmjeHl2VPzHZylq4hVyqhTjhR3Afo9_UvBApMMvgGdTVVpF57wh2iXRt7rk	\N	27aca3be292fd339d54db286d3697fbe65809cccfd82333ab40289addcfa6d00	-Nc14_fbYyDIfcYSmp50	\N	2023-08-17 06:02:13	2023-08-19 09:39:58	0	0	0	0	1	0	\N	\N	1		\N	0	0	0	\N	0	\N	0	\N	1	\N	0	\N	\N	\N	999999	1	0	\N	0	\N	\N	\N	0	\N	\N	\N	\N	\N	\N	\N	\N	\N	\N	\N	0	\N	\N	0	0	\N	0		
110	It's Arif Naveed	arifnaveed1997@gmail.com	\N	0	0	$2y$10$Sru63CjLWcM39TCmwj7MnOWBc0vitIraz3EzrI7ssAitWZDEJO8Nm	2023-08-16 06:38:01	2	It's Arif Naveed		\N	\N	dWl0oW_tzkvdmxg89DjO2u:APA91bGgjiK_XvxhKABdyyUYC6eecY1PHO7-X2mwWHRVcmBrOk-WBksBmvuLX2wUuE3j_OoL0mu6IeC6gbDbGkWEHbQWPStqU4RO7Tcs737a8bJFOpi1M9vDsNXJohEErkmyVP5YJxvj	iOS	5870b0d568430f313c04a86d9b9a236e5fa9ba0acbf44da96344208f1ff9bdd4	-Nbx3BDR9UgLJlmxsOaY	\N	2023-08-16 06:38:01	2023-08-16 06:38:01	0	0	0	0	1	0	\N	\N	1	\N	\N	0	0	0	\N	0	\N	0	\N	1	\N	0	\N	\N	\N	999999	1	0	\N	0	\N	\N	\N	1	\N	\N	\N	\N	\N	\N	\N	\N	\N	\N	\N	0	\N	\N	0	0	\N	0		
113	AJESHKUMAR CHEMPANKULAM DIVAKARAN	ajeshkumarcd@hotmail.com	971	505041860	1	$2y$10$bFRGBflXJQci/M4suv0Cd.oZgSscyTmyaP5qzpId/wZe67Gtnp0F6	2023-08-17 06:13:53	2	AJESHKUMAR CHEMPANKULAM DIVAKARAN		\N	\N		iOS	4dd969d08437b4ffce6958f48355793ed9e581a87169a774455fe294be32f13b	-Nc17FV2GT_YhmA41cdu	\N	2023-08-17 06:13:53	2023-08-22 04:27:14	0	0	0	0	1	0	\N	\N	1	\N	\N	0	0	0	\N	0	\N	0	\N	1	\N	0	\N	\N	\N	999999	1	0	\N	0	\N	\N	\N	1	\N	\N	\N	\N	\N	\N	\N	\N	\N	\N	\N	0	\N	\N	0	0	\N	0	971	505041860
111	a sh	test009@gmail.com	971	8484	1	$2y$10$OXZrpnpxI1ALd5WBJ8pOqudCFwMcRROcIyrnAJbV0LQm5ykQh6/Py	2023-08-16 11:08:34	2	a	sh	\N			\N	18b2a7a6211b33195101f09f873c7062c2ab26a7ec356b6f2496c3784ed7fddd	-Nby16VxXaYdSXqPqsf4	\N	2023-08-16 11:08:34	2023-08-16 15:39:56	0	0	0	0	1	0	\N	\N	1		\N	0	0	0	\N	0	\N	0	\N	1	\N	0	\N	\N	\N	999999	1	0	\N	0	\N	\N	\N	0	\N	\N	\N	\N	\N	\N	\N	\N	\N	\N	\N	0	\N	\N	0	0	\N	0		
105	sahla	sahla3@gmail.com	992	2233445566	0	$2y$10$65GS85QdQzJBujlV5yanbu34OJgd2/6fIHYo4gZy0rNLMxk6Py906	\N	2	\N	\N	169209845464db5f96283d0.png	\N	\N	\N	\N	\N	\N	2023-08-15 11:20:54	\N	0	0	0	0	1	0	\N	\N	0	\N	\N	0	0	0	\N	0	\N	0	sahla	1	\N	0	\N	\N	\N	999999	1	0	\N	0	\N	\N	\N	0	\N	\N	\N	\N	\N	\N	\N	\N	\N	\N	\N	0	\N	\N	0	0	\N	0		
107	sahla nissar	sahla10@gmail.com	971	50548463333	1	$2y$10$nj.hoS3MfxyXbYWMOozomOpNLmTH65otzV0MmsBpXqRL1csJZCkyG	2023-08-15 12:45:34	2	sahla	nissar	\N		website	\N	f0168df2713637387f5a27e2c31002e362bcb200d1439dda57119cf52dbb33bd	-NbtDi_Xul2VOt7Bjjmm	\N	2023-08-15 12:45:34	2023-08-16 04:18:59	0	0	0	0	1	0	\N	\N	1		\N	0	0	0	\N	0	\N	0	\N	1	\N	0	\N	\N	\N	999999	1	0	\N	0	\N	\N	\N	0	\N	\N	\N	\N	\N	\N	\N	\N	\N	\N	\N	0	\N	\N	0	0	\N	0		
103	Jagdish Kumar	jagdish123@gmail.com	971	946464617	1	$2y$10$uLQAkSc7dup85eLAFQPQu.JcJWda/KNdCHd7A2JU9xIUCe36vPVnm	2023-08-14 11:09:32	2	Jagdish	Kumar	169252117564e1d2d71085d.jpg	\N		\N	925c733a221a7eb8e8db05a5f6eae73ae8215f519f03236dad72f6031de3e86b	-Nbnj92yYcA_0pJLen7V	\N	2023-08-14 11:09:32	2023-10-20 05:51:42	0	0	0	0	1	0	\N	\N	1		\N	0	0	0	\N	0	\N	0	\N	1	\N	0	\N	\N	\N	999999	1	0	\N	0	\N	\N	\N	0	\N	\N	\N	\N	\N	\N	\N	\N	\N	\N	\N	0	\N	\N	0	0	\N	0	971	946464617
115	anil navis	anil@dxbusinessgroup.com	971	8464664659	1	$2y$10$m6Pc6DZNqi9Lf9OMzXUavevXNdBMOXgQU97hcrISv1JZIpQF5kdt.	2023-08-17 07:01:13	2	anil	navis	169268563864e455469e6ed.jpg	\N		\N	d48024249d02eb262438bf836aae0afb87e33ed1cfa7c871afe2a1e3dd7ba8d3	-Nc1I596L-e4gFlYE4If	\N	2023-08-17 07:01:13	2023-08-22 09:26:24	0	0	0	0	1	0	\N	\N	1		\N	0	0	0	\N	0	\N	0	\N	1	\N	0	\N	\N	\N	999999	1	0	\N	0	\N	\N	\N	1	\N	\N	\N	\N	\N	\N	\N	\N	\N	\N	\N	0	\N	\N	0	0	\N	0	971	8464664659
109	Anil Navis	navis..anil@gmail.com	971	2434546494	1	$2y$10$u.1.2yvYU7q0s067ILIBLefjbL0tJI4W.uR4JGQQnY/i8xNS8ARTy	2023-08-16 02:31:59	2	Anil Navis		\N	\N		iOS	b3aab3897dbe615ebb0428cf4f1575cabd64136dbd21103607ad1e0334827a5e	-NbwAsGtKpyW3DGGum1X	\N	2023-08-16 02:31:59	2023-08-17 06:31:32	0	0	0	0	1	0	\N	\N	1	\N	\N	0	0	0	\N	0	\N	0	\N	1	\N	0	\N	\N	\N	999999	1	0	\N	0	\N	\N	\N	1	\N	\N	\N	\N	\N	\N	\N	\N	\N	\N	\N	0	\N	\N	0	0	\N	0	971	2434546494
114	Ajesh Kumar cd	ajeshcd@gmail.com	971	505041861	1	$2y$10$JOisyugVOjERNTVWPasMjeHoR/IB/Np7MZGLkZhPN3r6PPu.nvwRG	2023-08-17 06:31:14	2	Ajesh Kumar cd		\N	\N		iOS	6d7097baf721da5adff0b497c9767dc0689aaae1092f2754e53db3255adcb4bf	-Nc1BDYkuFwq4idy8du_	\N	2023-08-17 06:31:14	2023-08-22 09:26:07	0	0	0	0	1	0	\N	\N	1	\N	\N	0	0	0	\N	0	\N	0	\N	1	\N	0	\N	\N	\N	999999	1	0	\N	0	\N	\N	\N	1	\N	\N	\N	\N	\N	\N	\N	\N	\N	\N	\N	0	\N	\N	0	0	\N	0	971	505041861
106	Aamir Aamir	id.aamiranwar@gmail.com	971	1112112	1	$2y$10$t1C42L1gPu/4K5UCwAh2K.uTZiTyMitQ353hJ5psKYjJxIEU4p4Ce	2023-08-15 11:56:37	2	Aamir	Aamir	\N		\N	\N	7187e23b3cc88d15a64c575a35bb6e1f21a87a83d23cd2276c5d0d97fb39137d	-Nbt2WV14j9eLikmoKBq	\N	2023-08-15 11:56:37	2023-11-02 08:34:57	0	0	0	0	1	0	\N	\N	1		\N	0	0	0	\N	0	\N	0	\N	1	\N	0	7c4226b2f04ee8dd299c9721edd1a88d3eaa0096ae589d87d0ac96b74da307c0	2023-11-02 08:34:57	8475	999999	1	0	\N	0	\N	\N	\N	0	\N	\N	\N	\N	\N	\N	\N	\N	\N	\N	\N	0	\N	\N	0	0	\N	0		
126	Rajitha R	testdxb189@gmail.com	971	512586322	1	$2y$10$EWu2M0MvoD3FvNTQg.c0T.PpxcrODSvdhY8TzYOyoMlFb1yPfa4Ba	2023-08-22 05:15:31	2	Rajitha	R	169269113364e46abdef1fa.jpg	\N		iOS	76f98de792e129d73a30690aa2e0560e30928f175abb22ae0fccfb65f8148351	-NcQeqIsS_jUzmZ33uW2	\N	2023-08-22 05:15:31	2023-08-22 11:27:56	0	0	0	0	1	0	\N	\N	1	\N	\N	0	0	0	\N	0	\N	0	\N	1	\N	0	79fe02873c28580239de6d49e1d24a9b891f82824f87fd022d109402b104ad0e	2023-08-22 09:39:09	1111	999999	1	0	\N	0	\N	\N	\N	1	\N	\N	\N	\N	\N	\N	\N	\N	\N	\N	\N	0	\N	\N	0	0	\N	0	971	512586322
125	fshsh hshs	v@v.com	971	2434384648	1	$2y$10$.XmBXcWbTsbAheNYEF/HRuPyqd92DcGjgRFFK0pWM4IMS5qblPw0O	2023-08-22 04:29:43	2	fshsh	hshs	\N			\N	8a69be259925d360b24c47c31839fb7710d2b1d6c719c7b54c04aacd18e1995e	-NcQVMQGckZ-WfJzMkRi	\N	2023-08-22 04:29:43	2023-08-22 04:30:14	0	0	0	0	1	0	\N	\N	1		\N	0	0	0	\N	0	\N	0	\N	1	\N	0	\N	\N	\N	999999	1	0	\N	0	\N	\N	\N	0	\N	\N	\N	\N	\N	\N	\N	\N	\N	\N	\N	0	\N	\N	0	0	\N	0		
120	rajitha ramakrishna	rajithadxb@hotmail.com	971	502693489	1	$2y$10$QbWdxBJDARRDWUgjeWVyVepytC7AcmoDsGlKOLjTlvnNO0Vfgax6e	2023-08-18 06:51:43	2	rajitha	ramakrishna	\N		\N	\N	6679c1dc47a6209491be5ca77d403f46c9ebc0e2cc3ed9113840d1d2f9a86732	-Nc6OyV49vNcA4U-AlM8	\N	2023-08-18 06:49:24	2023-08-18 06:51:44	0	0	0	0	1	0	\N	\N	1		\N	0	0	0	\N	0	\N	0	\N	1	\N	0	\N	\N	\N	999999	1	0	\N	0	\N	\N	\N	0	\N	\N	\N	\N	\N	\N	\N	\N	\N	\N	\N	0	\N	\N	0	0	\N	0		
121	test test	testdxb1998@gmail.com	971	551462678	1	$2y$10$rQ3MkSjSxz0pS4qw6ToOsOzZ5V/Xv.0XvvxFpLGgoOyBEXWQ3CERu	2023-08-18 10:42:41	2	test	test	\N		\N	\N	b21d344e668b44529c009aa3dd16742caf73076b82ad497cda352e0bb7b7a965	-Nc7EMp_xmr2kphS-tlQ	\N	2023-08-18 10:42:41	2023-08-18 10:42:42	0	0	0	0	1	0	\N	\N	1		\N	0	0	0	\N	0	\N	0	\N	1	\N	0	\N	\N	\N	999999	1	0	\N	0	\N	\N	\N	0	\N	\N	\N	\N	\N	\N	\N	\N	\N	\N	\N	0	\N	\N	0	0	\N	0		
54	sunil Sharma	sunil123@gmail.com	971	84545455	1	$2y$10$QgHpX8PFwlV3klwiI4RrnePcN09YCTjBMsNdlUljqC36ECRsPUZOW	2023-06-05 08:52:30	2	sunil	Sharma	169259484864e2f2a097249.jpg	\N	dCL8PMzdeE-3rQN34FPhh0:APA91bESExm0dpN3Pql0nV3mQIueVNnTbTgjDuvPbuqt0iU0ugcOQ41xjPA77kNu4vZVtG3O39shZOBqUYA6QAR4YkWNu33RRTNY7LYt-oXeI9OJ5buAsw9KsfdbZkpOI8fiIL04KB47	android	0a49a29f1187963e60d5411687bc5a1e6c3948f96687ab411e3197438ba04c40	-NX9kVMywR0jcbPowv99	\N	2023-06-05 08:52:30	2023-08-23 05:43:28	0	0	0	0	1	0	\N	\N	1	3265	\N	0	0	0	\N	0	\N	0	\N	1	\N	0	ef6ec878b61b760a535c403ed1beacebed5676dde16d3e8628b4d1e0893e0931	2023-06-12 10:19:48	4958	999999	1	0	\N	0	\N	\N	\N	0	\N	\N	\N	\N	\N	\N	\N	\N	\N	\N	\N	0	\N	\N	0	0	\N	0	971	84545455
144	Anil navis	1c@1c.com	234	545404684	1	$2y$10$4eahkv7Wm4m/j1d5gYXupew8ZT8dfjaZxdUyFfwRQLZY501/po.FO	2023-09-19 14:31:02	2	Anil	navis	\N			\N	576bebb6e84627b051d77c01a1436adaedc97631e3e625a431ba350e8526ef93	-NehqVpziR7GLdoxQotU	\N	2023-09-19 14:31:02	2023-09-19 14:31:45	0	0	0	0	1	0	\N	\N	1		\N	0	0	0	\N	0	\N	0	\N	1	\N	0	\N	\N	\N	999999	1	0	\N	0	\N	\N	\N	0	\N	\N	\N	\N	\N	\N	\N	\N	\N	\N	\N	0	\N	\N	0	0	\N	0		
127	MAHIDXB DXB	dxbmahidxb@gmail.com	971	564005096	1	$2y$10$Kc1lwBqUglRn56DwuciGl.7jXUbhswZ.IZGzR1/Ts4lDFeCeNMu8q	2023-08-22 05:27:18	2	MAHIDXB DXB		\N	\N		android	81de9278c8b9283aa6a3b7588091b289154a3fb9e1b00828ef5d37d7f9a4514a	-NcQhXoGGMZRtZF6pTmO	\N	2023-08-22 05:27:18	2023-08-22 06:19:22	0	0	0	0	1	0	\N	\N	1	\N	\N	0	0	0	\N	0	\N	0	\N	1	\N	0	\N	\N	\N	999999	1	0	\N	0	\N	\N	\N	1	\N	\N	\N	\N	\N	\N	\N	\N	\N	\N	\N	0	\N	\N	0	0	\N	0	971	564005096
124	test sam	rajitha18071998@gmail.com	971	556789098	1	$2y$10$mgBx1S3UqFeuDm5.Tq63zuqt72w8higdt5YCB5pfCOuEcMcdWgKmq	2023-08-21 07:27:15	2	test	sam	\N		\N	\N	44854e73b255351aba9da0c8833d99b77cad445288c0bbb859913481f07ee1c7	-NcLzPBVcId2IBPs_BpQ	\N	2023-08-21 07:27:15	2023-08-21 07:27:15	0	0	0	0	1	0	\N	\N	1		\N	0	0	0	\N	0	\N	0	\N	1	\N	0	\N	\N	\N	999999	1	0	\N	0	\N	\N	\N	0	\N	\N	\N	\N	\N	\N	\N	\N	\N	\N	\N	0	\N	\N	0	0	\N	0		
123	test dxb	testdxb18@gmail.com	971	554321456	0	$2y$10$JrwcpIJl9OH0zCCJwqUV5eMVi/ze.KzbUNevWNGXLmSJbWZ/xWQj6	2023-08-21 06:57:13	2	test	dxb	\N	1111	e6P02VDdgkftuJFx8YGe1j:APA91bGWzNiBRrrbe6OWw-zRvedneOUtdnmLj_W17-vwrKFWdIGI_dajoaS3JClK--iv1R4bhqYFPNeNYY7AMtgdlSK6DDXvU4uh6YaZlyG45yRoQa_SW34uOyaJJW80Nd7F8gPh0dr7	\N	0d9d1a39aba21dc70119ef11f4b5caaa38fb0f0e8f9bcbb781376525956a20ca	-NcLsX9zISqIzhm-7yFP	\N	2023-08-21 06:57:13	2023-08-23 07:12:08	0	0	0	0	1	0	\N	\N	1		\N	0	0	0	\N	0	\N	0	\N	1	\N	0		2023-08-22 09:39:51	0	999999	1	0	\N	0	\N	\N	\N	1	\N	\N	\N	\N	\N	\N	\N	\N	\N	\N	\N	0	\N	\N	0	0	\N	0	971	554976312
128	Titus Tress	titus@yopmail.com	971	5648876466	1	$2y$10$CwCu4giMF7kBCaoIhZf//O4qqEO1fE0.zYKdLN2DEGdOcQJEQ9x5.	2023-08-22 06:25:08	2	Titus	Tress	169268553064e454da72183.jpg			\N	f5acea5996dcaa7f8fa38be85d031b41c7e777c6d768a6aff6fdab0309bfcfa0	-NcQum90y9Dgq-3Tcq3f	\N	2023-08-22 06:25:08	2023-08-22 07:41:43	0	0	0	0	1	0	\N	\N	1		\N	0	0	0	\N	0	\N	0	\N	1	\N	0		2023-08-22 07:40:56	0	999999	1	0	\N	0	\N	\N	\N	0	\N	\N	\N	\N	\N	\N	\N	\N	\N	\N	\N	0	\N	\N	0	0	\N	0		
122	rusvin k	rusvinmerak@gmail.com	971	7034526952	0	$2y$10$OUR23DLtZGOMPjQ7aswU8OjvCKTNQEpF4AyqnxrOWMteTl6E.QA/S	2023-08-19 10:33:08	2	rusvin	k	\N	1111	website	\N	247cb2d536ba3f15019c22e53a3a4c1d665fc9673fdc091f387e181b36c58565	-NcCLlYf9Qg14W7JgF-n	\N	2023-08-19 10:33:08	2023-11-06 11:14:04	0	0	0	0	1	0	\N	\N	1		\N	0	0	0	\N	0	\N	0	\N	1	\N	0	ac6330a9e08e00aed30ee852f0f808492e21c889cd3ea2e758cc564e1c9756c9	2023-09-27 14:21:45	1111	999999	1	0	\N	0	\N	\N	\N	0	\N	\N	\N	\N	\N	\N	\N	\N	\N	\N	\N	0	\N	\N	0	0	\N	0	234	7034526954
129	Pranali Magdum M	pranali.magdum@icloud.com	971	5418858896	1	$2y$10$8zmqmcI7fHDed5Ybk9DFBOHxjczR0y2uMlAnyJIB6DyLAldp0UAIG	2023-08-22 07:05:58	2	Pranali Magdum	M	169268876364e4617b89c45.jpg	\N		iOS	d929edabbb45cbc9dcdb087b6c3362357c89eb8a91241fa2a12085b09469145b	-NcR3792uwJGJrLj9sLI	\N	2023-08-22 07:05:58	2023-08-22 07:40:17	0	0	0	0	1	0	\N	\N	1	\N	\N	0	0	0	\N	0	\N	0	\N	1	\N	0	\N	\N	\N	999999	1	0	\N	0	\N	\N	\N	1	\N	\N	\N	\N	\N	\N	\N	\N	\N	\N	\N	0	\N	\N	0	0	\N	0	971	5418858896
77	Jagdish Kumar	jagdish@gmail.com	971	949949494	1	$2y$10$ohqI8GFLxfcyo2UPJ.ct5OjqvHgYrsinU8hOhrYnLg.rhc816yLIe	2023-07-31 07:23:31	2	\N	\N	\N		dUcf9lJWTCqtocbK7v2xdH:APA91bHqiF_jWFyJNWRfKYKkFEUgkcmecQYPylyIqsaLJsk4dZSXzRiF2BVfGTGcTQkTaoPaze59BZhvmMazCtLfxwRoVWBj1L8M6PbM77UE6leWfSEuBtDr2KTpssHinkHb8hvVSw1g	\N	e39bb0d25bde0f34a57b4f44736b00a696607e4d310e5b888cf75c8067fc5a13	-Naep9uWw64TvTr57NPn	\N	2023-07-31 07:23:31	2023-11-02 18:02:33	0	0	0	0	1	0	\N	\N	1		\N	0	0	0	\N	0	\N	0	Jagdish Kumar	1	\N	0	919890292d1fde6e8fa15bc0a118f5fcdc4d597ec630af7b3a0e5f7798d1a6fa	2023-08-07 09:49:56	1111	999999	1	0	\N	0	\N	\N	\N	0	\N	\N	\N	\N	\N	\N	\N	\N	\N	\N	\N	0	\N	\N	0	0	\N	0		
118	Anil Navis hssks	navisanil@gmail.com	234	5232431632	1	$2y$10$t9A7CRanvn/Hlgg2xIy.v.EC9WnRU4u176kRjDJGDWVSOLLzpwtGO	2023-08-17 07:14:32	2	Anil Navis	hssks	169260967264e32c8835a67.jpg	\N	fJjzzepxOkSWkseKYNIGZ3:APA91bELq6fryQP02dnhjKLvQXbdQ569PqXbUYSyCl6nB6lLYntx5gwWYixmmNSQjfiTwgIQxHOKbWSKh0xD1gliiqg3LCd7ady0M25E7zfIsuHdXCCTprTvIvl344LJ0gV4FTa7dvMX	iOS	809c3b3aacc896ab237801e8868c017bc47e4ad1589a26e63e14f927d1de11d4	-Nc1L7sC-FpNOsZBtBl-	\N	2023-08-17 07:14:32	2023-11-02 17:13:49	0	0	0	0	1	0	\N	\N	1	\N	\N	0	0	0	\N	0	\N	0	\N	1	\N	0	\N	\N	\N	999999	1	0	\N	0	\N	\N	\N	1	\N	\N	\N	\N	\N	\N	\N	\N	\N	\N	\N	0	\N	\N	0	0	\N	0	234	5232431632
137	Ayush Katyal	katyalayush@gmail.com	\N	0	0	$2y$10$bCzZ76sSd36.B69F4CCQgeo00FeZAymGyq8cSeKsHOLFgoxXv2j8G	2023-08-24 06:06:04	2	Ayush Katyal		\N	1111		android	5ef795cc4ab93e7bc3072b56b88743ad63d4e5c4afcf6a83ae87536d2ab7e0be	-Nca8a8hNm2sK0nZUo47	\N	2023-08-24 06:06:04	2023-08-30 07:37:08	0	0	0	0	1	0	\N	\N	1	\N	\N	0	0	0	\N	0	\N	0	\N	1	\N	0	\N	\N	\N	999999	1	0	\N	0	\N	\N	\N	1	\N	\N	\N	\N	\N	\N	\N	\N	\N	\N	\N	0	\N	\N	0	0	\N	0	971	5454501181
135	Ajesh Kumar	ajeshkumarcd@gmail.com	971	3243434	1	$2y$10$eJ6VIjVapqxhgAfUbkROfe730B6WpGwd0kWWCXK1WrwQl6TUQ6h2W	2023-08-22 10:52:30	2	Ajesh	Kumar	\N		\N	\N	6fb03b4e2f9b2bfa3c3ec4c604fdb3c8279f55dc40381a8149392cdca94dc771	-NcRryXWCB1-N_BKZyq5	\N	2023-08-22 10:52:30	2023-08-22 10:52:30	0	0	0	0	1	0	\N	\N	1		\N	0	0	0	\N	0	\N	0	\N	1	\N	0	\N	\N	\N	999999	1	0	\N	0	\N	\N	\N	0	\N	\N	\N	\N	\N	\N	\N	\N	\N	\N	\N	0	\N	\N	0	0	\N	0		
133	Ayush Katyal	katyalayush@gmail.com	971	6464646467	1	$2y$10$o5.aQ1ogEReUEbx1ztOu4.LO/X.cNCFZdnaTX0TlxVSCI7OtHgb3y	2023-08-22 10:39:57	2	Ayush Katyal		\N	\N		android	a7f2596131957f71e2927f20dad4228d3e17b0562f338b076a469103597d2e06	-NcRp5fvuSaAB-FcEMe7	\N	2023-08-22 10:39:57	2023-08-22 10:41:23	0	0	0	0	0	1	\N	\N	1	\N	\N	0	0	0	\N	0	\N	0	\N	1	\N	0	\N	\N	\N	999999	1	0	\N	0	\N	\N	\N	1	\N	\N	\N	\N	\N	\N	\N	\N	\N	\N	\N	0	\N	\N	0	0	\N	0	971	6464646467
132	Ayush Katyal	katyalayush@gmail.com	971	9434316164	1	$2y$10$fqBpOz7jMeEXHam673BlGOJdNmYh9s5406I3Lw6V2PABQ8SNU18Fe	2023-08-22 10:20:24	2	Ayush Katyal		\N	\N		android	5268821fbe84018e49beb65ca9fb731886bd49d042299b7ede14e6b244230256	-NcRkcQp93m4_zhqWQ4x	\N	2023-08-22 10:20:24	2023-08-22 10:39:38	0	0	0	0	0	1	\N	\N	1	\N	\N	0	0	0	\N	0	\N	0	\N	1	\N	0	\N	\N	\N	999999	1	0	\N	0	\N	\N	\N	1	\N	\N	\N	\N	\N	\N	\N	\N	\N	\N	\N	0	\N	\N	0	0	\N	0	971	9434316164
131	DEEPSHIKHA SINGH	hr@dxbusinessgroup.com	971	5232431622	1	$2y$10$FItXvau/HlPKOntVl3ZB9uv4QeJd71DsakMienDIHa/KTTR6JJ29m	2023-08-22 09:29:00	2	DEEPSHIKHA SINGH		\N	\N		iOS	c7d99bfa88e2386beb17297243c12aaf399db32b4278709f30c4383255abd76b	-NcRZrSk9ozkuHc7R3Nn	\N	2023-08-22 09:29:00	2023-08-22 09:54:17	0	0	0	0	1	0	\N	\N	1	\N	\N	0	0	0	\N	0	\N	0	\N	1	\N	0	\N	\N	\N	999999	1	0	\N	0	\N	\N	\N	1	\N	\N	\N	\N	\N	\N	\N	\N	\N	\N	\N	0	\N	\N	0	0	\N	0	971	5232431622
139	DXB Test	srijaula2@gmail.com	91	9609068110	1	$2y$10$WpJCqhDaZr0G3uq9HmEGteqG2elntIXOXGRhxuTh12W/uyNMRarAi	2023-09-14 07:12:29	2	DXB	Test	16946809486502c7744024c.jpg		dX4-UFKGRi6mhT6kefOn9E:APA91bFERrVt_cSGZubK0sOoi0qsvgACxTxwQ7fcb_XkxxbLn5Q6twfP_JCSp30VqvKauTVxKCi1fl3ww009H-3EjLaCuJU5Ix8uRSxD2gFkUYsWPWyaPQzNLt9GVTlCr8ar5r39r5Fc	\N	53df420cb8ec42e2a373e15b51e81040476047ccde0ce992532e9e7c1375c9f6	-NeHXAqzg4nYArHmL9dX	\N	2023-09-14 07:12:29	2023-09-19 06:53:25	0	0	0	0	1	0	\N	\N	1		\N	0	0	0	\N	0	\N	0	\N	1	\N	0	\N	\N	\N	999999	1	0	\N	0	\N	\N	\N	0	\N	\N	\N	\N	\N	\N	\N	\N	\N	\N	\N	0	\N	\N	0	0	\N	0		
136	Elite QR	eliteqruae@gmail.com	971	245434848	1	$2y$10$ZrJ62ei66VHCI1y5i9Q0eucVA2eOwX2dyYmIsXmlqN18v2bKxEoCu	2023-08-22 11:37:38	2	Elite QR		\N	\N	duSErmoFj0u7iWtC1EeMHF:APA91bGnZ33GZ0pLTkt4tPhOybQ7YIAFZ5CDZJq8CFUgksX9Qmz7vTunNgsKhUgDPGXXja3NSQJWm32dlQVvpCv7B55CwyTIphRrc63LMSGHWmDjJ4y0i_VImRtN0u6aFvE55PuSbu7_	iOS	fadf954be3e0e5e04e89c8e01b897e3594f2fe511f12bf0a695927a0b85163ec	-NcS1Ioza8bDG1O67ciG	\N	2023-08-22 11:37:38	2023-08-22 11:38:16	0	0	0	0	1	0	\N	\N	1	\N	\N	0	0	0	\N	0	\N	0	\N	1	\N	0	\N	\N	\N	999999	1	0	\N	0	\N	\N	\N	1	\N	\N	\N	\N	\N	\N	\N	\N	\N	\N	\N	0	\N	\N	0	0	\N	0	971	245434848
134	Ayush Katyal	katyalayush@gmail.com	971	618484547	1	$2y$10$/qjaCDQImfygiLPi7UNgweSd0g3sj4kwoQr1Bb6JfN1PJ798IajO2	2023-08-22 10:41:40	2	Ayush	Katyal	\N	\N		android	d7dadbc9d3becda81c5c0fdf96c4b40b8fa67749f347e2ed12563a2f62c14b41	-NcRpUrJnbTAXWTcuqLR	\N	2023-08-22 10:41:40	2023-08-24 06:04:59	0	0	0	0	0	1	\N	\N	1	\N	\N	0	0	0	\N	0	\N	0	\N	1	\N	0	\N	\N	\N	999999	1	0	\N	0	\N	\N	\N	1	\N	\N	\N	\N	\N	\N	\N	\N	\N	\N	\N	0	\N	\N	0	0	\N	0	971	618484544
119	rajitha ramakri	rajitharam1998@gmail.com	971	551794834	1	$2y$10$5AadbAWrIUjsp9/ce1tvG./X86pX4KUQOEkmhJCBIEipZr8iArjv.	2023-08-17 10:36:35	2	rajitha	ramakri	169270986764e4b3ebc9ab2.jpg	\N	foBQrXj_R5y5RoETRo1-Kw:APA91bEh4eNPH5TLyX3fZFPcHeBWji38uEfAG_UmXvcL5cHy0YJClCS9tesy3RWG-U7CD21mV5TdGBTOg79jhFHu6BR9-ej23OQ0EPqrKrDUcN7hzabLwCxFXyItCqW7LCOv08Pz9xo_	\N	7c64905e8eb6f01d99dddb43366064b9a550c22f5a38c37fbcff2fff35749ddb	-Nc23NfTrTIV5Y0RxK-d	ncbjcctDKR3xmaNQMO1CPtF0jiQS25nW0Jvj4aHm1ebOs9rnKnRe9P5XB7Ic	2023-08-17 10:36:35	2023-08-23 13:09:32	0	0	0	0	1	0	\N	\N	1		\N	0	0	0	\N	0	\N	0	\N	1	\N	0	02a92ec683fe2b3b88ca3e17b34adb69b0a4d6c16c3386cd035e7140b394aefa	2023-08-18 09:11:24	1111	999999	1	0	\N	0	\N	\N	\N	1	\N	\N	\N	\N	\N	\N	\N	\N	\N	\N	\N	0	\N	\N	0	0	\N	0	971	551794834
130	mat jo	mathewmdy@gmail.com	971	66666652444	1	$2y$10$0E36H3uwaRbZ1aGJiS./uODnJA9LFV/zoyhQdEq.VpyqcNGLBqY7G	2023-08-22 07:24:47	2	mat	jo	\N	\N		\N	f0a5e9077b1a374c2978084e5ca39fef0829add56baca53eafb16cc82d4d8d96	-NcR7Qw32iBIvm9HJsRL	\N	2023-08-22 07:24:47	2023-09-30 06:02:15	0	0	0	0	1	0	\N	\N	1		\N	0	0	0	\N	0	\N	0	\N	1	\N	0		2023-08-22 08:36:28	0	999999	1	0	\N	0	\N	\N	\N	0	\N	\N	\N	\N	\N	\N	\N	\N	\N	\N	\N	0	\N	\N	0	0	\N	0	971	66666652444
138	ffk djdu	as@c.com	971	5656565686	1	$2y$10$HnWu3VfXNWJ9L0JvcAtMK.w47YXWSU0P/qOKJzDhCHh3djsHSREjO	2023-08-25 08:00:36	2	ffk	djdu	\N			\N	c577e03c61791563b01a699ec6b143f0ae93c42e32ceb54ec0a6d7fc2a0f27d8	-NcfhOlFArAQQkkwmOr9	\N	2023-08-25 08:00:36	2023-08-25 08:00:51	0	0	0	0	1	0	\N	\N	1		\N	0	0	0	\N	0	\N	0	\N	1	\N	0	\N	\N	\N	999999	1	0	\N	0	\N	\N	\N	0	\N	\N	\N	\N	\N	\N	\N	\N	\N	\N	\N	0	\N	\N	0	0	\N	0		
140	Nasrullah Khan	nasrullah@gmail.com	92	8454613	1	$2y$10$bF0P5U5V/benvA9q/8xOAuttSCLXlUsCIalYQEhp42xJUgVhxKkFS	2023-09-18 05:54:55	2	Nasrullah	Khan	\N		cFEwQN9W30RQkLUX5Wd_so:APA91bGcHWvsCGr6efw6IkE4A3E45Ypebsg81T00kefg0DUEPZO_wHJJnhdT_meNkolyc0JP1Gqnru40mik6SWcm6tM_vvajlUI7uktDgE016sDikWer6QJdIZNTgUvw2idGpXz1dpe4	\N	9c6db05f9c4e47533a6cc83470b2ab5de4665b90d0242fabc55d52f4ec2ac103	-NeaqmhsFco26ZKdWRLJ	\N	2023-09-18 05:54:55	2023-09-20 08:46:18	0	0	0	0	1	0	\N	\N	1		\N	0	0	0	\N	0	\N	0	\N	1	\N	0	\N	\N	\N	999999	1	0	\N	0	\N	\N	\N	0	\N	\N	\N	\N	\N	\N	\N	\N	\N	\N	\N	0	\N	\N	0	0	\N	0		
141	anil na	an@an.com	971	546468464	1	$2y$10$/kXZB2xCb7W7mZYXheoBb.gj3qG8nFfRu7AVeYbfvCsWEauf1WZNm	2023-09-18 11:34:02	2	anil	na	\N		\N	\N	6498ce5d9d4278f808e310d88db0917a886aad5b28b70a5b18ef6f80159b049d	-Nec3P9eba1_cZN8Vr03	\N	2023-09-18 11:34:02	2023-09-18 11:34:02	0	0	0	0	1	0	\N	\N	1		\N	0	0	0	\N	0	\N	0	\N	1	\N	0	\N	\N	\N	999999	1	0	\N	0	\N	\N	\N	0	\N	\N	\N	\N	\N	\N	\N	\N	\N	\N	\N	0	\N	\N	0	0	\N	0		
142	Nasrullah khan	nasrulahpitafi@gmail.com	971	3357705054	1	$2y$10$9oC8ciZMql/LNBSvgmFSh.q9.S3KMV2RvxE.7P7pi6ApBvepy.ESq	2023-09-19 11:02:52	2	Nasrullah khan		\N	\N	fyo07_WlYUzol6tkVCzdd4:APA91bGv44nKMTi1gAMoYQg6h-QstH1DVL9LtPN6NvsjpTSo3i1_1OH0VcSbNMrAWl2WeCP_KcsOWZPdQadGWQOR6rwAufjvNelosmGXv0rtdETu9CSSojyPfi-Twoi6vnQ8kb5wFxR3	iOS	16bb6483791bb0da7abf2c0952865c62479048598722a6ef72d6909adbbf48eb	-Neh5rMuh3Il5fWlAUZp	\N	2023-09-19 11:02:52	2023-11-01 15:16:08	0	0	0	0	1	0	\N	\N	1	\N	\N	0	0	0	\N	0	\N	0	\N	1	\N	0	\N	\N	\N	999999	1	0	\N	0	\N	\N	\N	1	\N	\N	\N	\N	\N	\N	\N	\N	\N	\N	\N	0	\N	\N	0	0	\N	0	971	3357705054
143	new test	newtest@gmail.com	92	4234234	1	$2y$10$cFy.GWM3qdJlxnmOZAy86.Ly/650N9p9mwbafawMWcrkXIfiwzmwa	2023-09-19 11:04:55	2	new	test	\N			\N	18627d51c219eac9b3459801a0b4feb3b54d943f95be9e35c497ff06a448bc9d	-Neh6KQSPdwkDZXbFV8E	\N	2023-09-19 11:04:55	2023-09-19 11:05:50	0	0	0	0	1	0	\N	\N	1		\N	0	0	0	\N	0	\N	0	\N	1	\N	0	\N	\N	\N	999999	1	0	\N	0	\N	\N	\N	0	\N	\N	\N	\N	\N	\N	\N	\N	\N	\N	\N	0	\N	\N	0	0	\N	0		
148	Nasrullah Khan	nasrulahpitafi1@gmail.com	\N	0	0	$2y$10$F035JbPxakf25/7stDT2tuyxj/Wj918n/YCWhXMoUnrVcI4du6t0a	2023-11-01 10:51:53	2	Nasrullah Khan		\N	\N	abdhjef ekef kjwf wedfw	iOS	5764c5838b5238f578801e2bdf4bacfad2e94b04120528f78f6a3ba906ab01a7	-Ni9VhrRR9QHUAemO1q-	\N	2023-11-01 10:51:53	2023-11-01 10:51:54	0	0	0	0	1	0	\N	\N	1	\N	\N	0	0	0	\N	0	\N	0	\N	1	\N	0	\N	\N	\N	999999	1	0	\N	0	\N	\N	\N	1	\N	\N	\N	\N	\N	\N	\N	\N	\N	\N	\N	0	\N	\N	0	0	\N	0		
145	sahla nissar SSSS	sahlanissar3@gmail.com	971	5466464646	1	$2y$10$z6yfsWYpuwUpWvMw2aeFfOP/SgaPfKyX8AwDaP4IlMemG7rPTNUsS	2023-09-19 20:32:43	2	sahla nissar	SSSS	1695155622650a05a6c64d8.jpg	\N	eQnjzgCfTe2dC9dLa-ZGxq:APA91bG_FtdYt0JSDPuT6sjbsryEYFAD5BrdmpXI9-w9HW0o39NZl_Fm3tXAqNRwIrvgaTc8X3hfUUjeE7lTDV9u5Uaf4Xbicl0YNeK_4nNNzi9ITORxZRmdLViFN4CarrG_8JXvjjRm	android	f5d6376f74b64b240b00269d6ac6abb15e61bda5bc88f0fd1bd4712eb397747c	-Nej8HuDbodSTyPnt4LI	\N	2023-09-19 20:32:43	2023-09-19 20:33:42	0	0	0	0	1	0	\N	\N	1	\N	\N	0	0	0	\N	0	\N	0	\N	1	\N	0	\N	\N	\N	999999	1	0	\N	0	\N	\N	\N	1	\N	\N	\N	\N	\N	\N	\N	\N	\N	\N	\N	0	\N	\N	0	0	\N	0	971	5466464646
152	signup user	aamir.dxbappsa@gmail.com	923	090078603	1	$2y$10$tdDOaQZadTnuCHHD2iA3LOuI94lO45jsQ5ox.xnhrKQcVjFg8zSge	2023-11-03 07:44:24	2	signup	user	\N		\N	\N	14b41feab8156808c613691b1434fb7c09046227db302822051d73d06541b360	-NiJ7ysnFYfFLWOb_WJZ	\N	2023-11-03 07:44:24	2023-11-03 07:44:24	0	0	0	0	1	0	\N	\N	1		\N	0	0	0	\N	0	\N	0	\N	1	\N	0	\N	\N	\N	999999	1	0	\N	0	\N	\N	\N	0	\N	\N	\N	\N	\N	\N	\N	\N	\N	\N	\N	0	\N	\N	0	0	\N	0		
149	signup user	aamir.dxbapps@gmail.com__deleted_account149	92	30280611__deleted_account149	1	$2y$10$KVCjWOaeGn7V.smtiQ.KkeK1hEimzOwUol9gqAIhTAXd3th5bQXYi	2023-11-03 05:02:30	2	signup	user	\N			\N		-NiIYvJCuoLXPqeQgZso	\N	2023-11-03 05:02:30	2023-11-03 05:09:21	0	0	0	0	1	1	\N	\N	1		\N	0	0	0	\N	0	\N	0	\N	1	\N	0		2023-11-03 05:06:45	0	999999	1	0	\N	0	\N	\N	\N	0	\N	\N	\N	\N	\N	\N	\N	\N	\N	\N	\N	0	\N	\N	0	0	\N	0		
146	Hamid Raza	razahamid34@gmail.com	971	3441562554	1	$2y$10$hAg5E32zkvhdVLmMuG3Foe8Oj/4oTXb.o/LOw6A0.hlP/8BELY7Sq	2023-09-20 05:33:53	2	Hamid	Raza	\N		c9gMPbH6QtONgIs0-ZhGEr:APA91bF0oldZ-7odCPJjcWoywLOSrXE_Fl0DVKagIlAn4ASacWYnaphkAH3MJQw0P6dKreXMVUEt5nv4VgS3UfiGU5m8tmied4FicZaZkAPUGzcUxiTNwBqK7krLuMNkfvFnQnB7M_6K	\N	de6e4b814b3557d341f6e04aa6fc98bd5c372a99902ea16d2bfa691def3a41f0	-Nel492m6g3d3dq1Jt0h	\N	2023-09-20 05:33:53	2023-09-20 08:23:01	0	0	0	0	1	0	\N	\N	1		\N	0	0	0	\N	0	\N	0	\N	1	\N	0	\N	\N	\N	999999	1	0	\N	0	\N	\N	\N	0	\N	\N	\N	\N	\N	\N	\N	\N	\N	\N	\N	0	\N	\N	0	0	\N	0		
153	signup user	aamir.dxbappsdd@gmail.com__deleted_account153	92	090078603__deleted_account153	1	$2y$10$kVi4D7685NDoyBj12qd8vOya32hjc1vQACle2D4WfgAdB3pnVeGrq	2023-11-03 07:56:24	2	signup	user	\N			\N		-NiJAib0dm7tXbHJhusG	\N	2023-11-03 07:56:24	2023-11-03 07:57:53	0	0	0	0	1	1	\N	\N	1		\N	0	0	0	\N	0	\N	0	\N	1	\N	0	\N	\N	\N	999999	1	0	\N	0	\N	\N	\N	0	\N	\N	\N	\N	\N	\N	\N	\N	\N	\N	\N	0	\N	\N	0	0	\N	0		
154	signup user	aamir.dxbappsddd@gmail.com__deleted_account154	924	090078603__deleted_account154	1	$2y$10$dBZHGVwDGMimujrf.6MDsepPcuOUZ0auzOo8W2IuUlbjnqB3BQV2C	2023-11-03 07:57:42	2	signup	user	\N			\N		-NiJB0fnpQuiV-fSE6wI	\N	2023-11-03 07:57:42	2023-11-03 07:58:08	0	0	0	0	1	1	\N	\N	1		\N	0	0	0	\N	0	\N	0	\N	1	\N	0	\N	\N	\N	999999	1	0	\N	0	\N	\N	\N	0	\N	\N	\N	\N	\N	\N	\N	\N	\N	\N	\N	0	\N	\N	0	0	\N	0		
150	signup user	aamir.dxbapps@gmail.com__deleted_account150	92	30280611__deleted_account150	1	$2y$10$wG3AMa59FP2fYdigLDuH3eOIqcMOOAdLrZ15LHCWycylGVPxw9.Qe	2023-11-03 05:18:20	2	signup	user	\N			\N		-NiIbYEOpgjCba6GTN-J	\N	2023-11-03 05:18:20	2023-11-03 05:18:58	0	0	0	0	1	1	\N	\N	1		\N	0	0	0	\N	0	\N	0	\N	1	\N	0	\N	\N	\N	999999	1	0	\N	0	\N	\N	\N	0	\N	\N	\N	\N	\N	\N	\N	\N	\N	\N	\N	0	\N	\N	0	0	\N	0		
147	test one	test@gmaiil.com	971	3441560319	1	$2y$10$lhrvp5tLCEQSq3gregj1s.7WuEwbpcsSLxzBdpDjbbR1vscZliofG	2023-10-23 05:56:02	2	test	one	\N		\N	\N	cb446c2bd252b9dec61166a2010d500a955be881bde4756b1ea783deab1fa2d9	-NhQ5gOvLUEIHTL5xfQX	\N	2023-10-23 05:56:02	2023-10-23 05:56:03	0	0	0	0	1	0	\N	\N	1		\N	0	0	0	\N	0	\N	0	\N	1	\N	0	\N	\N	\N	999999	1	0	\N	0	\N	\N	\N	0	\N	\N	\N	\N	\N	\N	\N	\N	\N	\N	\N	0	\N	\N	0	0	\N	0		
151	signup user	aamir.dxbapps@gmail.com	92	30280611	0	$2y$10$G5cIiG1qDzonYiSaKb/bWOVemJG.Ei6FK9T0DmnzeRNqFfNykT4WO	2023-11-03 05:26:36	2	signup	user	\N	9654	1111	\N	dd0bc0020adbc76f4392e4ff0793856d0021275f12dcd95714e194c4afbbdf7b	-NiIdRVhRIjWm9kExM1_	\N	2023-11-03 05:26:36	2023-11-03 05:28:12	0	0	0	0	1	0	\N	\N	1		\N	0	0	0	\N	0	\N	0	\N	1	\N	0		2023-11-03 05:26:44	0	999999	1	0	\N	0	\N	\N	\N	0	\N	\N	\N	\N	\N	\N	\N	\N	\N	\N	\N	0	\N	\N	0	0	\N	0	92	3028066301
\.


--
-- Data for Name: users_role; Type: TABLE DATA; Schema: public; Owner: postgres
--

COPY public.users_role (id, role_name, created_at, updated_at) FROM stdin;
1	admin	2023-05-06 08:26:34	2023-05-06 08:26:34
2	users	2023-05-06 08:26:34	2023-05-06 08:26:34
3	vendors	2023-05-06 08:26:34	2023-05-06 08:26:34
\.


--
-- Data for Name: vendor_details; Type: TABLE DATA; Schema: public; Owner: postgres
--

COPY public.vendor_details (id, homedelivery, logo, key_control, branches, company_name, company_brand, legal_staus, reg_date, trade_license, trade_license_expiry, vat_reg_number, vat_reg_expiry, address1, address2, street, state, city, area, zip, trade_license_doc, chamber_of_commerce_doc, share_certificate_doc, power_attorny_doc, vat_reg_doc, signed_agreement_doc, identy1_type, identy1_doc, identy2_type, identy2_doc, company_identy1_type, company_identy1_doc, company_identy2_type, company_identy2_doc, created_at, updated_at, industry_type, user_id, store_type) FROM stdin;
1	1	/uploads/company/645b94a25668c_1683723426.jpg	0	0	Hop	Hop	\N	2023-12-27 00:00:00	352525gby	2023-12-19 00:00:00	3525v34353	2023-12-27 00:00:00	downtown	downtown	mohammad bin rashid	1	1	0	000000	\N	\N	\N	\N	\N	\N	1	\N	1	\N	1	\N	1	\N	2023-05-10 12:57:06	2023-08-22 08:11:39	1	3	0
\.


--
-- Data for Name: vendor_holiday_dates; Type: TABLE DATA; Schema: public; Owner: postgres
--

COPY public.vendor_holiday_dates (id, vendor_id, date, created_at, updated_at) FROM stdin;
85	3	2023-08-27	2023-08-22 08:11:39	2023-08-22 08:11:39
\.


--
-- Data for Name: vendor_service_timings; Type: TABLE DATA; Schema: public; Owner: postgres
--

COPY public.vendor_service_timings (id, service_id, vendor, sunday, sun_from, sun_to, monday, mon_from, mon_to, tuesday, tues_from, tues_to, wednesday, wed_from, wed_to, thursday, thurs_from, thurs_to, friday, fri_from, fri_to, saturday, sat_from, sat_to, created_at, updated_at) FROM stdin;
251	1	3	1	09:00	18:00	1	09:00	18:00	1	09:00	18:00	1	09:00	18:00	1	09:00	18:00	1	09:00	18:00	1	09:00	18:00	2023-08-22 08:11:39	2023-08-22 08:11:39
252	2	3	1	09:00	18:00	1	09:00	18:00	1	09:00	18:00	1	09:00	18:00	1	09:00	18:00	1	09:00	18:00	1	09:00	18:00	2023-08-22 08:11:39	2023-08-22 08:11:39
253	3	3	1	09:00	18:00	1	09:00	18:00	1	09:00	18:00	1	09:00	18:00	1	09:00	18:00	1	09:00	18:00	1	09:00	18:00	2023-08-22 08:11:39	2023-08-22 08:11:39
254	4	3	1	09:00	18:00	1	09:00	18:00	1	09:00	18:00	1	09:00	18:00	1	09:00	18:00	1	09:00	18:00	1	09:00	18:00	2023-08-22 08:11:39	2023-08-22 08:11:39
255	5	3	1	09:00	18:00	1	09:00	18:00	1	09:00	18:00	1	09:00	18:00	1	09:00	18:00	1	09:00	18:00	1	09:00	18:00	2023-08-22 08:11:39	2023-08-22 08:11:39
\.


--
-- Data for Name: videos; Type: TABLE DATA; Schema: public; Owner: postgres
--

COPY public.videos (id, vendor_id, video, active, deleted, created_at, updated_at) FROM stdin;
\.


--
-- Data for Name: wallet_histories; Type: TABLE DATA; Schema: public; Owner: postgres
--

COPY public.wallet_histories (id, user_id, wallet_amount, pay_type, description, created_at, updated_at, pay_method) FROM stdin;
\.


--
-- Data for Name: wallet_payment_report; Type: TABLE DATA; Schema: public; Owner: postgres
--

COPY public.wallet_payment_report (id, transaction_id, payment_status, user_id, ref_id, amount, method_type, created_at, updated_at) FROM stdin;
\.


--
-- Data for Name: web_banners; Type: TABLE DATA; Schema: public; Owner: postgres
--

COPY public.web_banners (id, banner_title, banner_image, active, created_by, updated_by, category_id, product_id, url, created_at, updated_at, type) FROM stdin;
3		169259713664e2fb9031530_banner.jpg	1	1	0	0	0	https://dxbitprojects.com/hop_web/public/products_list	2023-08-21 05:52:16	2023-09-20 11:56:46	2
2		169259712564e2fb8546308_banner.jpg	1	1	0	0	0	https://dxbitprojects.com/hop_web/public/products_list	2023-08-21 05:52:05	2023-09-20 11:56:54	2
1		169259522864e2f41c09dca_banner.jpg	1	1	0	0	0	https://dxbitprojects.com/hop_web/public/products_list	2023-08-21 05:20:28	2023-09-20 11:57:03	2
4		1695211046650ade26cd716_banner.jpg	1	1	0	0	0	https://dxbitprojects.com/hop_web/public/products_list	2023-09-20 11:57:26	\N	1
5		1695211061650ade3556399_banner.jpg	1	1	0	0	0	https://dxbitprojects.com/hop_web/public/products_list	2023-09-20 11:57:41	\N	1
\.


--
-- Data for Name: websockets_statistics_entries; Type: TABLE DATA; Schema: public; Owner: postgres
--

COPY public.websockets_statistics_entries (id, app_id, peak_connection_count, websocket_message_count, api_message_count, created_at, updated_at) FROM stdin;
\.


--
-- Data for Name: wholesale_order_items; Type: TABLE DATA; Schema: public; Owner: postgres
--

COPY public.wholesale_order_items (id, wholesale_order_id, menu_item_id, quantity, price, total_amount, created_at, updated_at) FROM stdin;
\.


--
-- Data for Name: wholesale_orders; Type: TABLE DATA; Schema: public; Owner: postgres
--

COPY public.wholesale_orders (id, user_id, vendor_id, status_id, approved, order_number, total_quantity, total_amount, shipping_address, delivery_option, payment_method, created_at, updated_at, admin_commission) FROM stdin;
\.


--
-- Name: account_type_id_seq; Type: SEQUENCE SET; Schema: public; Owner: postgres
--

SELECT pg_catalog.setval('public.account_type_id_seq', 1, false);


--
-- Name: activity_type_id_seq; Type: SEQUENCE SET; Schema: public; Owner: postgres
--

SELECT pg_catalog.setval('public.activity_type_id_seq', 1, false);


--
-- Name: admin_designation_id_seq; Type: SEQUENCE SET; Schema: public; Owner: postgres
--

SELECT pg_catalog.setval('public.admin_designation_id_seq', 7, true);


--
-- Name: amount_type_id_seq; Type: SEQUENCE SET; Schema: public; Owner: postgres
--

SELECT pg_catalog.setval('public.amount_type_id_seq', 2, true);


--
-- Name: app_banners_id_seq; Type: SEQUENCE SET; Schema: public; Owner: postgres
--

SELECT pg_catalog.setval('public.app_banners_id_seq', 5, true);


--
-- Name: appointment_times_id_seq; Type: SEQUENCE SET; Schema: public; Owner: postgres
--

SELECT pg_catalog.setval('public.appointment_times_id_seq', 2, true);


--
-- Name: appointment_types_id_seq; Type: SEQUENCE SET; Schema: public; Owner: postgres
--

SELECT pg_catalog.setval('public.appointment_types_id_seq', 4, true);


--
-- Name: articles_id_seq; Type: SEQUENCE SET; Schema: public; Owner: postgres
--

SELECT pg_catalog.setval('public.articles_id_seq', 4, true);


--
-- Name: attribute_type_id_seq; Type: SEQUENCE SET; Schema: public; Owner: postgres
--

SELECT pg_catalog.setval('public.attribute_type_id_seq', 4, true);


--
-- Name: attribute_values_id_seq; Type: SEQUENCE SET; Schema: public; Owner: postgres
--

SELECT pg_catalog.setval('public.attribute_values_id_seq', 1, false);


--
-- Name: attributes_id_seq; Type: SEQUENCE SET; Schema: public; Owner: postgres
--

SELECT pg_catalog.setval('public.attributes_id_seq', 1, false);


--
-- Name: bad_words_id_seq; Type: SEQUENCE SET; Schema: public; Owner: postgres
--

SELECT pg_catalog.setval('public.bad_words_id_seq', 1, false);


--
-- Name: bank_code_types_id_seq; Type: SEQUENCE SET; Schema: public; Owner: postgres
--

SELECT pg_catalog.setval('public.bank_code_types_id_seq', 3, true);


--
-- Name: bank_details_id_seq; Type: SEQUENCE SET; Schema: public; Owner: postgres
--

SELECT pg_catalog.setval('public.bank_details_id_seq', 1, true);


--
-- Name: bank_id_seq; Type: SEQUENCE SET; Schema: public; Owner: postgres
--

SELECT pg_catalog.setval('public.bank_id_seq', 1, false);


--
-- Name: block_users_id_seq; Type: SEQUENCE SET; Schema: public; Owner: postgres
--

SELECT pg_catalog.setval('public.block_users_id_seq', 1, false);


--
-- Name: brand_id_seq; Type: SEQUENCE SET; Schema: public; Owner: postgres
--

SELECT pg_catalog.setval('public.brand_id_seq', 15, true);


--
-- Name: breeds_id_seq; Type: SEQUENCE SET; Schema: public; Owner: postgres
--

SELECT pg_catalog.setval('public.breeds_id_seq', 226, true);


--
-- Name: cart_food_id_seq; Type: SEQUENCE SET; Schema: public; Owner: postgres
--

SELECT pg_catalog.setval('public.cart_food_id_seq', 1, false);


--
-- Name: cart_id_seq; Type: SEQUENCE SET; Schema: public; Owner: postgres
--

SELECT pg_catalog.setval('public.cart_id_seq', 409, true);


--
-- Name: category_id_seq; Type: SEQUENCE SET; Schema: public; Owner: postgres
--

SELECT pg_catalog.setval('public.category_id_seq', 8, true);


--
-- Name: cities_id_seq; Type: SEQUENCE SET; Schema: public; Owner: postgres
--

SELECT pg_catalog.setval('public.cities_id_seq', 15, true);


--
-- Name: comment_likes_id_seq; Type: SEQUENCE SET; Schema: public; Owner: postgres
--

SELECT pg_catalog.setval('public.comment_likes_id_seq', 1, false);


--
-- Name: comment_taged_users_id_seq; Type: SEQUENCE SET; Schema: public; Owner: postgres
--

SELECT pg_catalog.setval('public.comment_taged_users_id_seq', 1, false);


--
-- Name: contact_us_id_seq; Type: SEQUENCE SET; Schema: public; Owner: postgres
--

SELECT pg_catalog.setval('public.contact_us_id_seq', 7, true);


--
-- Name: contact_us_settings_id_seq; Type: SEQUENCE SET; Schema: public; Owner: postgres
--

SELECT pg_catalog.setval('public.contact_us_settings_id_seq', 1, true);


--
-- Name: country_id_seq; Type: SEQUENCE SET; Schema: public; Owner: postgres
--

SELECT pg_catalog.setval('public.country_id_seq', 243, true);


--
-- Name: coupon_category_id_seq; Type: SEQUENCE SET; Schema: public; Owner: postgres
--

SELECT pg_catalog.setval('public.coupon_category_id_seq', 1, false);


--
-- Name: coupon_coupon_id_seq; Type: SEQUENCE SET; Schema: public; Owner: postgres
--

SELECT pg_catalog.setval('public.coupon_coupon_id_seq', 4, true);


--
-- Name: coupon_histories_id_seq; Type: SEQUENCE SET; Schema: public; Owner: postgres
--

SELECT pg_catalog.setval('public.coupon_histories_id_seq', 4, true);


--
-- Name: coupon_products_id_seq; Type: SEQUENCE SET; Schema: public; Owner: postgres
--

SELECT pg_catalog.setval('public.coupon_products_id_seq', 1, false);


--
-- Name: db_notifications_id_seq; Type: SEQUENCE SET; Schema: public; Owner: postgres
--

SELECT pg_catalog.setval('public.db_notifications_id_seq', 203, true);


--
-- Name: deligates_id_seq; Type: SEQUENCE SET; Schema: public; Owner: postgres
--

SELECT pg_catalog.setval('public.deligates_id_seq', 1, false);


--
-- Name: designations_id_seq; Type: SEQUENCE SET; Schema: public; Owner: postgres
--

SELECT pg_catalog.setval('public.designations_id_seq', 1, false);


--
-- Name: doctor_calender_temps_id_seq; Type: SEQUENCE SET; Schema: public; Owner: postgres
--

SELECT pg_catalog.setval('public.doctor_calender_temps_id_seq', 138, true);


--
-- Name: doctor_calenders_id_seq; Type: SEQUENCE SET; Schema: public; Owner: postgres
--

SELECT pg_catalog.setval('public.doctor_calenders_id_seq', 118, true);


--
-- Name: doctors_id_seq; Type: SEQUENCE SET; Schema: public; Owner: postgres
--

SELECT pg_catalog.setval('public.doctors_id_seq', 4, true);


--
-- Name: doggy_play_time_dates_id_seq; Type: SEQUENCE SET; Schema: public; Owner: postgres
--

SELECT pg_catalog.setval('public.doggy_play_time_dates_id_seq', 52, true);


--
-- Name: doggy_play_time_temp_bookings_id_seq; Type: SEQUENCE SET; Schema: public; Owner: postgres
--

SELECT pg_catalog.setval('public.doggy_play_time_temp_bookings_id_seq', 136, true);


--
-- Name: failed_jobs_id_seq; Type: SEQUENCE SET; Schema: public; Owner: postgres
--

SELECT pg_catalog.setval('public.failed_jobs_id_seq', 1, false);


--
-- Name: faq_id_seq; Type: SEQUENCE SET; Schema: public; Owner: postgres
--

SELECT pg_catalog.setval('public.faq_id_seq', 11, true);


--
-- Name: favourite_moda_items_id_seq; Type: SEQUENCE SET; Schema: public; Owner: postgres
--

SELECT pg_catalog.setval('public.favourite_moda_items_id_seq', 1, false);


--
-- Name: favourite_modas_id_seq; Type: SEQUENCE SET; Schema: public; Owner: postgres
--

SELECT pg_catalog.setval('public.favourite_modas_id_seq', 1, false);


--
-- Name: feeding_schedules_id_seq; Type: SEQUENCE SET; Schema: public; Owner: postgres
--

SELECT pg_catalog.setval('public.feeding_schedules_id_seq', 2, true);


--
-- Name: food_categories_id_seq; Type: SEQUENCE SET; Schema: public; Owner: postgres
--

SELECT pg_catalog.setval('public.food_categories_id_seq', 1, false);


--
-- Name: food_category_products_id_seq; Type: SEQUENCE SET; Schema: public; Owner: postgres
--

SELECT pg_catalog.setval('public.food_category_products_id_seq', 1, false);


--
-- Name: food_headings_id_seq; Type: SEQUENCE SET; Schema: public; Owner: postgres
--

SELECT pg_catalog.setval('public.food_headings_id_seq', 1, false);


--
-- Name: food_items_id_seq; Type: SEQUENCE SET; Schema: public; Owner: postgres
--

SELECT pg_catalog.setval('public.food_items_id_seq', 1, false);


--
-- Name: food_menu_products_id_seq; Type: SEQUENCE SET; Schema: public; Owner: postgres
--

SELECT pg_catalog.setval('public.food_menu_products_id_seq', 1, false);


--
-- Name: food_product_combo_items_id_seq; Type: SEQUENCE SET; Schema: public; Owner: postgres
--

SELECT pg_catalog.setval('public.food_product_combo_items_id_seq', 1, false);


--
-- Name: food_product_combos_id_seq; Type: SEQUENCE SET; Schema: public; Owner: postgres
--

SELECT pg_catalog.setval('public.food_product_combos_id_seq', 1, false);


--
-- Name: food_products_id_seq; Type: SEQUENCE SET; Schema: public; Owner: postgres
--

SELECT pg_catalog.setval('public.food_products_id_seq', 1, false);


--
-- Name: foods_id_seq; Type: SEQUENCE SET; Schema: public; Owner: postgres
--

SELECT pg_catalog.setval('public.foods_id_seq', 21, true);


--
-- Name: groomer_calender_temps_id_seq; Type: SEQUENCE SET; Schema: public; Owner: postgres
--

SELECT pg_catalog.setval('public.groomer_calender_temps_id_seq', 41, true);


--
-- Name: groomer_calenders_id_seq; Type: SEQUENCE SET; Schema: public; Owner: postgres
--

SELECT pg_catalog.setval('public.groomer_calenders_id_seq', 32, true);


--
-- Name: groomers_id_seq; Type: SEQUENCE SET; Schema: public; Owner: postgres
--

SELECT pg_catalog.setval('public.groomers_id_seq', 4, true);


--
-- Name: grooming_types_id_seq; Type: SEQUENCE SET; Schema: public; Owner: postgres
--

SELECT pg_catalog.setval('public.grooming_types_id_seq', 3, true);


--
-- Name: hair_colors_id_seq; Type: SEQUENCE SET; Schema: public; Owner: postgres
--

SELECT pg_catalog.setval('public.hair_colors_id_seq', 1, false);


--
-- Name: hash_tags_id_seq; Type: SEQUENCE SET; Schema: public; Owner: postgres
--

SELECT pg_catalog.setval('public.hash_tags_id_seq', 1, false);


--
-- Name: help_id_seq; Type: SEQUENCE SET; Schema: public; Owner: postgres
--

SELECT pg_catalog.setval('public.help_id_seq', 5, true);


--
-- Name: hide_posts_id_seq; Type: SEQUENCE SET; Schema: public; Owner: postgres
--

SELECT pg_catalog.setval('public.hide_posts_id_seq', 1, false);


--
-- Name: hide_stories_id_seq; Type: SEQUENCE SET; Schema: public; Owner: postgres
--

SELECT pg_catalog.setval('public.hide_stories_id_seq', 1, false);


--
-- Name: industry_types_id_seq; Type: SEQUENCE SET; Schema: public; Owner: postgres
--

SELECT pg_catalog.setval('public.industry_types_id_seq', 3, true);


--
-- Name: insurance_providers_id_seq; Type: SEQUENCE SET; Schema: public; Owner: postgres
--

SELECT pg_catalog.setval('public.insurance_providers_id_seq', 1, false);


--
-- Name: menu_item_types_id_seq; Type: SEQUENCE SET; Schema: public; Owner: postgres
--

SELECT pg_catalog.setval('public.menu_item_types_id_seq', 1, false);


--
-- Name: menu_items_id_seq; Type: SEQUENCE SET; Schema: public; Owner: postgres
--

SELECT pg_catalog.setval('public.menu_items_id_seq', 1, false);


--
-- Name: menus_id_seq; Type: SEQUENCE SET; Schema: public; Owner: postgres
--

SELECT pg_catalog.setval('public.menus_id_seq', 1, false);


--
-- Name: message_privacies_id_seq; Type: SEQUENCE SET; Schema: public; Owner: postgres
--

SELECT pg_catalog.setval('public.message_privacies_id_seq', 1, false);


--
-- Name: migrations_id_seq; Type: SEQUENCE SET; Schema: public; Owner: postgres
--

SELECT pg_catalog.setval('public.migrations_id_seq', 309, true);


--
-- Name: moda_main_categories_id_seq; Type: SEQUENCE SET; Schema: public; Owner: postgres
--

SELECT pg_catalog.setval('public.moda_main_categories_id_seq', 6, true);


--
-- Name: moda_sub_categories_id_seq; Type: SEQUENCE SET; Schema: public; Owner: postgres
--

SELECT pg_catalog.setval('public.moda_sub_categories_id_seq', 1, false);


--
-- Name: mute_stories_id_seq; Type: SEQUENCE SET; Schema: public; Owner: postgres
--

SELECT pg_catalog.setval('public.mute_stories_id_seq', 1, false);


--
-- Name: my_moda_id_seq; Type: SEQUENCE SET; Schema: public; Owner: postgres
--

SELECT pg_catalog.setval('public.my_moda_id_seq', 1, false);


--
-- Name: my_moda_items_id_seq; Type: SEQUENCE SET; Schema: public; Owner: postgres
--

SELECT pg_catalog.setval('public.my_moda_items_id_seq', 1, false);


--
-- Name: my_pets_id_seq; Type: SEQUENCE SET; Schema: public; Owner: postgres
--

SELECT pg_catalog.setval('public.my_pets_id_seq', 110, true);


--
-- Name: my_pets_sharers_id_seq; Type: SEQUENCE SET; Schema: public; Owner: postgres
--

SELECT pg_catalog.setval('public.my_pets_sharers_id_seq', 21, true);


--
-- Name: notifications_id_seq; Type: SEQUENCE SET; Schema: public; Owner: postgres
--

SELECT pg_catalog.setval('public.notifications_id_seq', 36, true);


--
-- Name: nottification_tracks_id_seq; Type: SEQUENCE SET; Schema: public; Owner: postgres
--

SELECT pg_catalog.setval('public.nottification_tracks_id_seq', 1, false);


--
-- Name: order_products_id_seq; Type: SEQUENCE SET; Schema: public; Owner: postgres
--

SELECT pg_catalog.setval('public.order_products_id_seq', 241, true);


--
-- Name: order_status_histroys_id_seq; Type: SEQUENCE SET; Schema: public; Owner: postgres
--

SELECT pg_catalog.setval('public.order_status_histroys_id_seq', 1, false);


--
-- Name: orders_order_id_seq; Type: SEQUENCE SET; Schema: public; Owner: postgres
--

SELECT pg_catalog.setval('public.orders_order_id_seq', 150, true);


--
-- Name: payment_report_id_seq; Type: SEQUENCE SET; Schema: public; Owner: postgres
--

SELECT pg_catalog.setval('public.payment_report_id_seq', 495, true);


--
-- Name: personal_access_tokens_id_seq; Type: SEQUENCE SET; Schema: public; Owner: postgres
--

SELECT pg_catalog.setval('public.personal_access_tokens_id_seq', 1177, true);


--
-- Name: pet_sizes_id_seq; Type: SEQUENCE SET; Schema: public; Owner: postgres
--

SELECT pg_catalog.setval('public.pet_sizes_id_seq', 4, true);


--
-- Name: photos_id_seq; Type: SEQUENCE SET; Schema: public; Owner: postgres
--

SELECT pg_catalog.setval('public.photos_id_seq', 1, false);


--
-- Name: playtime_staffs_id_seq; Type: SEQUENCE SET; Schema: public; Owner: postgres
--

SELECT pg_catalog.setval('public.playtime_staffs_id_seq', 1, true);


--
-- Name: post_comments_id_seq; Type: SEQUENCE SET; Schema: public; Owner: postgres
--

SELECT pg_catalog.setval('public.post_comments_id_seq', 1, false);


--
-- Name: post_files_id_seq; Type: SEQUENCE SET; Schema: public; Owner: postgres
--

SELECT pg_catalog.setval('public.post_files_id_seq', 1, false);


--
-- Name: post_likes_id_seq; Type: SEQUENCE SET; Schema: public; Owner: postgres
--

SELECT pg_catalog.setval('public.post_likes_id_seq', 1, false);


--
-- Name: post_reports_id_seq; Type: SEQUENCE SET; Schema: public; Owner: postgres
--

SELECT pg_catalog.setval('public.post_reports_id_seq', 1, false);


--
-- Name: post_saves_id_seq; Type: SEQUENCE SET; Schema: public; Owner: postgres
--

SELECT pg_catalog.setval('public.post_saves_id_seq', 1, false);


--
-- Name: post_users_id_seq; Type: SEQUENCE SET; Schema: public; Owner: postgres
--

SELECT pg_catalog.setval('public.post_users_id_seq', 1, false);


--
-- Name: post_view_insights_id_seq; Type: SEQUENCE SET; Schema: public; Owner: postgres
--

SELECT pg_catalog.setval('public.post_view_insights_id_seq', 1, false);


--
-- Name: posts_id_seq; Type: SEQUENCE SET; Schema: public; Owner: postgres
--

SELECT pg_catalog.setval('public.posts_id_seq', 1, false);


--
-- Name: product_attribute_attribute_id_seq; Type: SEQUENCE SET; Schema: public; Owner: postgres
--

SELECT pg_catalog.setval('public.product_attribute_attribute_id_seq', 2, true);


--
-- Name: product_attribute_values_attribute_values_id_seq; Type: SEQUENCE SET; Schema: public; Owner: postgres
--

SELECT pg_catalog.setval('public.product_attribute_values_attribute_values_id_seq', 7, true);


--
-- Name: product_category_product_category_id_seq; Type: SEQUENCE SET; Schema: public; Owner: postgres
--

SELECT pg_catalog.setval('public.product_category_product_category_id_seq', 44, true);


--
-- Name: product_docs_id_seq; Type: SEQUENCE SET; Schema: public; Owner: postgres
--

SELECT pg_catalog.setval('public.product_docs_id_seq', 1, false);


--
-- Name: product_id_seq; Type: SEQUENCE SET; Schema: public; Owner: postgres
--

SELECT pg_catalog.setval('public.product_id_seq', 18, true);


--
-- Name: product_images_id_seq; Type: SEQUENCE SET; Schema: public; Owner: postgres
--

SELECT pg_catalog.setval('public.product_images_id_seq', 1, false);


--
-- Name: product_likes_id_seq; Type: SEQUENCE SET; Schema: public; Owner: postgres
--

SELECT pg_catalog.setval('public.product_likes_id_seq', 190, true);


--
-- Name: product_selected_attribute_list_product_attribute_id_seq; Type: SEQUENCE SET; Schema: public; Owner: postgres
--

SELECT pg_catalog.setval('public.product_selected_attribute_list_product_attribute_id_seq', 21, true);


--
-- Name: product_selected_attributes_product_selected_attributes_id_seq; Type: SEQUENCE SET; Schema: public; Owner: postgres
--

SELECT pg_catalog.setval('public.product_selected_attributes_product_selected_attributes_id_seq', 6, true);


--
-- Name: product_specifications_prod_spec_id_seq; Type: SEQUENCE SET; Schema: public; Owner: postgres
--

SELECT pg_catalog.setval('public.product_specifications_prod_spec_id_seq', 1, false);


--
-- Name: product_temp_image_id_seq; Type: SEQUENCE SET; Schema: public; Owner: postgres
--

SELECT pg_catalog.setval('public.product_temp_image_id_seq', 1, false);


--
-- Name: product_variations_product_variations_id_seq; Type: SEQUENCE SET; Schema: public; Owner: postgres
--

SELECT pg_catalog.setval('public.product_variations_product_variations_id_seq', 6, true);


--
-- Name: products_id_seq; Type: SEQUENCE SET; Schema: public; Owner: postgres
--

SELECT pg_catalog.setval('public.products_id_seq', 1, false);


--
-- Name: profile_bios_id_seq; Type: SEQUENCE SET; Schema: public; Owner: postgres
--

SELECT pg_catalog.setval('public.profile_bios_id_seq', 1, false);


--
-- Name: public_business_infos_id_seq; Type: SEQUENCE SET; Schema: public; Owner: postgres
--

SELECT pg_catalog.setval('public.public_business_infos_id_seq', 1, false);


--
-- Name: room_types_id_seq; Type: SEQUENCE SET; Schema: public; Owner: postgres
--

SELECT pg_catalog.setval('public.room_types_id_seq', 2, true);


--
-- Name: service_foods_id_seq; Type: SEQUENCE SET; Schema: public; Owner: postgres
--

SELECT pg_catalog.setval('public.service_foods_id_seq', 186, true);


--
-- Name: service_pets_id_seq; Type: SEQUENCE SET; Schema: public; Owner: postgres
--

SELECT pg_catalog.setval('public.service_pets_id_seq', 587, true);


--
-- Name: service_quotes_id_seq; Type: SEQUENCE SET; Schema: public; Owner: postgres
--

SELECT pg_catalog.setval('public.service_quotes_id_seq', 597, true);


--
-- Name: service_request_images_id_seq; Type: SEQUENCE SET; Schema: public; Owner: postgres
--

SELECT pg_catalog.setval('public.service_request_images_id_seq', 1, false);


--
-- Name: service_request_status_descriptions_id_seq; Type: SEQUENCE SET; Schema: public; Owner: postgres
--

SELECT pg_catalog.setval('public.service_request_status_descriptions_id_seq', 1, false);


--
-- Name: service_requests_id_seq; Type: SEQUENCE SET; Schema: public; Owner: postgres
--

SELECT pg_catalog.setval('public.service_requests_id_seq', 1, false);


--
-- Name: services_id_seq; Type: SEQUENCE SET; Schema: public; Owner: postgres
--

SELECT pg_catalog.setval('public.services_id_seq', 6, true);


--
-- Name: settings_id_seq; Type: SEQUENCE SET; Schema: public; Owner: postgres
--

SELECT pg_catalog.setval('public.settings_id_seq', 1, true);


--
-- Name: skin_colors_id_seq; Type: SEQUENCE SET; Schema: public; Owner: postgres
--

SELECT pg_catalog.setval('public.skin_colors_id_seq', 1, false);


--
-- Name: species_id_seq; Type: SEQUENCE SET; Schema: public; Owner: postgres
--

SELECT pg_catalog.setval('public.species_id_seq', 3, true);


--
-- Name: states_id_seq; Type: SEQUENCE SET; Schema: public; Owner: postgres
--

SELECT pg_catalog.setval('public.states_id_seq', 6, true);


--
-- Name: store_images_id_seq; Type: SEQUENCE SET; Schema: public; Owner: postgres
--

SELECT pg_catalog.setval('public.store_images_id_seq', 1, false);


--
-- Name: store_likes_id_seq; Type: SEQUENCE SET; Schema: public; Owner: postgres
--

SELECT pg_catalog.setval('public.store_likes_id_seq', 1, false);


--
-- Name: store_managers_types_id_seq; Type: SEQUENCE SET; Schema: public; Owner: postgres
--

SELECT pg_catalog.setval('public.store_managers_types_id_seq', 1, false);


--
-- Name: store_type_id_seq; Type: SEQUENCE SET; Schema: public; Owner: postgres
--

SELECT pg_catalog.setval('public.store_type_id_seq', 1, false);


--
-- Name: stores_id_seq; Type: SEQUENCE SET; Schema: public; Owner: postgres
--

SELECT pg_catalog.setval('public.stores_id_seq', 1, false);


--
-- Name: stories_id_seq; Type: SEQUENCE SET; Schema: public; Owner: postgres
--

SELECT pg_catalog.setval('public.stories_id_seq', 1, false);


--
-- Name: story_likes_id_seq; Type: SEQUENCE SET; Schema: public; Owner: postgres
--

SELECT pg_catalog.setval('public.story_likes_id_seq', 1, false);


--
-- Name: story_mentions_id_seq; Type: SEQUENCE SET; Schema: public; Owner: postgres
--

SELECT pg_catalog.setval('public.story_mentions_id_seq', 1, false);


--
-- Name: story_reports_id_seq; Type: SEQUENCE SET; Schema: public; Owner: postgres
--

SELECT pg_catalog.setval('public.story_reports_id_seq', 1, false);


--
-- Name: story_views_id_seq; Type: SEQUENCE SET; Schema: public; Owner: postgres
--

SELECT pg_catalog.setval('public.story_views_id_seq', 1, false);


--
-- Name: subscriber_id_seq; Type: SEQUENCE SET; Schema: public; Owner: postgres
--

SELECT pg_catalog.setval('public.subscriber_id_seq', 11, true);


--
-- Name: temp_order_products_id_seq; Type: SEQUENCE SET; Schema: public; Owner: postgres
--

SELECT pg_catalog.setval('public.temp_order_products_id_seq', 410, true);


--
-- Name: temp_orders_id_seq; Type: SEQUENCE SET; Schema: public; Owner: postgres
--

SELECT pg_catalog.setval('public.temp_orders_id_seq', 257, true);


--
-- Name: temp_users_id_seq; Type: SEQUENCE SET; Schema: public; Owner: postgres
--

SELECT pg_catalog.setval('public.temp_users_id_seq', 73, true);


--
-- Name: user_address_id_seq; Type: SEQUENCE SET; Schema: public; Owner: postgres
--

SELECT pg_catalog.setval('public.user_address_id_seq', 122, true);


--
-- Name: user_favorites_id_seq; Type: SEQUENCE SET; Schema: public; Owner: postgres
--

SELECT pg_catalog.setval('public.user_favorites_id_seq', 1, false);


--
-- Name: user_follows_id_seq; Type: SEQUENCE SET; Schema: public; Owner: postgres
--

SELECT pg_catalog.setval('public.user_follows_id_seq', 1, false);


--
-- Name: user_locations_id_seq; Type: SEQUENCE SET; Schema: public; Owner: postgres
--

SELECT pg_catalog.setval('public.user_locations_id_seq', 1, false);


--
-- Name: user_privileges_id_seq; Type: SEQUENCE SET; Schema: public; Owner: postgres
--

SELECT pg_catalog.setval('public.user_privileges_id_seq', 1, false);


--
-- Name: user_profile_view_insights_id_seq; Type: SEQUENCE SET; Schema: public; Owner: postgres
--

SELECT pg_catalog.setval('public.user_profile_view_insights_id_seq', 1, false);


--
-- Name: user_reports_id_seq; Type: SEQUENCE SET; Schema: public; Owner: postgres
--

SELECT pg_catalog.setval('public.user_reports_id_seq', 1, false);


--
-- Name: user_vehicle_id_seq; Type: SEQUENCE SET; Schema: public; Owner: postgres
--

SELECT pg_catalog.setval('public.user_vehicle_id_seq', 1, false);


--
-- Name: users_id_seq; Type: SEQUENCE SET; Schema: public; Owner: postgres
--

SELECT pg_catalog.setval('public.users_id_seq', 154, true);


--
-- Name: users_role_id_seq; Type: SEQUENCE SET; Schema: public; Owner: postgres
--

SELECT pg_catalog.setval('public.users_role_id_seq', 3, true);


--
-- Name: vendor_details_id_seq; Type: SEQUENCE SET; Schema: public; Owner: postgres
--

SELECT pg_catalog.setval('public.vendor_details_id_seq', 1, true);


--
-- Name: vendor_holiday_dates_id_seq; Type: SEQUENCE SET; Schema: public; Owner: postgres
--

SELECT pg_catalog.setval('public.vendor_holiday_dates_id_seq', 85, true);


--
-- Name: vendor_service_timings_id_seq; Type: SEQUENCE SET; Schema: public; Owner: postgres
--

SELECT pg_catalog.setval('public.vendor_service_timings_id_seq', 255, true);


--
-- Name: videos_id_seq; Type: SEQUENCE SET; Schema: public; Owner: postgres
--

SELECT pg_catalog.setval('public.videos_id_seq', 1, false);


--
-- Name: wallet_histories_id_seq; Type: SEQUENCE SET; Schema: public; Owner: postgres
--

SELECT pg_catalog.setval('public.wallet_histories_id_seq', 1, false);


--
-- Name: wallet_payment_report_id_seq; Type: SEQUENCE SET; Schema: public; Owner: postgres
--

SELECT pg_catalog.setval('public.wallet_payment_report_id_seq', 1, false);


--
-- Name: web_banners_id_seq; Type: SEQUENCE SET; Schema: public; Owner: postgres
--

SELECT pg_catalog.setval('public.web_banners_id_seq', 5, true);


--
-- Name: websockets_statistics_entries_id_seq; Type: SEQUENCE SET; Schema: public; Owner: postgres
--

SELECT pg_catalog.setval('public.websockets_statistics_entries_id_seq', 1, false);


--
-- Name: wholesale_order_items_id_seq; Type: SEQUENCE SET; Schema: public; Owner: postgres
--

SELECT pg_catalog.setval('public.wholesale_order_items_id_seq', 1, false);


--
-- Name: wholesale_orders_id_seq; Type: SEQUENCE SET; Schema: public; Owner: postgres
--

SELECT pg_catalog.setval('public.wholesale_orders_id_seq', 1, false);


--
-- Name: account_type account_type_pkey; Type: CONSTRAINT; Schema: public; Owner: postgres
--

ALTER TABLE ONLY public.account_type
    ADD CONSTRAINT account_type_pkey PRIMARY KEY (id);


--
-- Name: activity_type activity_type_pkey; Type: CONSTRAINT; Schema: public; Owner: postgres
--

ALTER TABLE ONLY public.activity_type
    ADD CONSTRAINT activity_type_pkey PRIMARY KEY (id);


--
-- Name: admin_designation admin_designation_pkey; Type: CONSTRAINT; Schema: public; Owner: postgres
--

ALTER TABLE ONLY public.admin_designation
    ADD CONSTRAINT admin_designation_pkey PRIMARY KEY (id);


--
-- Name: amount_type amount_type_pkey; Type: CONSTRAINT; Schema: public; Owner: postgres
--

ALTER TABLE ONLY public.amount_type
    ADD CONSTRAINT amount_type_pkey PRIMARY KEY (id);


--
-- Name: app_banners app_banners_pkey; Type: CONSTRAINT; Schema: public; Owner: postgres
--

ALTER TABLE ONLY public.app_banners
    ADD CONSTRAINT app_banners_pkey PRIMARY KEY (id);


--
-- Name: appointment_times appointment_times_pkey; Type: CONSTRAINT; Schema: public; Owner: postgres
--

ALTER TABLE ONLY public.appointment_times
    ADD CONSTRAINT appointment_times_pkey PRIMARY KEY (id);


--
-- Name: appointment_types appointment_types_pkey; Type: CONSTRAINT; Schema: public; Owner: postgres
--

ALTER TABLE ONLY public.appointment_types
    ADD CONSTRAINT appointment_types_pkey PRIMARY KEY (id);


--
-- Name: articles articles_pkey; Type: CONSTRAINT; Schema: public; Owner: postgres
--

ALTER TABLE ONLY public.articles
    ADD CONSTRAINT articles_pkey PRIMARY KEY (id);


--
-- Name: attribute_type attribute_type_pkey; Type: CONSTRAINT; Schema: public; Owner: postgres
--

ALTER TABLE ONLY public.attribute_type
    ADD CONSTRAINT attribute_type_pkey PRIMARY KEY (id);


--
-- Name: attribute_values attribute_values_pkey; Type: CONSTRAINT; Schema: public; Owner: postgres
--

ALTER TABLE ONLY public.attribute_values
    ADD CONSTRAINT attribute_values_pkey PRIMARY KEY (id);


--
-- Name: attributes attributes_pkey; Type: CONSTRAINT; Schema: public; Owner: postgres
--

ALTER TABLE ONLY public.attributes
    ADD CONSTRAINT attributes_pkey PRIMARY KEY (id);


--
-- Name: bad_words bad_words_pkey; Type: CONSTRAINT; Schema: public; Owner: postgres
--

ALTER TABLE ONLY public.bad_words
    ADD CONSTRAINT bad_words_pkey PRIMARY KEY (id);


--
-- Name: bank_code_types bank_code_types_pkey; Type: CONSTRAINT; Schema: public; Owner: postgres
--

ALTER TABLE ONLY public.bank_code_types
    ADD CONSTRAINT bank_code_types_pkey PRIMARY KEY (id);


--
-- Name: bank_details bank_details_pkey; Type: CONSTRAINT; Schema: public; Owner: postgres
--

ALTER TABLE ONLY public.bank_details
    ADD CONSTRAINT bank_details_pkey PRIMARY KEY (id);


--
-- Name: bank bank_pkey; Type: CONSTRAINT; Schema: public; Owner: postgres
--

ALTER TABLE ONLY public.bank
    ADD CONSTRAINT bank_pkey PRIMARY KEY (id);


--
-- Name: block_users block_users_pkey; Type: CONSTRAINT; Schema: public; Owner: postgres
--

ALTER TABLE ONLY public.block_users
    ADD CONSTRAINT block_users_pkey PRIMARY KEY (id);


--
-- Name: brand brand_pkey; Type: CONSTRAINT; Schema: public; Owner: postgres
--

ALTER TABLE ONLY public.brand
    ADD CONSTRAINT brand_pkey PRIMARY KEY (id);


--
-- Name: breeds breeds_pkey; Type: CONSTRAINT; Schema: public; Owner: postgres
--

ALTER TABLE ONLY public.breeds
    ADD CONSTRAINT breeds_pkey PRIMARY KEY (id);


--
-- Name: cart_food cart_food_pkey; Type: CONSTRAINT; Schema: public; Owner: postgres
--

ALTER TABLE ONLY public.cart_food
    ADD CONSTRAINT cart_food_pkey PRIMARY KEY (id);


--
-- Name: cart cart_pkey; Type: CONSTRAINT; Schema: public; Owner: postgres
--

ALTER TABLE ONLY public.cart
    ADD CONSTRAINT cart_pkey PRIMARY KEY (id);


--
-- Name: category category_pkey; Type: CONSTRAINT; Schema: public; Owner: postgres
--

ALTER TABLE ONLY public.category
    ADD CONSTRAINT category_pkey PRIMARY KEY (id);


--
-- Name: cities cities_pkey; Type: CONSTRAINT; Schema: public; Owner: postgres
--

ALTER TABLE ONLY public.cities
    ADD CONSTRAINT cities_pkey PRIMARY KEY (id);


--
-- Name: comment_likes comment_likes_pkey; Type: CONSTRAINT; Schema: public; Owner: postgres
--

ALTER TABLE ONLY public.comment_likes
    ADD CONSTRAINT comment_likes_pkey PRIMARY KEY (id);


--
-- Name: comment_taged_users comment_taged_users_pkey; Type: CONSTRAINT; Schema: public; Owner: postgres
--

ALTER TABLE ONLY public.comment_taged_users
    ADD CONSTRAINT comment_taged_users_pkey PRIMARY KEY (id);


--
-- Name: contact_us contact_us_pkey; Type: CONSTRAINT; Schema: public; Owner: postgres
--

ALTER TABLE ONLY public.contact_us
    ADD CONSTRAINT contact_us_pkey PRIMARY KEY (id);


--
-- Name: contact_us_settings contact_us_settings_pkey; Type: CONSTRAINT; Schema: public; Owner: postgres
--

ALTER TABLE ONLY public.contact_us_settings
    ADD CONSTRAINT contact_us_settings_pkey PRIMARY KEY (id);


--
-- Name: country country_pkey; Type: CONSTRAINT; Schema: public; Owner: postgres
--

ALTER TABLE ONLY public.country
    ADD CONSTRAINT country_pkey PRIMARY KEY (id);


--
-- Name: coupon_category coupon_category_pkey; Type: CONSTRAINT; Schema: public; Owner: postgres
--

ALTER TABLE ONLY public.coupon_category
    ADD CONSTRAINT coupon_category_pkey PRIMARY KEY (id);


--
-- Name: coupon_histories coupon_histories_pkey; Type: CONSTRAINT; Schema: public; Owner: postgres
--

ALTER TABLE ONLY public.coupon_histories
    ADD CONSTRAINT coupon_histories_pkey PRIMARY KEY (id);


--
-- Name: coupon coupon_pkey; Type: CONSTRAINT; Schema: public; Owner: postgres
--

ALTER TABLE ONLY public.coupon
    ADD CONSTRAINT coupon_pkey PRIMARY KEY (coupon_id);


--
-- Name: coupon_products coupon_products_pkey; Type: CONSTRAINT; Schema: public; Owner: postgres
--

ALTER TABLE ONLY public.coupon_products
    ADD CONSTRAINT coupon_products_pkey PRIMARY KEY (id);


--
-- Name: db_notifications db_notifications_pkey; Type: CONSTRAINT; Schema: public; Owner: postgres
--

ALTER TABLE ONLY public.db_notifications
    ADD CONSTRAINT db_notifications_pkey PRIMARY KEY (id);


--
-- Name: deligates deligates_pkey; Type: CONSTRAINT; Schema: public; Owner: postgres
--

ALTER TABLE ONLY public.deligates
    ADD CONSTRAINT deligates_pkey PRIMARY KEY (id);


--
-- Name: designations designations_pkey; Type: CONSTRAINT; Schema: public; Owner: postgres
--

ALTER TABLE ONLY public.designations
    ADD CONSTRAINT designations_pkey PRIMARY KEY (id);


--
-- Name: doctor_calender_temps doctor_calender_temps_pkey; Type: CONSTRAINT; Schema: public; Owner: postgres
--

ALTER TABLE ONLY public.doctor_calender_temps
    ADD CONSTRAINT doctor_calender_temps_pkey PRIMARY KEY (id);


--
-- Name: doctor_calenders doctor_calenders_pkey; Type: CONSTRAINT; Schema: public; Owner: postgres
--

ALTER TABLE ONLY public.doctor_calenders
    ADD CONSTRAINT doctor_calenders_pkey PRIMARY KEY (id);


--
-- Name: doctors doctors_pkey; Type: CONSTRAINT; Schema: public; Owner: postgres
--

ALTER TABLE ONLY public.doctors
    ADD CONSTRAINT doctors_pkey PRIMARY KEY (id);


--
-- Name: doggy_play_time_dates doggy_play_time_dates_pkey; Type: CONSTRAINT; Schema: public; Owner: postgres
--

ALTER TABLE ONLY public.doggy_play_time_dates
    ADD CONSTRAINT doggy_play_time_dates_pkey PRIMARY KEY (id);


--
-- Name: doggy_play_time_temp_bookings doggy_play_time_temp_bookings_pkey; Type: CONSTRAINT; Schema: public; Owner: postgres
--

ALTER TABLE ONLY public.doggy_play_time_temp_bookings
    ADD CONSTRAINT doggy_play_time_temp_bookings_pkey PRIMARY KEY (id);


--
-- Name: failed_jobs failed_jobs_pkey; Type: CONSTRAINT; Schema: public; Owner: postgres
--

ALTER TABLE ONLY public.failed_jobs
    ADD CONSTRAINT failed_jobs_pkey PRIMARY KEY (id);


--
-- Name: failed_jobs failed_jobs_uuid_unique; Type: CONSTRAINT; Schema: public; Owner: postgres
--

ALTER TABLE ONLY public.failed_jobs
    ADD CONSTRAINT failed_jobs_uuid_unique UNIQUE (uuid);


--
-- Name: faq faq_pkey; Type: CONSTRAINT; Schema: public; Owner: postgres
--

ALTER TABLE ONLY public.faq
    ADD CONSTRAINT faq_pkey PRIMARY KEY (id);


--
-- Name: favourite_moda_items favourite_moda_items_pkey; Type: CONSTRAINT; Schema: public; Owner: postgres
--

ALTER TABLE ONLY public.favourite_moda_items
    ADD CONSTRAINT favourite_moda_items_pkey PRIMARY KEY (id);


--
-- Name: favourite_modas favourite_modas_pkey; Type: CONSTRAINT; Schema: public; Owner: postgres
--

ALTER TABLE ONLY public.favourite_modas
    ADD CONSTRAINT favourite_modas_pkey PRIMARY KEY (id);


--
-- Name: feeding_schedules feeding_schedules_pkey; Type: CONSTRAINT; Schema: public; Owner: postgres
--

ALTER TABLE ONLY public.feeding_schedules
    ADD CONSTRAINT feeding_schedules_pkey PRIMARY KEY (id);


--
-- Name: food_categories food_categories_pkey; Type: CONSTRAINT; Schema: public; Owner: postgres
--

ALTER TABLE ONLY public.food_categories
    ADD CONSTRAINT food_categories_pkey PRIMARY KEY (id);


--
-- Name: food_category_products food_category_products_pkey; Type: CONSTRAINT; Schema: public; Owner: postgres
--

ALTER TABLE ONLY public.food_category_products
    ADD CONSTRAINT food_category_products_pkey PRIMARY KEY (id);


--
-- Name: food_headings food_headings_pkey; Type: CONSTRAINT; Schema: public; Owner: postgres
--

ALTER TABLE ONLY public.food_headings
    ADD CONSTRAINT food_headings_pkey PRIMARY KEY (id);


--
-- Name: food_items food_items_pkey; Type: CONSTRAINT; Schema: public; Owner: postgres
--

ALTER TABLE ONLY public.food_items
    ADD CONSTRAINT food_items_pkey PRIMARY KEY (id);


--
-- Name: food_menu_products food_menu_products_pkey; Type: CONSTRAINT; Schema: public; Owner: postgres
--

ALTER TABLE ONLY public.food_menu_products
    ADD CONSTRAINT food_menu_products_pkey PRIMARY KEY (id);


--
-- Name: food_product_combo_items food_product_combo_items_pkey; Type: CONSTRAINT; Schema: public; Owner: postgres
--

ALTER TABLE ONLY public.food_product_combo_items
    ADD CONSTRAINT food_product_combo_items_pkey PRIMARY KEY (id);


--
-- Name: food_product_combos food_product_combos_pkey; Type: CONSTRAINT; Schema: public; Owner: postgres
--

ALTER TABLE ONLY public.food_product_combos
    ADD CONSTRAINT food_product_combos_pkey PRIMARY KEY (id);


--
-- Name: food_products food_products_pkey; Type: CONSTRAINT; Schema: public; Owner: postgres
--

ALTER TABLE ONLY public.food_products
    ADD CONSTRAINT food_products_pkey PRIMARY KEY (id);


--
-- Name: foods foods_pkey; Type: CONSTRAINT; Schema: public; Owner: postgres
--

ALTER TABLE ONLY public.foods
    ADD CONSTRAINT foods_pkey PRIMARY KEY (id);


--
-- Name: groomer_calender_temps groomer_calender_temps_pkey; Type: CONSTRAINT; Schema: public; Owner: postgres
--

ALTER TABLE ONLY public.groomer_calender_temps
    ADD CONSTRAINT groomer_calender_temps_pkey PRIMARY KEY (id);


--
-- Name: groomer_calenders groomer_calenders_pkey; Type: CONSTRAINT; Schema: public; Owner: postgres
--

ALTER TABLE ONLY public.groomer_calenders
    ADD CONSTRAINT groomer_calenders_pkey PRIMARY KEY (id);


--
-- Name: groomers groomers_pkey; Type: CONSTRAINT; Schema: public; Owner: postgres
--

ALTER TABLE ONLY public.groomers
    ADD CONSTRAINT groomers_pkey PRIMARY KEY (id);


--
-- Name: grooming_types grooming_types_pkey; Type: CONSTRAINT; Schema: public; Owner: postgres
--

ALTER TABLE ONLY public.grooming_types
    ADD CONSTRAINT grooming_types_pkey PRIMARY KEY (id);


--
-- Name: hair_colors hair_colors_pkey; Type: CONSTRAINT; Schema: public; Owner: postgres
--

ALTER TABLE ONLY public.hair_colors
    ADD CONSTRAINT hair_colors_pkey PRIMARY KEY (id);


--
-- Name: hash_tags hash_tags_pkey; Type: CONSTRAINT; Schema: public; Owner: postgres
--

ALTER TABLE ONLY public.hash_tags
    ADD CONSTRAINT hash_tags_pkey PRIMARY KEY (id);


--
-- Name: help help_pkey; Type: CONSTRAINT; Schema: public; Owner: postgres
--

ALTER TABLE ONLY public.help
    ADD CONSTRAINT help_pkey PRIMARY KEY (id);


--
-- Name: hide_posts hide_posts_pkey; Type: CONSTRAINT; Schema: public; Owner: postgres
--

ALTER TABLE ONLY public.hide_posts
    ADD CONSTRAINT hide_posts_pkey PRIMARY KEY (id);


--
-- Name: hide_stories hide_stories_pkey; Type: CONSTRAINT; Schema: public; Owner: postgres
--

ALTER TABLE ONLY public.hide_stories
    ADD CONSTRAINT hide_stories_pkey PRIMARY KEY (id);


--
-- Name: industry_types industry_types_pkey; Type: CONSTRAINT; Schema: public; Owner: postgres
--

ALTER TABLE ONLY public.industry_types
    ADD CONSTRAINT industry_types_pkey PRIMARY KEY (id);


--
-- Name: insurance_providers insurance_providers_pkey; Type: CONSTRAINT; Schema: public; Owner: postgres
--

ALTER TABLE ONLY public.insurance_providers
    ADD CONSTRAINT insurance_providers_pkey PRIMARY KEY (id);


--
-- Name: menu_item_types menu_item_types_pkey; Type: CONSTRAINT; Schema: public; Owner: postgres
--

ALTER TABLE ONLY public.menu_item_types
    ADD CONSTRAINT menu_item_types_pkey PRIMARY KEY (id);


--
-- Name: menu_items menu_items_pkey; Type: CONSTRAINT; Schema: public; Owner: postgres
--

ALTER TABLE ONLY public.menu_items
    ADD CONSTRAINT menu_items_pkey PRIMARY KEY (id);


--
-- Name: menus menus_pkey; Type: CONSTRAINT; Schema: public; Owner: postgres
--

ALTER TABLE ONLY public.menus
    ADD CONSTRAINT menus_pkey PRIMARY KEY (id);


--
-- Name: message_privacies message_privacies_pkey; Type: CONSTRAINT; Schema: public; Owner: postgres
--

ALTER TABLE ONLY public.message_privacies
    ADD CONSTRAINT message_privacies_pkey PRIMARY KEY (id);


--
-- Name: migrations migrations_pkey; Type: CONSTRAINT; Schema: public; Owner: postgres
--

ALTER TABLE ONLY public.migrations
    ADD CONSTRAINT migrations_pkey PRIMARY KEY (id);


--
-- Name: moda_main_categories moda_main_categories_pkey; Type: CONSTRAINT; Schema: public; Owner: postgres
--

ALTER TABLE ONLY public.moda_main_categories
    ADD CONSTRAINT moda_main_categories_pkey PRIMARY KEY (id);


--
-- Name: moda_sub_categories moda_sub_categories_pkey; Type: CONSTRAINT; Schema: public; Owner: postgres
--

ALTER TABLE ONLY public.moda_sub_categories
    ADD CONSTRAINT moda_sub_categories_pkey PRIMARY KEY (id);


--
-- Name: mute_stories mute_stories_pkey; Type: CONSTRAINT; Schema: public; Owner: postgres
--

ALTER TABLE ONLY public.mute_stories
    ADD CONSTRAINT mute_stories_pkey PRIMARY KEY (id);


--
-- Name: my_moda_items my_moda_items_pkey; Type: CONSTRAINT; Schema: public; Owner: postgres
--

ALTER TABLE ONLY public.my_moda_items
    ADD CONSTRAINT my_moda_items_pkey PRIMARY KEY (id);


--
-- Name: my_moda my_moda_pkey; Type: CONSTRAINT; Schema: public; Owner: postgres
--

ALTER TABLE ONLY public.my_moda
    ADD CONSTRAINT my_moda_pkey PRIMARY KEY (id);


--
-- Name: my_pets my_pets_pkey; Type: CONSTRAINT; Schema: public; Owner: postgres
--

ALTER TABLE ONLY public.my_pets
    ADD CONSTRAINT my_pets_pkey PRIMARY KEY (id);


--
-- Name: my_pets_sharers my_pets_sharers_pkey; Type: CONSTRAINT; Schema: public; Owner: postgres
--

ALTER TABLE ONLY public.my_pets_sharers
    ADD CONSTRAINT my_pets_sharers_pkey PRIMARY KEY (id);


--
-- Name: notifications notifications_pkey; Type: CONSTRAINT; Schema: public; Owner: postgres
--

ALTER TABLE ONLY public.notifications
    ADD CONSTRAINT notifications_pkey PRIMARY KEY (id);


--
-- Name: nottification_tracks nottification_tracks_pkey; Type: CONSTRAINT; Schema: public; Owner: postgres
--

ALTER TABLE ONLY public.nottification_tracks
    ADD CONSTRAINT nottification_tracks_pkey PRIMARY KEY (id);


--
-- Name: order_products order_products_pkey; Type: CONSTRAINT; Schema: public; Owner: postgres
--

ALTER TABLE ONLY public.order_products
    ADD CONSTRAINT order_products_pkey PRIMARY KEY (id);


--
-- Name: order_status_histroys order_status_histroys_pkey; Type: CONSTRAINT; Schema: public; Owner: postgres
--

ALTER TABLE ONLY public.order_status_histroys
    ADD CONSTRAINT order_status_histroys_pkey PRIMARY KEY (id);


--
-- Name: orders orders_pkey; Type: CONSTRAINT; Schema: public; Owner: postgres
--

ALTER TABLE ONLY public.orders
    ADD CONSTRAINT orders_pkey PRIMARY KEY (order_id);


--
-- Name: payment_report payment_report_pkey; Type: CONSTRAINT; Schema: public; Owner: postgres
--

ALTER TABLE ONLY public.payment_report
    ADD CONSTRAINT payment_report_pkey PRIMARY KEY (id);


--
-- Name: personal_access_tokens personal_access_tokens_pkey; Type: CONSTRAINT; Schema: public; Owner: postgres
--

ALTER TABLE ONLY public.personal_access_tokens
    ADD CONSTRAINT personal_access_tokens_pkey PRIMARY KEY (id);


--
-- Name: personal_access_tokens personal_access_tokens_token_unique; Type: CONSTRAINT; Schema: public; Owner: postgres
--

ALTER TABLE ONLY public.personal_access_tokens
    ADD CONSTRAINT personal_access_tokens_token_unique UNIQUE (token);


--
-- Name: pet_sizes pet_sizes_pkey; Type: CONSTRAINT; Schema: public; Owner: postgres
--

ALTER TABLE ONLY public.pet_sizes
    ADD CONSTRAINT pet_sizes_pkey PRIMARY KEY (id);


--
-- Name: photos photos_pkey; Type: CONSTRAINT; Schema: public; Owner: postgres
--

ALTER TABLE ONLY public.photos
    ADD CONSTRAINT photos_pkey PRIMARY KEY (id);


--
-- Name: playtime_staffs playtime_staffs_pkey; Type: CONSTRAINT; Schema: public; Owner: postgres
--

ALTER TABLE ONLY public.playtime_staffs
    ADD CONSTRAINT playtime_staffs_pkey PRIMARY KEY (id);


--
-- Name: post_comments post_comments_pkey; Type: CONSTRAINT; Schema: public; Owner: postgres
--

ALTER TABLE ONLY public.post_comments
    ADD CONSTRAINT post_comments_pkey PRIMARY KEY (id);


--
-- Name: post_files post_files_pkey; Type: CONSTRAINT; Schema: public; Owner: postgres
--

ALTER TABLE ONLY public.post_files
    ADD CONSTRAINT post_files_pkey PRIMARY KEY (id);


--
-- Name: post_likes post_likes_pkey; Type: CONSTRAINT; Schema: public; Owner: postgres
--

ALTER TABLE ONLY public.post_likes
    ADD CONSTRAINT post_likes_pkey PRIMARY KEY (id);


--
-- Name: post_reports post_reports_pkey; Type: CONSTRAINT; Schema: public; Owner: postgres
--

ALTER TABLE ONLY public.post_reports
    ADD CONSTRAINT post_reports_pkey PRIMARY KEY (id);


--
-- Name: post_saves post_saves_pkey; Type: CONSTRAINT; Schema: public; Owner: postgres
--

ALTER TABLE ONLY public.post_saves
    ADD CONSTRAINT post_saves_pkey PRIMARY KEY (id);


--
-- Name: post_users post_users_pkey; Type: CONSTRAINT; Schema: public; Owner: postgres
--

ALTER TABLE ONLY public.post_users
    ADD CONSTRAINT post_users_pkey PRIMARY KEY (id);


--
-- Name: post_view_insights post_view_insights_pkey; Type: CONSTRAINT; Schema: public; Owner: postgres
--

ALTER TABLE ONLY public.post_view_insights
    ADD CONSTRAINT post_view_insights_pkey PRIMARY KEY (id);


--
-- Name: posts posts_pkey; Type: CONSTRAINT; Schema: public; Owner: postgres
--

ALTER TABLE ONLY public.posts
    ADD CONSTRAINT posts_pkey PRIMARY KEY (id);


--
-- Name: product_attribute product_attribute_pkey; Type: CONSTRAINT; Schema: public; Owner: postgres
--

ALTER TABLE ONLY public.product_attribute
    ADD CONSTRAINT product_attribute_pkey PRIMARY KEY (attribute_id);


--
-- Name: product_attribute_values product_attribute_values_pkey; Type: CONSTRAINT; Schema: public; Owner: postgres
--

ALTER TABLE ONLY public.product_attribute_values
    ADD CONSTRAINT product_attribute_values_pkey PRIMARY KEY (attribute_values_id);


--
-- Name: product_category product_category_pkey; Type: CONSTRAINT; Schema: public; Owner: postgres
--

ALTER TABLE ONLY public.product_category
    ADD CONSTRAINT product_category_pkey PRIMARY KEY (product_category_id);


--
-- Name: product_docs product_docs_pkey; Type: CONSTRAINT; Schema: public; Owner: postgres
--

ALTER TABLE ONLY public.product_docs
    ADD CONSTRAINT product_docs_pkey PRIMARY KEY (id);


--
-- Name: product_images product_images_pkey; Type: CONSTRAINT; Schema: public; Owner: postgres
--

ALTER TABLE ONLY public.product_images
    ADD CONSTRAINT product_images_pkey PRIMARY KEY (id);


--
-- Name: product_likes product_likes_pkey; Type: CONSTRAINT; Schema: public; Owner: postgres
--

ALTER TABLE ONLY public.product_likes
    ADD CONSTRAINT product_likes_pkey PRIMARY KEY (id);


--
-- Name: product product_pkey; Type: CONSTRAINT; Schema: public; Owner: postgres
--

ALTER TABLE ONLY public.product
    ADD CONSTRAINT product_pkey PRIMARY KEY (id);


--
-- Name: product_selected_attribute_list product_selected_attribute_list_pkey; Type: CONSTRAINT; Schema: public; Owner: postgres
--

ALTER TABLE ONLY public.product_selected_attribute_list
    ADD CONSTRAINT product_selected_attribute_list_pkey PRIMARY KEY (product_attribute_id);


--
-- Name: product_selected_attributes product_selected_attributes_pkey; Type: CONSTRAINT; Schema: public; Owner: postgres
--

ALTER TABLE ONLY public.product_selected_attributes
    ADD CONSTRAINT product_selected_attributes_pkey PRIMARY KEY (product_selected_attributes_id);


--
-- Name: product_specifications product_specifications_pkey; Type: CONSTRAINT; Schema: public; Owner: postgres
--

ALTER TABLE ONLY public.product_specifications
    ADD CONSTRAINT product_specifications_pkey PRIMARY KEY (prod_spec_id);


--
-- Name: product_temp_image product_temp_image_pkey; Type: CONSTRAINT; Schema: public; Owner: postgres
--

ALTER TABLE ONLY public.product_temp_image
    ADD CONSTRAINT product_temp_image_pkey PRIMARY KEY (id);


--
-- Name: product_variations product_variations_pkey; Type: CONSTRAINT; Schema: public; Owner: postgres
--

ALTER TABLE ONLY public.product_variations
    ADD CONSTRAINT product_variations_pkey PRIMARY KEY (product_variations_id);


--
-- Name: products products_pkey; Type: CONSTRAINT; Schema: public; Owner: postgres
--

ALTER TABLE ONLY public.products
    ADD CONSTRAINT products_pkey PRIMARY KEY (id);


--
-- Name: profile_bios profile_bios_pkey; Type: CONSTRAINT; Schema: public; Owner: postgres
--

ALTER TABLE ONLY public.profile_bios
    ADD CONSTRAINT profile_bios_pkey PRIMARY KEY (id);


--
-- Name: public_business_infos public_business_infos_pkey; Type: CONSTRAINT; Schema: public; Owner: postgres
--

ALTER TABLE ONLY public.public_business_infos
    ADD CONSTRAINT public_business_infos_pkey PRIMARY KEY (id);


--
-- Name: room_types room_types_pkey; Type: CONSTRAINT; Schema: public; Owner: postgres
--

ALTER TABLE ONLY public.room_types
    ADD CONSTRAINT room_types_pkey PRIMARY KEY (id);


--
-- Name: service_foods service_foods_pkey; Type: CONSTRAINT; Schema: public; Owner: postgres
--

ALTER TABLE ONLY public.service_foods
    ADD CONSTRAINT service_foods_pkey PRIMARY KEY (id);


--
-- Name: service_pets service_pets_pkey; Type: CONSTRAINT; Schema: public; Owner: postgres
--

ALTER TABLE ONLY public.service_pets
    ADD CONSTRAINT service_pets_pkey PRIMARY KEY (id);


--
-- Name: service_quotes service_quotes_pkey; Type: CONSTRAINT; Schema: public; Owner: postgres
--

ALTER TABLE ONLY public.service_quotes
    ADD CONSTRAINT service_quotes_pkey PRIMARY KEY (id);


--
-- Name: service_request_images service_request_images_pkey; Type: CONSTRAINT; Schema: public; Owner: postgres
--

ALTER TABLE ONLY public.service_request_images
    ADD CONSTRAINT service_request_images_pkey PRIMARY KEY (id);


--
-- Name: service_request_status_descriptions service_request_status_descriptions_pkey; Type: CONSTRAINT; Schema: public; Owner: postgres
--

ALTER TABLE ONLY public.service_request_status_descriptions
    ADD CONSTRAINT service_request_status_descriptions_pkey PRIMARY KEY (id);


--
-- Name: service_requests service_requests_pkey; Type: CONSTRAINT; Schema: public; Owner: postgres
--

ALTER TABLE ONLY public.service_requests
    ADD CONSTRAINT service_requests_pkey PRIMARY KEY (id);


--
-- Name: services services_pkey; Type: CONSTRAINT; Schema: public; Owner: postgres
--

ALTER TABLE ONLY public.services
    ADD CONSTRAINT services_pkey PRIMARY KEY (id);


--
-- Name: settings settings_pkey; Type: CONSTRAINT; Schema: public; Owner: postgres
--

ALTER TABLE ONLY public.settings
    ADD CONSTRAINT settings_pkey PRIMARY KEY (id);


--
-- Name: skin_colors skin_colors_pkey; Type: CONSTRAINT; Schema: public; Owner: postgres
--

ALTER TABLE ONLY public.skin_colors
    ADD CONSTRAINT skin_colors_pkey PRIMARY KEY (id);


--
-- Name: species species_pkey; Type: CONSTRAINT; Schema: public; Owner: postgres
--

ALTER TABLE ONLY public.species
    ADD CONSTRAINT species_pkey PRIMARY KEY (id);


--
-- Name: states states_pkey; Type: CONSTRAINT; Schema: public; Owner: postgres
--

ALTER TABLE ONLY public.states
    ADD CONSTRAINT states_pkey PRIMARY KEY (id);


--
-- Name: store_images store_images_pkey; Type: CONSTRAINT; Schema: public; Owner: postgres
--

ALTER TABLE ONLY public.store_images
    ADD CONSTRAINT store_images_pkey PRIMARY KEY (id);


--
-- Name: store_likes store_likes_pkey; Type: CONSTRAINT; Schema: public; Owner: postgres
--

ALTER TABLE ONLY public.store_likes
    ADD CONSTRAINT store_likes_pkey PRIMARY KEY (id);


--
-- Name: store_managers_types store_managers_types_pkey; Type: CONSTRAINT; Schema: public; Owner: postgres
--

ALTER TABLE ONLY public.store_managers_types
    ADD CONSTRAINT store_managers_types_pkey PRIMARY KEY (id);


--
-- Name: store_type store_type_pkey; Type: CONSTRAINT; Schema: public; Owner: postgres
--

ALTER TABLE ONLY public.store_type
    ADD CONSTRAINT store_type_pkey PRIMARY KEY (id);


--
-- Name: stores stores_pkey; Type: CONSTRAINT; Schema: public; Owner: postgres
--

ALTER TABLE ONLY public.stores
    ADD CONSTRAINT stores_pkey PRIMARY KEY (id);


--
-- Name: stories stories_pkey; Type: CONSTRAINT; Schema: public; Owner: postgres
--

ALTER TABLE ONLY public.stories
    ADD CONSTRAINT stories_pkey PRIMARY KEY (id);


--
-- Name: story_likes story_likes_pkey; Type: CONSTRAINT; Schema: public; Owner: postgres
--

ALTER TABLE ONLY public.story_likes
    ADD CONSTRAINT story_likes_pkey PRIMARY KEY (id);


--
-- Name: story_mentions story_mentions_pkey; Type: CONSTRAINT; Schema: public; Owner: postgres
--

ALTER TABLE ONLY public.story_mentions
    ADD CONSTRAINT story_mentions_pkey PRIMARY KEY (id);


--
-- Name: story_reports story_reports_pkey; Type: CONSTRAINT; Schema: public; Owner: postgres
--

ALTER TABLE ONLY public.story_reports
    ADD CONSTRAINT story_reports_pkey PRIMARY KEY (id);


--
-- Name: story_views story_views_pkey; Type: CONSTRAINT; Schema: public; Owner: postgres
--

ALTER TABLE ONLY public.story_views
    ADD CONSTRAINT story_views_pkey PRIMARY KEY (id);


--
-- Name: subscriber subscriber_pkey; Type: CONSTRAINT; Schema: public; Owner: postgres
--

ALTER TABLE ONLY public.subscriber
    ADD CONSTRAINT subscriber_pkey PRIMARY KEY (id);


--
-- Name: temp_order_products temp_order_products_pkey; Type: CONSTRAINT; Schema: public; Owner: postgres
--

ALTER TABLE ONLY public.temp_order_products
    ADD CONSTRAINT temp_order_products_pkey PRIMARY KEY (id);


--
-- Name: temp_orders temp_orders_pkey; Type: CONSTRAINT; Schema: public; Owner: postgres
--

ALTER TABLE ONLY public.temp_orders
    ADD CONSTRAINT temp_orders_pkey PRIMARY KEY (id);


--
-- Name: temp_users temp_users_pkey; Type: CONSTRAINT; Schema: public; Owner: postgres
--

ALTER TABLE ONLY public.temp_users
    ADD CONSTRAINT temp_users_pkey PRIMARY KEY (id);


--
-- Name: user_address user_address_pkey; Type: CONSTRAINT; Schema: public; Owner: postgres
--

ALTER TABLE ONLY public.user_address
    ADD CONSTRAINT user_address_pkey PRIMARY KEY (id);


--
-- Name: user_favorites user_favorites_pkey; Type: CONSTRAINT; Schema: public; Owner: postgres
--

ALTER TABLE ONLY public.user_favorites
    ADD CONSTRAINT user_favorites_pkey PRIMARY KEY (id);


--
-- Name: user_follows user_follows_pkey; Type: CONSTRAINT; Schema: public; Owner: postgres
--

ALTER TABLE ONLY public.user_follows
    ADD CONSTRAINT user_follows_pkey PRIMARY KEY (id);


--
-- Name: user_locations user_locations_pkey; Type: CONSTRAINT; Schema: public; Owner: postgres
--

ALTER TABLE ONLY public.user_locations
    ADD CONSTRAINT user_locations_pkey PRIMARY KEY (id);


--
-- Name: user_privileges user_privileges_pkey; Type: CONSTRAINT; Schema: public; Owner: postgres
--

ALTER TABLE ONLY public.user_privileges
    ADD CONSTRAINT user_privileges_pkey PRIMARY KEY (id);


--
-- Name: user_profile_view_insights user_profile_view_insights_pkey; Type: CONSTRAINT; Schema: public; Owner: postgres
--

ALTER TABLE ONLY public.user_profile_view_insights
    ADD CONSTRAINT user_profile_view_insights_pkey PRIMARY KEY (id);


--
-- Name: user_reports user_reports_pkey; Type: CONSTRAINT; Schema: public; Owner: postgres
--

ALTER TABLE ONLY public.user_reports
    ADD CONSTRAINT user_reports_pkey PRIMARY KEY (id);


--
-- Name: user_vehicle user_vehicle_pkey; Type: CONSTRAINT; Schema: public; Owner: postgres
--

ALTER TABLE ONLY public.user_vehicle
    ADD CONSTRAINT user_vehicle_pkey PRIMARY KEY (id);


--
-- Name: users users_pkey; Type: CONSTRAINT; Schema: public; Owner: postgres
--

ALTER TABLE ONLY public.users
    ADD CONSTRAINT users_pkey PRIMARY KEY (id);


--
-- Name: users_role users_role_pkey; Type: CONSTRAINT; Schema: public; Owner: postgres
--

ALTER TABLE ONLY public.users_role
    ADD CONSTRAINT users_role_pkey PRIMARY KEY (id);


--
-- Name: vendor_details vendor_details_pkey; Type: CONSTRAINT; Schema: public; Owner: postgres
--

ALTER TABLE ONLY public.vendor_details
    ADD CONSTRAINT vendor_details_pkey PRIMARY KEY (id);


--
-- Name: vendor_holiday_dates vendor_holiday_dates_pkey; Type: CONSTRAINT; Schema: public; Owner: postgres
--

ALTER TABLE ONLY public.vendor_holiday_dates
    ADD CONSTRAINT vendor_holiday_dates_pkey PRIMARY KEY (id);


--
-- Name: vendor_service_timings vendor_service_timings_pkey; Type: CONSTRAINT; Schema: public; Owner: postgres
--

ALTER TABLE ONLY public.vendor_service_timings
    ADD CONSTRAINT vendor_service_timings_pkey PRIMARY KEY (id);


--
-- Name: videos videos_pkey; Type: CONSTRAINT; Schema: public; Owner: postgres
--

ALTER TABLE ONLY public.videos
    ADD CONSTRAINT videos_pkey PRIMARY KEY (id);


--
-- Name: wallet_histories wallet_histories_pkey; Type: CONSTRAINT; Schema: public; Owner: postgres
--

ALTER TABLE ONLY public.wallet_histories
    ADD CONSTRAINT wallet_histories_pkey PRIMARY KEY (id);


--
-- Name: wallet_payment_report wallet_payment_report_pkey; Type: CONSTRAINT; Schema: public; Owner: postgres
--

ALTER TABLE ONLY public.wallet_payment_report
    ADD CONSTRAINT wallet_payment_report_pkey PRIMARY KEY (id);


--
-- Name: web_banners web_banners_pkey; Type: CONSTRAINT; Schema: public; Owner: postgres
--

ALTER TABLE ONLY public.web_banners
    ADD CONSTRAINT web_banners_pkey PRIMARY KEY (id);


--
-- Name: websockets_statistics_entries websockets_statistics_entries_pkey; Type: CONSTRAINT; Schema: public; Owner: postgres
--

ALTER TABLE ONLY public.websockets_statistics_entries
    ADD CONSTRAINT websockets_statistics_entries_pkey PRIMARY KEY (id);


--
-- Name: wholesale_order_items wholesale_order_items_pkey; Type: CONSTRAINT; Schema: public; Owner: postgres
--

ALTER TABLE ONLY public.wholesale_order_items
    ADD CONSTRAINT wholesale_order_items_pkey PRIMARY KEY (id);


--
-- Name: wholesale_orders wholesale_orders_pkey; Type: CONSTRAINT; Schema: public; Owner: postgres
--

ALTER TABLE ONLY public.wholesale_orders
    ADD CONSTRAINT wholesale_orders_pkey PRIMARY KEY (id);


--
-- Name: des_user_id; Type: INDEX; Schema: public; Owner: postgres
--

CREATE INDEX des_user_id ON public.designations USING btree (user_id);


--
-- Name: designation_id; Type: INDEX; Schema: public; Owner: postgres
--

CREATE INDEX designation_id ON public.users USING btree (designation_id);


--
-- Name: man_vendor_id; Type: INDEX; Schema: public; Owner: postgres
--

CREATE INDEX man_vendor_id ON public.store_managers_types USING btree (vendor_id);


--
-- Name: password_resets_email_index; Type: INDEX; Schema: public; Owner: postgres
--

CREATE INDEX password_resets_email_index ON public.password_resets USING btree (email);


--
-- Name: personal_access_tokens_tokenable_type_tokenable_id_index; Type: INDEX; Schema: public; Owner: postgres
--

CREATE INDEX personal_access_tokens_tokenable_type_tokenable_id_index ON public.personal_access_tokens USING btree (tokenable_type, tokenable_id);


--
-- Name: user_designation_id; Type: INDEX; Schema: public; Owner: postgres
--

CREATE INDEX user_designation_id ON public.user_privileges USING btree (designation_id);


--
-- Name: user_user_id; Type: INDEX; Schema: public; Owner: postgres
--

CREATE INDEX user_user_id ON public.user_privileges USING btree (user_id);


--
-- Name: bank_details bank_details_user_id_foreign; Type: FK CONSTRAINT; Schema: public; Owner: postgres
--

ALTER TABLE ONLY public.bank_details
    ADD CONSTRAINT bank_details_user_id_foreign FOREIGN KEY (user_id) REFERENCES public.users(id) ON DELETE CASCADE;


--
-- Name: block_users block_users_blocked_user_id_foreign; Type: FK CONSTRAINT; Schema: public; Owner: postgres
--

ALTER TABLE ONLY public.block_users
    ADD CONSTRAINT block_users_blocked_user_id_foreign FOREIGN KEY (blocked_user_id) REFERENCES public.users(id) ON DELETE CASCADE;


--
-- Name: block_users block_users_user_id_foreign; Type: FK CONSTRAINT; Schema: public; Owner: postgres
--

ALTER TABLE ONLY public.block_users
    ADD CONSTRAINT block_users_user_id_foreign FOREIGN KEY (user_id) REFERENCES public.users(id) ON DELETE CASCADE;


--
-- Name: comment_likes comment_likes_comment_id_foreign; Type: FK CONSTRAINT; Schema: public; Owner: postgres
--

ALTER TABLE ONLY public.comment_likes
    ADD CONSTRAINT comment_likes_comment_id_foreign FOREIGN KEY (comment_id) REFERENCES public.post_comments(id) ON DELETE CASCADE;


--
-- Name: comment_likes comment_likes_user_id_foreign; Type: FK CONSTRAINT; Schema: public; Owner: postgres
--

ALTER TABLE ONLY public.comment_likes
    ADD CONSTRAINT comment_likes_user_id_foreign FOREIGN KEY (user_id) REFERENCES public.users(id) ON DELETE CASCADE;


--
-- Name: comment_taged_users comment_taged_users_comment_id_foreign; Type: FK CONSTRAINT; Schema: public; Owner: postgres
--

ALTER TABLE ONLY public.comment_taged_users
    ADD CONSTRAINT comment_taged_users_comment_id_foreign FOREIGN KEY (comment_id) REFERENCES public.post_comments(id) ON DELETE CASCADE;


--
-- Name: comment_taged_users comment_taged_users_user_id_foreign; Type: FK CONSTRAINT; Schema: public; Owner: postgres
--

ALTER TABLE ONLY public.comment_taged_users
    ADD CONSTRAINT comment_taged_users_user_id_foreign FOREIGN KEY (user_id) REFERENCES public.users(id) ON DELETE CASCADE;


--
-- Name: designations designations_user_id_foreign; Type: FK CONSTRAINT; Schema: public; Owner: postgres
--

ALTER TABLE ONLY public.designations
    ADD CONSTRAINT designations_user_id_foreign FOREIGN KEY (user_id) REFERENCES public.users(id) ON DELETE CASCADE;


--
-- Name: food_category_products food_category_products_food_category_id_foreign; Type: FK CONSTRAINT; Schema: public; Owner: postgres
--

ALTER TABLE ONLY public.food_category_products
    ADD CONSTRAINT food_category_products_food_category_id_foreign FOREIGN KEY (food_category_id) REFERENCES public.food_categories(id) ON DELETE CASCADE;


--
-- Name: food_category_products food_category_products_food_product_id_foreign; Type: FK CONSTRAINT; Schema: public; Owner: postgres
--

ALTER TABLE ONLY public.food_category_products
    ADD CONSTRAINT food_category_products_food_product_id_foreign FOREIGN KEY (food_product_id) REFERENCES public.food_products(id) ON DELETE CASCADE;


--
-- Name: food_menu_products food_menu_products_food_product_id_foreign; Type: FK CONSTRAINT; Schema: public; Owner: postgres
--

ALTER TABLE ONLY public.food_menu_products
    ADD CONSTRAINT food_menu_products_food_product_id_foreign FOREIGN KEY (food_product_id) REFERENCES public.food_products(id) ON DELETE CASCADE;


--
-- Name: food_product_combo_items food_product_combo_items_food_item_id_foreign; Type: FK CONSTRAINT; Schema: public; Owner: postgres
--

ALTER TABLE ONLY public.food_product_combo_items
    ADD CONSTRAINT food_product_combo_items_food_item_id_foreign FOREIGN KEY (food_item_id) REFERENCES public.food_items(id) ON DELETE CASCADE;


--
-- Name: food_product_combo_items food_product_combo_items_food_product_combo_id_foreign; Type: FK CONSTRAINT; Schema: public; Owner: postgres
--

ALTER TABLE ONLY public.food_product_combo_items
    ADD CONSTRAINT food_product_combo_items_food_product_combo_id_foreign FOREIGN KEY (food_product_combo_id) REFERENCES public.food_product_combos(id) ON DELETE CASCADE;


--
-- Name: food_product_combos food_product_combos_food_heading_id_foreign; Type: FK CONSTRAINT; Schema: public; Owner: postgres
--

ALTER TABLE ONLY public.food_product_combos
    ADD CONSTRAINT food_product_combos_food_heading_id_foreign FOREIGN KEY (food_heading_id) REFERENCES public.food_headings(id);


--
-- Name: food_product_combos food_product_combos_food_product_id_foreign; Type: FK CONSTRAINT; Schema: public; Owner: postgres
--

ALTER TABLE ONLY public.food_product_combos
    ADD CONSTRAINT food_product_combos_food_product_id_foreign FOREIGN KEY (food_product_id) REFERENCES public.food_products(id) ON DELETE CASCADE;


--
-- Name: hide_posts hide_posts_post_id_foreign; Type: FK CONSTRAINT; Schema: public; Owner: postgres
--

ALTER TABLE ONLY public.hide_posts
    ADD CONSTRAINT hide_posts_post_id_foreign FOREIGN KEY (post_id) REFERENCES public.posts(id) ON DELETE CASCADE;


--
-- Name: hide_posts hide_posts_user_id_foreign; Type: FK CONSTRAINT; Schema: public; Owner: postgres
--

ALTER TABLE ONLY public.hide_posts
    ADD CONSTRAINT hide_posts_user_id_foreign FOREIGN KEY (user_id) REFERENCES public.users(id) ON DELETE CASCADE;


--
-- Name: hide_stories hide_stories_hidden_user_id_foreign; Type: FK CONSTRAINT; Schema: public; Owner: postgres
--

ALTER TABLE ONLY public.hide_stories
    ADD CONSTRAINT hide_stories_hidden_user_id_foreign FOREIGN KEY (hidden_user_id) REFERENCES public.users(id) ON DELETE CASCADE;


--
-- Name: hide_stories hide_stories_user_id_foreign; Type: FK CONSTRAINT; Schema: public; Owner: postgres
--

ALTER TABLE ONLY public.hide_stories
    ADD CONSTRAINT hide_stories_user_id_foreign FOREIGN KEY (user_id) REFERENCES public.users(id) ON DELETE CASCADE;


--
-- Name: menu_items menu_items_menu_id_foreign; Type: FK CONSTRAINT; Schema: public; Owner: postgres
--

ALTER TABLE ONLY public.menu_items
    ADD CONSTRAINT menu_items_menu_id_foreign FOREIGN KEY (menu_id) REFERENCES public.menus(id) ON DELETE CASCADE;


--
-- Name: menu_items menu_items_menu_item_type_id_foreign; Type: FK CONSTRAINT; Schema: public; Owner: postgres
--

ALTER TABLE ONLY public.menu_items
    ADD CONSTRAINT menu_items_menu_item_type_id_foreign FOREIGN KEY (menu_item_type_id) REFERENCES public.menu_item_types(id) ON DELETE CASCADE;


--
-- Name: message_privacies message_privacies_user_id_foreign; Type: FK CONSTRAINT; Schema: public; Owner: postgres
--

ALTER TABLE ONLY public.message_privacies
    ADD CONSTRAINT message_privacies_user_id_foreign FOREIGN KEY (user_id) REFERENCES public.users(id) ON DELETE CASCADE;


--
-- Name: mute_stories mute_stories_mute_user_id_foreign; Type: FK CONSTRAINT; Schema: public; Owner: postgres
--

ALTER TABLE ONLY public.mute_stories
    ADD CONSTRAINT mute_stories_mute_user_id_foreign FOREIGN KEY (mute_user_id) REFERENCES public.users(id) ON DELETE CASCADE;


--
-- Name: mute_stories mute_stories_user_id_foreign; Type: FK CONSTRAINT; Schema: public; Owner: postgres
--

ALTER TABLE ONLY public.mute_stories
    ADD CONSTRAINT mute_stories_user_id_foreign FOREIGN KEY (user_id) REFERENCES public.users(id) ON DELETE CASCADE;


--
-- Name: order_products order_products_product_id_foreign; Type: FK CONSTRAINT; Schema: public; Owner: postgres
--

ALTER TABLE ONLY public.order_products
    ADD CONSTRAINT order_products_product_id_foreign FOREIGN KEY (product_id) REFERENCES public.product(id) ON DELETE CASCADE;


--
-- Name: orders orders_user_id_foreign; Type: FK CONSTRAINT; Schema: public; Owner: postgres
--

ALTER TABLE ONLY public.orders
    ADD CONSTRAINT orders_user_id_foreign FOREIGN KEY (user_id) REFERENCES public.users(id) ON DELETE CASCADE;


--
-- Name: post_comments post_comments_post_id_foreign; Type: FK CONSTRAINT; Schema: public; Owner: postgres
--

ALTER TABLE ONLY public.post_comments
    ADD CONSTRAINT post_comments_post_id_foreign FOREIGN KEY (post_id) REFERENCES public.posts(id) ON DELETE CASCADE;


--
-- Name: post_comments post_comments_user_id_foreign; Type: FK CONSTRAINT; Schema: public; Owner: postgres
--

ALTER TABLE ONLY public.post_comments
    ADD CONSTRAINT post_comments_user_id_foreign FOREIGN KEY (user_id) REFERENCES public.users(id) ON DELETE CASCADE;


--
-- Name: post_reports post_reports_post_id_foreign; Type: FK CONSTRAINT; Schema: public; Owner: postgres
--

ALTER TABLE ONLY public.post_reports
    ADD CONSTRAINT post_reports_post_id_foreign FOREIGN KEY (post_id) REFERENCES public.posts(id) ON DELETE CASCADE;


--
-- Name: post_reports post_reports_user_id_foreign; Type: FK CONSTRAINT; Schema: public; Owner: postgres
--

ALTER TABLE ONLY public.post_reports
    ADD CONSTRAINT post_reports_user_id_foreign FOREIGN KEY (user_id) REFERENCES public.users(id) ON DELETE CASCADE;


--
-- Name: post_saves post_saves_post_id_foreign; Type: FK CONSTRAINT; Schema: public; Owner: postgres
--

ALTER TABLE ONLY public.post_saves
    ADD CONSTRAINT post_saves_post_id_foreign FOREIGN KEY (post_id) REFERENCES public.posts(id) ON DELETE CASCADE;


--
-- Name: post_saves post_saves_user_id_foreign; Type: FK CONSTRAINT; Schema: public; Owner: postgres
--

ALTER TABLE ONLY public.post_saves
    ADD CONSTRAINT post_saves_user_id_foreign FOREIGN KEY (user_id) REFERENCES public.users(id) ON DELETE CASCADE;


--
-- Name: post_users post_users_post_id_foreign; Type: FK CONSTRAINT; Schema: public; Owner: postgres
--

ALTER TABLE ONLY public.post_users
    ADD CONSTRAINT post_users_post_id_foreign FOREIGN KEY (post_id) REFERENCES public.posts(id) ON DELETE CASCADE;


--
-- Name: post_users post_users_user_id_foreign; Type: FK CONSTRAINT; Schema: public; Owner: postgres
--

ALTER TABLE ONLY public.post_users
    ADD CONSTRAINT post_users_user_id_foreign FOREIGN KEY (user_id) REFERENCES public.users(id) ON DELETE CASCADE;


--
-- Name: product_docs product_docs_product_id_foreign; Type: FK CONSTRAINT; Schema: public; Owner: postgres
--

ALTER TABLE ONLY public.product_docs
    ADD CONSTRAINT product_docs_product_id_foreign FOREIGN KEY (product_id) REFERENCES public.product(id) ON DELETE CASCADE;


--
-- Name: product_images product_images_product_id_foreign; Type: FK CONSTRAINT; Schema: public; Owner: postgres
--

ALTER TABLE ONLY public.product_images
    ADD CONSTRAINT product_images_product_id_foreign FOREIGN KEY (product_id) REFERENCES public.products(id) ON DELETE CASCADE;


--
-- Name: product_selected_attributes product_selected_attributes_product_id_foreign; Type: FK CONSTRAINT; Schema: public; Owner: postgres
--

ALTER TABLE ONLY public.product_selected_attributes
    ADD CONSTRAINT product_selected_attributes_product_id_foreign FOREIGN KEY (product_id) REFERENCES public.product(id) ON DELETE CASCADE;


--
-- Name: product_specifications product_specifications_product_id_foreign; Type: FK CONSTRAINT; Schema: public; Owner: postgres
--

ALTER TABLE ONLY public.product_specifications
    ADD CONSTRAINT product_specifications_product_id_foreign FOREIGN KEY (product_id) REFERENCES public.product(id) ON DELETE CASCADE;


--
-- Name: product_variations product_variations_product_id_foreign; Type: FK CONSTRAINT; Schema: public; Owner: postgres
--

ALTER TABLE ONLY public.product_variations
    ADD CONSTRAINT product_variations_product_id_foreign FOREIGN KEY (product_id) REFERENCES public.product(id) ON DELETE CASCADE;


--
-- Name: store_managers_types store_managers_types_vendor_id_foreign; Type: FK CONSTRAINT; Schema: public; Owner: postgres
--

ALTER TABLE ONLY public.store_managers_types
    ADD CONSTRAINT store_managers_types_vendor_id_foreign FOREIGN KEY (vendor_id) REFERENCES public.users(id) ON DELETE CASCADE;


--
-- Name: stories stories_user_id_foreign; Type: FK CONSTRAINT; Schema: public; Owner: postgres
--

ALTER TABLE ONLY public.stories
    ADD CONSTRAINT stories_user_id_foreign FOREIGN KEY (user_id) REFERENCES public.users(id) ON DELETE CASCADE;


--
-- Name: story_likes story_likes_story_id_foreign; Type: FK CONSTRAINT; Schema: public; Owner: postgres
--

ALTER TABLE ONLY public.story_likes
    ADD CONSTRAINT story_likes_story_id_foreign FOREIGN KEY (story_id) REFERENCES public.stories(id) ON DELETE CASCADE;


--
-- Name: story_likes story_likes_user_id_foreign; Type: FK CONSTRAINT; Schema: public; Owner: postgres
--

ALTER TABLE ONLY public.story_likes
    ADD CONSTRAINT story_likes_user_id_foreign FOREIGN KEY (user_id) REFERENCES public.users(id) ON DELETE CASCADE;


--
-- Name: story_mentions story_mentions_story_id_foreign; Type: FK CONSTRAINT; Schema: public; Owner: postgres
--

ALTER TABLE ONLY public.story_mentions
    ADD CONSTRAINT story_mentions_story_id_foreign FOREIGN KEY (story_id) REFERENCES public.stories(id) ON DELETE CASCADE;


--
-- Name: story_mentions story_mentions_user_id_foreign; Type: FK CONSTRAINT; Schema: public; Owner: postgres
--

ALTER TABLE ONLY public.story_mentions
    ADD CONSTRAINT story_mentions_user_id_foreign FOREIGN KEY (user_id) REFERENCES public.users(id) ON DELETE CASCADE;


--
-- Name: story_reports story_reports_story_id_foreign; Type: FK CONSTRAINT; Schema: public; Owner: postgres
--

ALTER TABLE ONLY public.story_reports
    ADD CONSTRAINT story_reports_story_id_foreign FOREIGN KEY (story_id) REFERENCES public.stories(id) ON DELETE CASCADE;


--
-- Name: story_reports story_reports_user_id_foreign; Type: FK CONSTRAINT; Schema: public; Owner: postgres
--

ALTER TABLE ONLY public.story_reports
    ADD CONSTRAINT story_reports_user_id_foreign FOREIGN KEY (user_id) REFERENCES public.users(id) ON DELETE CASCADE;


--
-- Name: story_views story_views_id_foreign; Type: FK CONSTRAINT; Schema: public; Owner: postgres
--

ALTER TABLE ONLY public.story_views
    ADD CONSTRAINT story_views_id_foreign FOREIGN KEY (id) REFERENCES public.stories(id) ON DELETE CASCADE;


--
-- Name: story_views story_views_user_id_foreign; Type: FK CONSTRAINT; Schema: public; Owner: postgres
--

ALTER TABLE ONLY public.story_views
    ADD CONSTRAINT story_views_user_id_foreign FOREIGN KEY (user_id) REFERENCES public.users(id) ON DELETE CASCADE;


--
-- Name: temp_order_products temp_order_products_product_id_foreign; Type: FK CONSTRAINT; Schema: public; Owner: postgres
--

ALTER TABLE ONLY public.temp_order_products
    ADD CONSTRAINT temp_order_products_product_id_foreign FOREIGN KEY (product_id) REFERENCES public.product(id) ON DELETE CASCADE;


--
-- Name: temp_orders temp_orders_user_id_foreign; Type: FK CONSTRAINT; Schema: public; Owner: postgres
--

ALTER TABLE ONLY public.temp_orders
    ADD CONSTRAINT temp_orders_user_id_foreign FOREIGN KEY (user_id) REFERENCES public.users(id) ON DELETE CASCADE;


--
-- Name: user_address user_address_user_id_foreign; Type: FK CONSTRAINT; Schema: public; Owner: postgres
--

ALTER TABLE ONLY public.user_address
    ADD CONSTRAINT user_address_user_id_foreign FOREIGN KEY (user_id) REFERENCES public.users(id) ON DELETE CASCADE;


--
-- Name: user_favorites user_favorites_fav_user_id_foreign; Type: FK CONSTRAINT; Schema: public; Owner: postgres
--

ALTER TABLE ONLY public.user_favorites
    ADD CONSTRAINT user_favorites_fav_user_id_foreign FOREIGN KEY (fav_user_id) REFERENCES public.users(id) ON DELETE CASCADE;


--
-- Name: user_favorites user_favorites_user_id_foreign; Type: FK CONSTRAINT; Schema: public; Owner: postgres
--

ALTER TABLE ONLY public.user_favorites
    ADD CONSTRAINT user_favorites_user_id_foreign FOREIGN KEY (user_id) REFERENCES public.users(id) ON DELETE CASCADE;


--
-- Name: user_follows user_follows_follow_user_id_foreign; Type: FK CONSTRAINT; Schema: public; Owner: postgres
--

ALTER TABLE ONLY public.user_follows
    ADD CONSTRAINT user_follows_follow_user_id_foreign FOREIGN KEY (follow_user_id) REFERENCES public.users(id) ON DELETE CASCADE;


--
-- Name: user_follows user_follows_user_id_foreign; Type: FK CONSTRAINT; Schema: public; Owner: postgres
--

ALTER TABLE ONLY public.user_follows
    ADD CONSTRAINT user_follows_user_id_foreign FOREIGN KEY (user_id) REFERENCES public.users(id) ON DELETE CASCADE;


--
-- Name: user_locations user_locations_user_id_foreign; Type: FK CONSTRAINT; Schema: public; Owner: postgres
--

ALTER TABLE ONLY public.user_locations
    ADD CONSTRAINT user_locations_user_id_foreign FOREIGN KEY (user_id) REFERENCES public.users(id) ON DELETE CASCADE;


--
-- Name: user_reports user_reports_reported_user_id_foreign; Type: FK CONSTRAINT; Schema: public; Owner: postgres
--

ALTER TABLE ONLY public.user_reports
    ADD CONSTRAINT user_reports_reported_user_id_foreign FOREIGN KEY (reported_user_id) REFERENCES public.users(id) ON DELETE CASCADE;


--
-- Name: user_reports user_reports_user_id_foreign; Type: FK CONSTRAINT; Schema: public; Owner: postgres
--

ALTER TABLE ONLY public.user_reports
    ADD CONSTRAINT user_reports_user_id_foreign FOREIGN KEY (user_id) REFERENCES public.users(id) ON DELETE CASCADE;


--
-- Name: vendor_details vendor_details_industry_type_foreign; Type: FK CONSTRAINT; Schema: public; Owner: postgres
--

ALTER TABLE ONLY public.vendor_details
    ADD CONSTRAINT vendor_details_industry_type_foreign FOREIGN KEY (industry_type) REFERENCES public.industry_types(id);


--
-- Name: vendor_details vendor_details_user_id_foreign; Type: FK CONSTRAINT; Schema: public; Owner: postgres
--

ALTER TABLE ONLY public.vendor_details
    ADD CONSTRAINT vendor_details_user_id_foreign FOREIGN KEY (user_id) REFERENCES public.users(id) ON DELETE CASCADE;


--
-- Name: wallet_histories wallet_histories_user_id_foreign; Type: FK CONSTRAINT; Schema: public; Owner: postgres
--

ALTER TABLE ONLY public.wallet_histories
    ADD CONSTRAINT wallet_histories_user_id_foreign FOREIGN KEY (user_id) REFERENCES public.users(id) ON DELETE CASCADE;


--
-- Name: SCHEMA public; Type: ACL; Schema: -; Owner: postgres
--

REVOKE USAGE ON SCHEMA public FROM PUBLIC;
GRANT ALL ON SCHEMA public TO PUBLIC;


--
-- PostgreSQL database dump complete
--

